agency_id,expense_group,month,budget
01000,AGRI_ANIMAL,2025-07,62610.0
01000,AGRI_ANIMAL,2025-08,62610.0
01000,AGRI_ANIMAL,2025-09,62610.0
01000,AGRI_ANIMAL,2025-10,62610.0
01000,AGRI_ANIMAL,2025-11,62610.0
01000,AGRI_ANIMAL,2025-12,62610.0
01000,AGRI_ANIMAL,2026-01,62610.0
01000,AGRI_ANIMAL,2026-02,62610.0
01000,AGRI_ANIMAL,2026-03,62610.0
01000,AGRI_ANIMAL,2026-04,62610.0
01000,AGRI_ANIMAL,2026-05,62610.0
01000,AGRI_ANIMAL,2026-06,62610.0
01000,AGRI_ANIMAL,2026-07,62610.0
01000,AGRI_ANIMAL,2026-08,62610.0
01000,AIR_TRAVEL,2025-07,375910.0
01000,AIR_TRAVEL,2025-08,375910.0
01000,AIR_TRAVEL,2025-09,375910.0
01000,AIR_TRAVEL,2025-10,375910.0
01000,AIR_TRAVEL,2025-11,375910.0
01000,AIR_TRAVEL,2025-12,375910.0
01000,AIR_TRAVEL,2026-01,375910.0
01000,AIR_TRAVEL,2026-02,375910.0
01000,AIR_TRAVEL,2026-03,375910.0
01000,AIR_TRAVEL,2026-04,375910.0
01000,AIR_TRAVEL,2026-05,375910.0
01000,AIR_TRAVEL,2026-06,375910.0
01000,AIR_TRAVEL,2026-07,375910.0
01000,AIR_TRAVEL,2026-08,375910.0
01000,APPAREL_SPORTS,2025-07,53660.0
01000,APPAREL_SPORTS,2025-08,53660.0
01000,APPAREL_SPORTS,2025-09,53660.0
01000,APPAREL_SPORTS,2025-10,53660.0
01000,APPAREL_SPORTS,2025-11,53660.0
01000,APPAREL_SPORTS,2025-12,53660.0
01000,APPAREL_SPORTS,2026-01,53660.0
01000,APPAREL_SPORTS,2026-02,53660.0
01000,APPAREL_SPORTS,2026-03,53660.0
01000,APPAREL_SPORTS,2026-04,53660.0
01000,APPAREL_SPORTS,2026-05,53660.0
01000,APPAREL_SPORTS,2026-06,53660.0
01000,APPAREL_SPORTS,2026-07,53660.0
01000,APPAREL_SPORTS,2026-08,53660.0
01000,FACILITIES_MRO,2025-07,450720.0
01000,FACILITIES_MRO,2025-08,450720.0
01000,FACILITIES_MRO,2025-09,450720.0
01000,FACILITIES_MRO,2025-10,450720.0
01000,FACILITIES_MRO,2025-11,450720.0
01000,FACILITIES_MRO,2025-12,450720.0
01000,FACILITIES_MRO,2026-01,450720.0
01000,FACILITIES_MRO,2026-02,450720.0
01000,FACILITIES_MRO,2026-03,450720.0
01000,FACILITIES_MRO,2026-04,450720.0
01000,FACILITIES_MRO,2026-05,450720.0
01000,FACILITIES_MRO,2026-06,450720.0
01000,FACILITIES_MRO,2026-07,450720.0
01000,FACILITIES_MRO,2026-08,450720.0
01000,FEES_EDU_EVENTS,2025-07,330800.0
01000,FEES_EDU_EVENTS,2025-08,330800.0
01000,FEES_EDU_EVENTS,2025-09,330800.0
01000,FEES_EDU_EVENTS,2025-10,330800.0
01000,FEES_EDU_EVENTS,2025-11,330800.0
01000,FEES_EDU_EVENTS,2025-12,330800.0
01000,FEES_EDU_EVENTS,2026-01,330800.0
01000,FEES_EDU_EVENTS,2026-02,330800.0
01000,FEES_EDU_EVENTS,2026-03,330800.0
01000,FEES_EDU_EVENTS,2026-04,330800.0
01000,FEES_EDU_EVENTS,2026-05,330800.0
01000,FEES_EDU_EVENTS,2026-06,330800.0
01000,FEES_EDU_EVENTS,2026-07,330800.0
01000,FEES_EDU_EVENTS,2026-08,330800.0
01000,FOOD,2025-07,213240.0
01000,FOOD,2025-08,213240.0
01000,FOOD,2025-09,213240.0
01000,FOOD,2025-10,213240.0
01000,FOOD,2025-11,213240.0
01000,FOOD,2025-12,213240.0
01000,FOOD,2026-01,213240.0
01000,FOOD,2026-02,213240.0
01000,FOOD,2026-03,213240.0
01000,FOOD,2026-04,213240.0
01000,FOOD,2026-05,213240.0
01000,FOOD,2026-06,213240.0
01000,FOOD,2026-07,213240.0
01000,FOOD,2026-08,213240.0
01000,GROUND_TRANSPORT,2025-07,30650.0
01000,GROUND_TRANSPORT,2025-08,30650.0
01000,GROUND_TRANSPORT,2025-09,30650.0
01000,GROUND_TRANSPORT,2025-10,30650.0
01000,GROUND_TRANSPORT,2025-11,30650.0
01000,GROUND_TRANSPORT,2025-12,30650.0
01000,GROUND_TRANSPORT,2026-01,30650.0
01000,GROUND_TRANSPORT,2026-02,30650.0
01000,GROUND_TRANSPORT,2026-03,30650.0
01000,GROUND_TRANSPORT,2026-04,30650.0
01000,GROUND_TRANSPORT,2026-05,30650.0
01000,GROUND_TRANSPORT,2026-06,30650.0
01000,GROUND_TRANSPORT,2026-07,30650.0
01000,GROUND_TRANSPORT,2026-08,30650.0
01000,IT_TELECOM,2025-07,188220.0
01000,IT_TELECOM,2025-08,188220.0
01000,IT_TELECOM,2025-09,188220.0
01000,IT_TELECOM,2025-10,188220.0
01000,IT_TELECOM,2025-11,188220.0
01000,IT_TELECOM,2025-12,188220.0
01000,IT_TELECOM,2026-01,188220.0
01000,IT_TELECOM,2026-02,188220.0
01000,IT_TELECOM,2026-03,188220.0
01000,IT_TELECOM,2026-04,188220.0
01000,IT_TELECOM,2026-05,188220.0
01000,IT_TELECOM,2026-06,188220.0
01000,IT_TELECOM,2026-07,188220.0
01000,IT_TELECOM,2026-08,188220.0
01000,LODGING,2025-07,255610.0
01000,LODGING,2025-08,255610.0
01000,LODGING,2025-09,255610.0
01000,LODGING,2025-10,255610.0
01000,LODGING,2025-11,255610.0
01000,LODGING,2025-12,255610.0
01000,LODGING,2026-01,255610.0
01000,LODGING,2026-02,255610.0
01000,LODGING,2026-03,255610.0
01000,LODGING,2026-04,255610.0
01000,LODGING,2026-05,255610.0
01000,LODGING,2026-06,255610.0
01000,LODGING,2026-07,255610.0
01000,LODGING,2026-08,255610.0
01000,MEDICAL_LAB,2025-07,169690.0
01000,MEDICAL_LAB,2025-08,169690.0
01000,MEDICAL_LAB,2025-09,169690.0
01000,MEDICAL_LAB,2025-10,169690.0
01000,MEDICAL_LAB,2025-11,169690.0
01000,MEDICAL_LAB,2025-12,169690.0
01000,MEDICAL_LAB,2026-01,169690.0
01000,MEDICAL_LAB,2026-02,169690.0
01000,MEDICAL_LAB,2026-03,169690.0
01000,MEDICAL_LAB,2026-04,169690.0
01000,MEDICAL_LAB,2026-05,169690.0
01000,MEDICAL_LAB,2026-06,169690.0
01000,MEDICAL_LAB,2026-07,169690.0
01000,MEDICAL_LAB,2026-08,169690.0
01000,OFFICE_PRINT,2025-07,109560.0
01000,OFFICE_PRINT,2025-08,109560.0
01000,OFFICE_PRINT,2025-09,109560.0
01000,OFFICE_PRINT,2025-10,109560.0
01000,OFFICE_PRINT,2025-11,109560.0
01000,OFFICE_PRINT,2025-12,109560.0
01000,OFFICE_PRINT,2026-01,109560.0
01000,OFFICE_PRINT,2026-02,109560.0
01000,OFFICE_PRINT,2026-03,109560.0
01000,OFFICE_PRINT,2026-04,109560.0
01000,OFFICE_PRINT,2026-05,109560.0
01000,OFFICE_PRINT,2026-06,109560.0
01000,OFFICE_PRINT,2026-07,109560.0
01000,OFFICE_PRINT,2026-08,109560.0
01000,OTHER,2025-07,19370.0
01000,OTHER,2025-08,19370.0
01000,OTHER,2025-09,19370.0
01000,OTHER,2025-10,19370.0
01000,OTHER,2025-11,19370.0
01000,OTHER,2025-12,19370.0
01000,OTHER,2026-01,19370.0
01000,OTHER,2026-02,19370.0
01000,OTHER,2026-03,19370.0
01000,OTHER,2026-04,19370.0
01000,OTHER,2026-05,19370.0
01000,OTHER,2026-06,19370.0
01000,OTHER,2026-07,19370.0
01000,OTHER,2026-08,19370.0
01000,PROF_SERVICES,2025-07,257670.0
01000,PROF_SERVICES,2025-08,257670.0
01000,PROF_SERVICES,2025-09,257670.0
01000,PROF_SERVICES,2025-10,257670.0
01000,PROF_SERVICES,2025-11,257670.0
01000,PROF_SERVICES,2025-12,257670.0
01000,PROF_SERVICES,2026-01,257670.0
01000,PROF_SERVICES,2026-02,257670.0
01000,PROF_SERVICES,2026-03,257670.0
01000,PROF_SERVICES,2026-04,257670.0
01000,PROF_SERVICES,2026-05,257670.0
01000,PROF_SERVICES,2026-06,257670.0
01000,PROF_SERVICES,2026-07,257670.0
01000,PROF_SERVICES,2026-08,257670.0
01000,RETAIL_GENERAL,2025-07,437770.0
01000,RETAIL_GENERAL,2025-08,437770.0
01000,RETAIL_GENERAL,2025-09,437770.0
01000,RETAIL_GENERAL,2025-10,437770.0
01000,RETAIL_GENERAL,2025-11,437770.0
01000,RETAIL_GENERAL,2025-12,437770.0
01000,RETAIL_GENERAL,2026-01,437770.0
01000,RETAIL_GENERAL,2026-02,437770.0
01000,RETAIL_GENERAL,2026-03,437770.0
01000,RETAIL_GENERAL,2026-04,437770.0
01000,RETAIL_GENERAL,2026-05,437770.0
01000,RETAIL_GENERAL,2026-06,437770.0
01000,RETAIL_GENERAL,2026-07,437770.0
01000,RETAIL_GENERAL,2026-08,437770.0
01000,UTILITIES,2025-07,28220.0
01000,UTILITIES,2025-08,28220.0
01000,UTILITIES,2025-09,28220.0
01000,UTILITIES,2025-10,28220.0
01000,UTILITIES,2025-11,28220.0
01000,UTILITIES,2025-12,28220.0
01000,UTILITIES,2026-01,28220.0
01000,UTILITIES,2026-02,28220.0
01000,UTILITIES,2026-03,28220.0
01000,UTILITIES,2026-04,28220.0
01000,UTILITIES,2026-05,28220.0
01000,UTILITIES,2026-06,28220.0
01000,UTILITIES,2026-07,28220.0
01000,UTILITIES,2026-08,28220.0
01000,VEHICLE_FUEL,2025-07,85150.0
01000,VEHICLE_FUEL,2025-08,85150.0
01000,VEHICLE_FUEL,2025-09,85150.0
01000,VEHICLE_FUEL,2025-10,85150.0
01000,VEHICLE_FUEL,2025-11,85150.0
01000,VEHICLE_FUEL,2025-12,85150.0
01000,VEHICLE_FUEL,2026-01,85150.0
01000,VEHICLE_FUEL,2026-02,85150.0
01000,VEHICLE_FUEL,2026-03,85150.0
01000,VEHICLE_FUEL,2026-04,85150.0
01000,VEHICLE_FUEL,2026-05,85150.0
01000,VEHICLE_FUEL,2026-06,85150.0
01000,VEHICLE_FUEL,2026-07,85150.0
01000,VEHICLE_FUEL,2026-08,85150.0
02000,FEES_EDU_EVENTS,2025-07,1940.0
02000,FEES_EDU_EVENTS,2025-08,1940.0
02000,FEES_EDU_EVENTS,2025-09,1940.0
02000,FEES_EDU_EVENTS,2025-10,1940.0
02000,FEES_EDU_EVENTS,2025-11,1940.0
02000,FEES_EDU_EVENTS,2025-12,1940.0
02000,FEES_EDU_EVENTS,2026-01,1940.0
02000,FEES_EDU_EVENTS,2026-02,1940.0
02000,FEES_EDU_EVENTS,2026-03,1940.0
02000,FEES_EDU_EVENTS,2026-04,1940.0
02000,FEES_EDU_EVENTS,2026-05,1940.0
02000,FEES_EDU_EVENTS,2026-06,1940.0
02000,FEES_EDU_EVENTS,2026-07,1940.0
02000,FEES_EDU_EVENTS,2026-08,1940.0
02000,IT_TELECOM,2025-07,1850.0
02000,IT_TELECOM,2025-08,1850.0
02000,IT_TELECOM,2025-09,1850.0
02000,IT_TELECOM,2025-10,1850.0
02000,IT_TELECOM,2025-11,1850.0
02000,IT_TELECOM,2025-12,1850.0
02000,IT_TELECOM,2026-01,1850.0
02000,IT_TELECOM,2026-02,1850.0
02000,IT_TELECOM,2026-03,1850.0
02000,IT_TELECOM,2026-04,1850.0
02000,IT_TELECOM,2026-05,1850.0
02000,IT_TELECOM,2026-06,1850.0
02000,IT_TELECOM,2026-07,1850.0
02000,IT_TELECOM,2026-08,1850.0
02000,OFFICE_PRINT,2025-07,100.0
02000,OFFICE_PRINT,2025-08,100.0
02000,OFFICE_PRINT,2025-09,100.0
02000,OFFICE_PRINT,2025-10,100.0
02000,OFFICE_PRINT,2025-11,100.0
02000,OFFICE_PRINT,2025-12,100.0
02000,OFFICE_PRINT,2026-01,100.0
02000,OFFICE_PRINT,2026-02,100.0
02000,OFFICE_PRINT,2026-03,100.0
02000,OFFICE_PRINT,2026-04,100.0
02000,OFFICE_PRINT,2026-05,100.0
02000,OFFICE_PRINT,2026-06,100.0
02000,OFFICE_PRINT,2026-07,100.0
02000,OFFICE_PRINT,2026-08,100.0
02000,PROF_SERVICES,2025-07,630.0
02000,PROF_SERVICES,2025-08,630.0
02000,PROF_SERVICES,2025-09,630.0
02000,PROF_SERVICES,2025-10,630.0
02000,PROF_SERVICES,2025-11,630.0
02000,PROF_SERVICES,2025-12,630.0
02000,PROF_SERVICES,2026-01,630.0
02000,PROF_SERVICES,2026-02,630.0
02000,PROF_SERVICES,2026-03,630.0
02000,PROF_SERVICES,2026-04,630.0
02000,PROF_SERVICES,2026-05,630.0
02000,PROF_SERVICES,2026-06,630.0
02000,PROF_SERVICES,2026-07,630.0
02000,PROF_SERVICES,2026-08,630.0
02000,RETAIL_GENERAL,2025-07,330.0
02000,RETAIL_GENERAL,2025-08,330.0
02000,RETAIL_GENERAL,2025-09,330.0
02000,RETAIL_GENERAL,2025-10,330.0
02000,RETAIL_GENERAL,2025-11,330.0
02000,RETAIL_GENERAL,2025-12,330.0
02000,RETAIL_GENERAL,2026-01,330.0
02000,RETAIL_GENERAL,2026-02,330.0
02000,RETAIL_GENERAL,2026-03,330.0
02000,RETAIL_GENERAL,2026-04,330.0
02000,RETAIL_GENERAL,2026-05,330.0
02000,RETAIL_GENERAL,2026-06,330.0
02000,RETAIL_GENERAL,2026-07,330.0
02000,RETAIL_GENERAL,2026-08,330.0
02200,IT_TELECOM,2025-07,110.0
02200,IT_TELECOM,2025-08,110.0
02200,IT_TELECOM,2025-09,110.0
02200,IT_TELECOM,2025-10,110.0
02200,IT_TELECOM,2025-11,110.0
02200,IT_TELECOM,2025-12,110.0
02200,IT_TELECOM,2026-01,110.0
02200,IT_TELECOM,2026-02,110.0
02200,IT_TELECOM,2026-03,110.0
02200,IT_TELECOM,2026-04,110.0
02200,IT_TELECOM,2026-05,110.0
02200,IT_TELECOM,2026-06,110.0
02200,IT_TELECOM,2026-07,110.0
02200,IT_TELECOM,2026-08,110.0
02500,AGRI_ANIMAL,2025-07,1590.0
02500,AGRI_ANIMAL,2025-08,1590.0
02500,AGRI_ANIMAL,2025-09,1590.0
02500,AGRI_ANIMAL,2025-10,1590.0
02500,AGRI_ANIMAL,2025-11,1590.0
02500,AGRI_ANIMAL,2025-12,1590.0
02500,AGRI_ANIMAL,2026-01,1590.0
02500,AGRI_ANIMAL,2026-02,1590.0
02500,AGRI_ANIMAL,2026-03,1590.0
02500,AGRI_ANIMAL,2026-04,1590.0
02500,AGRI_ANIMAL,2026-05,1590.0
02500,AGRI_ANIMAL,2026-06,1590.0
02500,AGRI_ANIMAL,2026-07,1590.0
02500,AGRI_ANIMAL,2026-08,1590.0
02500,AIR_TRAVEL,2025-07,2580.0
02500,AIR_TRAVEL,2025-08,2580.0
02500,AIR_TRAVEL,2025-09,2580.0
02500,AIR_TRAVEL,2025-10,2580.0
02500,AIR_TRAVEL,2025-11,2580.0
02500,AIR_TRAVEL,2025-12,2580.0
02500,AIR_TRAVEL,2026-01,2580.0
02500,AIR_TRAVEL,2026-02,2580.0
02500,AIR_TRAVEL,2026-03,2580.0
02500,AIR_TRAVEL,2026-04,2580.0
02500,AIR_TRAVEL,2026-05,2580.0
02500,AIR_TRAVEL,2026-06,2580.0
02500,AIR_TRAVEL,2026-07,2580.0
02500,AIR_TRAVEL,2026-08,2580.0
02500,APPAREL_SPORTS,2025-07,4570.0
02500,APPAREL_SPORTS,2025-08,4570.0
02500,APPAREL_SPORTS,2025-09,4570.0
02500,APPAREL_SPORTS,2025-10,4570.0
02500,APPAREL_SPORTS,2025-11,4570.0
02500,APPAREL_SPORTS,2025-12,4570.0
02500,APPAREL_SPORTS,2026-01,4570.0
02500,APPAREL_SPORTS,2026-02,4570.0
02500,APPAREL_SPORTS,2026-03,4570.0
02500,APPAREL_SPORTS,2026-04,4570.0
02500,APPAREL_SPORTS,2026-05,4570.0
02500,APPAREL_SPORTS,2026-06,4570.0
02500,APPAREL_SPORTS,2026-07,4570.0
02500,APPAREL_SPORTS,2026-08,4570.0
02500,FACILITIES_MRO,2025-07,86470.0
02500,FACILITIES_MRO,2025-08,86470.0
02500,FACILITIES_MRO,2025-09,86470.0
02500,FACILITIES_MRO,2025-10,86470.0
02500,FACILITIES_MRO,2025-11,86470.0
02500,FACILITIES_MRO,2025-12,86470.0
02500,FACILITIES_MRO,2026-01,86470.0
02500,FACILITIES_MRO,2026-02,86470.0
02500,FACILITIES_MRO,2026-03,86470.0
02500,FACILITIES_MRO,2026-04,86470.0
02500,FACILITIES_MRO,2026-05,86470.0
02500,FACILITIES_MRO,2026-06,86470.0
02500,FACILITIES_MRO,2026-07,86470.0
02500,FACILITIES_MRO,2026-08,86470.0
02500,FEES_EDU_EVENTS,2025-07,23170.0
02500,FEES_EDU_EVENTS,2025-08,23170.0
02500,FEES_EDU_EVENTS,2025-09,23170.0
02500,FEES_EDU_EVENTS,2025-10,23170.0
02500,FEES_EDU_EVENTS,2025-11,23170.0
02500,FEES_EDU_EVENTS,2025-12,23170.0
02500,FEES_EDU_EVENTS,2026-01,23170.0
02500,FEES_EDU_EVENTS,2026-02,23170.0
02500,FEES_EDU_EVENTS,2026-03,23170.0
02500,FEES_EDU_EVENTS,2026-04,23170.0
02500,FEES_EDU_EVENTS,2026-05,23170.0
02500,FEES_EDU_EVENTS,2026-06,23170.0
02500,FEES_EDU_EVENTS,2026-07,23170.0
02500,FEES_EDU_EVENTS,2026-08,23170.0
02500,GROUND_TRANSPORT,2025-07,1630.0
02500,GROUND_TRANSPORT,2025-08,1630.0
02500,GROUND_TRANSPORT,2025-09,1630.0
02500,GROUND_TRANSPORT,2025-10,1630.0
02500,GROUND_TRANSPORT,2025-11,1630.0
02500,GROUND_TRANSPORT,2025-12,1630.0
02500,GROUND_TRANSPORT,2026-01,1630.0
02500,GROUND_TRANSPORT,2026-02,1630.0
02500,GROUND_TRANSPORT,2026-03,1630.0
02500,GROUND_TRANSPORT,2026-04,1630.0
02500,GROUND_TRANSPORT,2026-05,1630.0
02500,GROUND_TRANSPORT,2026-06,1630.0
02500,GROUND_TRANSPORT,2026-07,1630.0
02500,GROUND_TRANSPORT,2026-08,1630.0
02500,IT_TELECOM,2025-07,15400.0
02500,IT_TELECOM,2025-08,15400.0
02500,IT_TELECOM,2025-09,15400.0
02500,IT_TELECOM,2025-10,15400.0
02500,IT_TELECOM,2025-11,15400.0
02500,IT_TELECOM,2025-12,15400.0
02500,IT_TELECOM,2026-01,15400.0
02500,IT_TELECOM,2026-02,15400.0
02500,IT_TELECOM,2026-03,15400.0
02500,IT_TELECOM,2026-04,15400.0
02500,IT_TELECOM,2026-05,15400.0
02500,IT_TELECOM,2026-06,15400.0
02500,IT_TELECOM,2026-07,15400.0
02500,IT_TELECOM,2026-08,15400.0
02500,LODGING,2025-07,3280.0
02500,LODGING,2025-08,3280.0
02500,LODGING,2025-09,3280.0
02500,LODGING,2025-10,3280.0
02500,LODGING,2025-11,3280.0
02500,LODGING,2025-12,3280.0
02500,LODGING,2026-01,3280.0
02500,LODGING,2026-02,3280.0
02500,LODGING,2026-03,3280.0
02500,LODGING,2026-04,3280.0
02500,LODGING,2026-05,3280.0
02500,LODGING,2026-06,3280.0
02500,LODGING,2026-07,3280.0
02500,LODGING,2026-08,3280.0
02500,MEDICAL_LAB,2025-07,7430.0
02500,MEDICAL_LAB,2025-08,7430.0
02500,MEDICAL_LAB,2025-09,7430.0
02500,MEDICAL_LAB,2025-10,7430.0
02500,MEDICAL_LAB,2025-11,7430.0
02500,MEDICAL_LAB,2025-12,7430.0
02500,MEDICAL_LAB,2026-01,7430.0
02500,MEDICAL_LAB,2026-02,7430.0
02500,MEDICAL_LAB,2026-03,7430.0
02500,MEDICAL_LAB,2026-04,7430.0
02500,MEDICAL_LAB,2026-05,7430.0
02500,MEDICAL_LAB,2026-06,7430.0
02500,MEDICAL_LAB,2026-07,7430.0
02500,MEDICAL_LAB,2026-08,7430.0
02500,OFFICE_PRINT,2025-07,9590.0
02500,OFFICE_PRINT,2025-08,9590.0
02500,OFFICE_PRINT,2025-09,9590.0
02500,OFFICE_PRINT,2025-10,9590.0
02500,OFFICE_PRINT,2025-11,9590.0
02500,OFFICE_PRINT,2025-12,9590.0
02500,OFFICE_PRINT,2026-01,9590.0
02500,OFFICE_PRINT,2026-02,9590.0
02500,OFFICE_PRINT,2026-03,9590.0
02500,OFFICE_PRINT,2026-04,9590.0
02500,OFFICE_PRINT,2026-05,9590.0
02500,OFFICE_PRINT,2026-06,9590.0
02500,OFFICE_PRINT,2026-07,9590.0
02500,OFFICE_PRINT,2026-08,9590.0
02500,PROF_SERVICES,2025-07,15380.0
02500,PROF_SERVICES,2025-08,15380.0
02500,PROF_SERVICES,2025-09,15380.0
02500,PROF_SERVICES,2025-10,15380.0
02500,PROF_SERVICES,2025-11,15380.0
02500,PROF_SERVICES,2025-12,15380.0
02500,PROF_SERVICES,2026-01,15380.0
02500,PROF_SERVICES,2026-02,15380.0
02500,PROF_SERVICES,2026-03,15380.0
02500,PROF_SERVICES,2026-04,15380.0
02500,PROF_SERVICES,2026-05,15380.0
02500,PROF_SERVICES,2026-06,15380.0
02500,PROF_SERVICES,2026-07,15380.0
02500,PROF_SERVICES,2026-08,15380.0
02500,RETAIL_GENERAL,2025-07,97990.0
02500,RETAIL_GENERAL,2025-08,97990.0
02500,RETAIL_GENERAL,2025-09,97990.0
02500,RETAIL_GENERAL,2025-10,97990.0
02500,RETAIL_GENERAL,2025-11,97990.0
02500,RETAIL_GENERAL,2025-12,97990.0
02500,RETAIL_GENERAL,2026-01,97990.0
02500,RETAIL_GENERAL,2026-02,97990.0
02500,RETAIL_GENERAL,2026-03,97990.0
02500,RETAIL_GENERAL,2026-04,97990.0
02500,RETAIL_GENERAL,2026-05,97990.0
02500,RETAIL_GENERAL,2026-06,97990.0
02500,RETAIL_GENERAL,2026-07,97990.0
02500,RETAIL_GENERAL,2026-08,97990.0
02500,UTILITIES,2025-07,7440.0
02500,UTILITIES,2025-08,7440.0
02500,UTILITIES,2025-09,7440.0
02500,UTILITIES,2025-10,7440.0
02500,UTILITIES,2025-11,7440.0
02500,UTILITIES,2025-12,7440.0
02500,UTILITIES,2026-01,7440.0
02500,UTILITIES,2026-02,7440.0
02500,UTILITIES,2026-03,7440.0
02500,UTILITIES,2026-04,7440.0
02500,UTILITIES,2026-05,7440.0
02500,UTILITIES,2026-06,7440.0
02500,UTILITIES,2026-07,7440.0
02500,UTILITIES,2026-08,7440.0
02500,VEHICLE_FUEL,2025-07,20560.0
02500,VEHICLE_FUEL,2025-08,20560.0
02500,VEHICLE_FUEL,2025-09,20560.0
02500,VEHICLE_FUEL,2025-10,20560.0
02500,VEHICLE_FUEL,2025-11,20560.0
02500,VEHICLE_FUEL,2025-12,20560.0
02500,VEHICLE_FUEL,2026-01,20560.0
02500,VEHICLE_FUEL,2026-02,20560.0
02500,VEHICLE_FUEL,2026-03,20560.0
02500,VEHICLE_FUEL,2026-04,20560.0
02500,VEHICLE_FUEL,2026-05,20560.0
02500,VEHICLE_FUEL,2026-06,20560.0
02500,VEHICLE_FUEL,2026-07,20560.0
02500,VEHICLE_FUEL,2026-08,20560.0
03000,FACILITIES_MRO,2025-07,450.0
03000,FACILITIES_MRO,2025-08,450.0
03000,FACILITIES_MRO,2025-09,450.0
03000,FACILITIES_MRO,2025-10,450.0
03000,FACILITIES_MRO,2025-11,450.0
03000,FACILITIES_MRO,2025-12,450.0
03000,FACILITIES_MRO,2026-01,450.0
03000,FACILITIES_MRO,2026-02,450.0
03000,FACILITIES_MRO,2026-03,450.0
03000,FACILITIES_MRO,2026-04,450.0
03000,FACILITIES_MRO,2026-05,450.0
03000,FACILITIES_MRO,2026-06,450.0
03000,FACILITIES_MRO,2026-07,450.0
03000,FACILITIES_MRO,2026-08,450.0
03000,FEES_EDU_EVENTS,2025-07,2700.0
03000,FEES_EDU_EVENTS,2025-08,2700.0
03000,FEES_EDU_EVENTS,2025-09,2700.0
03000,FEES_EDU_EVENTS,2025-10,2700.0
03000,FEES_EDU_EVENTS,2025-11,2700.0
03000,FEES_EDU_EVENTS,2025-12,2700.0
03000,FEES_EDU_EVENTS,2026-01,2700.0
03000,FEES_EDU_EVENTS,2026-02,2700.0
03000,FEES_EDU_EVENTS,2026-03,2700.0
03000,FEES_EDU_EVENTS,2026-04,2700.0
03000,FEES_EDU_EVENTS,2026-05,2700.0
03000,FEES_EDU_EVENTS,2026-06,2700.0
03000,FEES_EDU_EVENTS,2026-07,2700.0
03000,FEES_EDU_EVENTS,2026-08,2700.0
03000,IT_TELECOM,2025-07,3890.0
03000,IT_TELECOM,2025-08,3890.0
03000,IT_TELECOM,2025-09,3890.0
03000,IT_TELECOM,2025-10,3890.0
03000,IT_TELECOM,2025-11,3890.0
03000,IT_TELECOM,2025-12,3890.0
03000,IT_TELECOM,2026-01,3890.0
03000,IT_TELECOM,2026-02,3890.0
03000,IT_TELECOM,2026-03,3890.0
03000,IT_TELECOM,2026-04,3890.0
03000,IT_TELECOM,2026-05,3890.0
03000,IT_TELECOM,2026-06,3890.0
03000,IT_TELECOM,2026-07,3890.0
03000,IT_TELECOM,2026-08,3890.0
03000,LODGING,2025-07,3430.0
03000,LODGING,2025-08,3430.0
03000,LODGING,2025-09,3430.0
03000,LODGING,2025-10,3430.0
03000,LODGING,2025-11,3430.0
03000,LODGING,2025-12,3430.0
03000,LODGING,2026-01,3430.0
03000,LODGING,2026-02,3430.0
03000,LODGING,2026-03,3430.0
03000,LODGING,2026-04,3430.0
03000,LODGING,2026-05,3430.0
03000,LODGING,2026-06,3430.0
03000,LODGING,2026-07,3430.0
03000,LODGING,2026-08,3430.0
03000,OFFICE_PRINT,2025-07,380.0
03000,OFFICE_PRINT,2025-08,380.0
03000,OFFICE_PRINT,2025-09,380.0
03000,OFFICE_PRINT,2025-10,380.0
03000,OFFICE_PRINT,2025-11,380.0
03000,OFFICE_PRINT,2025-12,380.0
03000,OFFICE_PRINT,2026-01,380.0
03000,OFFICE_PRINT,2026-02,380.0
03000,OFFICE_PRINT,2026-03,380.0
03000,OFFICE_PRINT,2026-04,380.0
03000,OFFICE_PRINT,2026-05,380.0
03000,OFFICE_PRINT,2026-06,380.0
03000,OFFICE_PRINT,2026-07,380.0
03000,OFFICE_PRINT,2026-08,380.0
03000,PROF_SERVICES,2025-07,1650.0
03000,PROF_SERVICES,2025-08,1650.0
03000,PROF_SERVICES,2025-09,1650.0
03000,PROF_SERVICES,2025-10,1650.0
03000,PROF_SERVICES,2025-11,1650.0
03000,PROF_SERVICES,2025-12,1650.0
03000,PROF_SERVICES,2026-01,1650.0
03000,PROF_SERVICES,2026-02,1650.0
03000,PROF_SERVICES,2026-03,1650.0
03000,PROF_SERVICES,2026-04,1650.0
03000,PROF_SERVICES,2026-05,1650.0
03000,PROF_SERVICES,2026-06,1650.0
03000,PROF_SERVICES,2026-07,1650.0
03000,PROF_SERVICES,2026-08,1650.0
03000,RETAIL_GENERAL,2025-07,2280.0
03000,RETAIL_GENERAL,2025-08,2280.0
03000,RETAIL_GENERAL,2025-09,2280.0
03000,RETAIL_GENERAL,2025-10,2280.0
03000,RETAIL_GENERAL,2025-11,2280.0
03000,RETAIL_GENERAL,2025-12,2280.0
03000,RETAIL_GENERAL,2026-01,2280.0
03000,RETAIL_GENERAL,2026-02,2280.0
03000,RETAIL_GENERAL,2026-03,2280.0
03000,RETAIL_GENERAL,2026-04,2280.0
03000,RETAIL_GENERAL,2026-05,2280.0
03000,RETAIL_GENERAL,2026-06,2280.0
03000,RETAIL_GENERAL,2026-07,2280.0
03000,RETAIL_GENERAL,2026-08,2280.0
03000,UTILITIES,2025-07,150.0
03000,UTILITIES,2025-08,150.0
03000,UTILITIES,2025-09,150.0
03000,UTILITIES,2025-10,150.0
03000,UTILITIES,2025-11,150.0
03000,UTILITIES,2025-12,150.0
03000,UTILITIES,2026-01,150.0
03000,UTILITIES,2026-02,150.0
03000,UTILITIES,2026-03,150.0
03000,UTILITIES,2026-04,150.0
03000,UTILITIES,2026-05,150.0
03000,UTILITIES,2026-06,150.0
03000,UTILITIES,2026-07,150.0
03000,UTILITIES,2026-08,150.0
03900,FEES_EDU_EVENTS,2025-07,330.0
03900,FEES_EDU_EVENTS,2025-08,330.0
03900,FEES_EDU_EVENTS,2025-09,330.0
03900,FEES_EDU_EVENTS,2025-10,330.0
03900,FEES_EDU_EVENTS,2025-11,330.0
03900,FEES_EDU_EVENTS,2025-12,330.0
03900,FEES_EDU_EVENTS,2026-01,330.0
03900,FEES_EDU_EVENTS,2026-02,330.0
03900,FEES_EDU_EVENTS,2026-03,330.0
03900,FEES_EDU_EVENTS,2026-04,330.0
03900,FEES_EDU_EVENTS,2026-05,330.0
03900,FEES_EDU_EVENTS,2026-06,330.0
03900,FEES_EDU_EVENTS,2026-07,330.0
03900,FEES_EDU_EVENTS,2026-08,330.0
03900,GROUND_TRANSPORT,2025-07,20.0
03900,GROUND_TRANSPORT,2025-08,20.0
03900,GROUND_TRANSPORT,2025-09,20.0
03900,GROUND_TRANSPORT,2025-10,20.0
03900,GROUND_TRANSPORT,2025-11,20.0
03900,GROUND_TRANSPORT,2025-12,20.0
03900,GROUND_TRANSPORT,2026-01,20.0
03900,GROUND_TRANSPORT,2026-02,20.0
03900,GROUND_TRANSPORT,2026-03,20.0
03900,GROUND_TRANSPORT,2026-04,20.0
03900,GROUND_TRANSPORT,2026-05,20.0
03900,GROUND_TRANSPORT,2026-06,20.0
03900,GROUND_TRANSPORT,2026-07,20.0
03900,GROUND_TRANSPORT,2026-08,20.0
03900,IT_TELECOM,2025-07,730.0
03900,IT_TELECOM,2025-08,730.0
03900,IT_TELECOM,2025-09,730.0
03900,IT_TELECOM,2025-10,730.0
03900,IT_TELECOM,2025-11,730.0
03900,IT_TELECOM,2025-12,730.0
03900,IT_TELECOM,2026-01,730.0
03900,IT_TELECOM,2026-02,730.0
03900,IT_TELECOM,2026-03,730.0
03900,IT_TELECOM,2026-04,730.0
03900,IT_TELECOM,2026-05,730.0
03900,IT_TELECOM,2026-06,730.0
03900,IT_TELECOM,2026-07,730.0
03900,IT_TELECOM,2026-08,730.0
03900,RETAIL_GENERAL,2025-07,70.0
03900,RETAIL_GENERAL,2025-08,70.0
03900,RETAIL_GENERAL,2025-09,70.0
03900,RETAIL_GENERAL,2025-10,70.0
03900,RETAIL_GENERAL,2025-11,70.0
03900,RETAIL_GENERAL,2025-12,70.0
03900,RETAIL_GENERAL,2026-01,70.0
03900,RETAIL_GENERAL,2026-02,70.0
03900,RETAIL_GENERAL,2026-03,70.0
03900,RETAIL_GENERAL,2026-04,70.0
03900,RETAIL_GENERAL,2026-05,70.0
03900,RETAIL_GENERAL,2026-06,70.0
03900,RETAIL_GENERAL,2026-07,70.0
03900,RETAIL_GENERAL,2026-08,70.0
03900,UTILITIES,2025-07,540.0
03900,UTILITIES,2025-08,540.0
03900,UTILITIES,2025-09,540.0
03900,UTILITIES,2025-10,540.0
03900,UTILITIES,2025-11,540.0
03900,UTILITIES,2025-12,540.0
03900,UTILITIES,2026-01,540.0
03900,UTILITIES,2026-02,540.0
03900,UTILITIES,2026-03,540.0
03900,UTILITIES,2026-04,540.0
03900,UTILITIES,2026-05,540.0
03900,UTILITIES,2026-06,540.0
03900,UTILITIES,2026-07,540.0
03900,UTILITIES,2026-08,540.0
04000,AGRI_ANIMAL,2025-07,8900.0
04000,AGRI_ANIMAL,2025-08,8900.0
04000,AGRI_ANIMAL,2025-09,8900.0
04000,AGRI_ANIMAL,2025-10,8900.0
04000,AGRI_ANIMAL,2025-11,8900.0
04000,AGRI_ANIMAL,2025-12,8900.0
04000,AGRI_ANIMAL,2026-01,8900.0
04000,AGRI_ANIMAL,2026-02,8900.0
04000,AGRI_ANIMAL,2026-03,8900.0
04000,AGRI_ANIMAL,2026-04,8900.0
04000,AGRI_ANIMAL,2026-05,8900.0
04000,AGRI_ANIMAL,2026-06,8900.0
04000,AGRI_ANIMAL,2026-07,8900.0
04000,AGRI_ANIMAL,2026-08,8900.0
04000,AIR_TRAVEL,2025-07,5020.0
04000,AIR_TRAVEL,2025-08,5020.0
04000,AIR_TRAVEL,2025-09,5020.0
04000,AIR_TRAVEL,2025-10,5020.0
04000,AIR_TRAVEL,2025-11,5020.0
04000,AIR_TRAVEL,2025-12,5020.0
04000,AIR_TRAVEL,2026-01,5020.0
04000,AIR_TRAVEL,2026-02,5020.0
04000,AIR_TRAVEL,2026-03,5020.0
04000,AIR_TRAVEL,2026-04,5020.0
04000,AIR_TRAVEL,2026-05,5020.0
04000,AIR_TRAVEL,2026-06,5020.0
04000,AIR_TRAVEL,2026-07,5020.0
04000,AIR_TRAVEL,2026-08,5020.0
04000,APPAREL_SPORTS,2025-07,1530.0
04000,APPAREL_SPORTS,2025-08,1530.0
04000,APPAREL_SPORTS,2025-09,1530.0
04000,APPAREL_SPORTS,2025-10,1530.0
04000,APPAREL_SPORTS,2025-11,1530.0
04000,APPAREL_SPORTS,2025-12,1530.0
04000,APPAREL_SPORTS,2026-01,1530.0
04000,APPAREL_SPORTS,2026-02,1530.0
04000,APPAREL_SPORTS,2026-03,1530.0
04000,APPAREL_SPORTS,2026-04,1530.0
04000,APPAREL_SPORTS,2026-05,1530.0
04000,APPAREL_SPORTS,2026-06,1530.0
04000,APPAREL_SPORTS,2026-07,1530.0
04000,APPAREL_SPORTS,2026-08,1530.0
04000,FACILITIES_MRO,2025-07,37850.0
04000,FACILITIES_MRO,2025-08,37850.0
04000,FACILITIES_MRO,2025-09,37850.0
04000,FACILITIES_MRO,2025-10,37850.0
04000,FACILITIES_MRO,2025-11,37850.0
04000,FACILITIES_MRO,2025-12,37850.0
04000,FACILITIES_MRO,2026-01,37850.0
04000,FACILITIES_MRO,2026-02,37850.0
04000,FACILITIES_MRO,2026-03,37850.0
04000,FACILITIES_MRO,2026-04,37850.0
04000,FACILITIES_MRO,2026-05,37850.0
04000,FACILITIES_MRO,2026-06,37850.0
04000,FACILITIES_MRO,2026-07,37850.0
04000,FACILITIES_MRO,2026-08,37850.0
04000,FEES_EDU_EVENTS,2025-07,35820.0
04000,FEES_EDU_EVENTS,2025-08,35820.0
04000,FEES_EDU_EVENTS,2025-09,35820.0
04000,FEES_EDU_EVENTS,2025-10,35820.0
04000,FEES_EDU_EVENTS,2025-11,35820.0
04000,FEES_EDU_EVENTS,2025-12,35820.0
04000,FEES_EDU_EVENTS,2026-01,35820.0
04000,FEES_EDU_EVENTS,2026-02,35820.0
04000,FEES_EDU_EVENTS,2026-03,35820.0
04000,FEES_EDU_EVENTS,2026-04,35820.0
04000,FEES_EDU_EVENTS,2026-05,35820.0
04000,FEES_EDU_EVENTS,2026-06,35820.0
04000,FEES_EDU_EVENTS,2026-07,35820.0
04000,FEES_EDU_EVENTS,2026-08,35820.0
04000,FOOD,2025-07,2360.0
04000,FOOD,2025-08,2360.0
04000,FOOD,2025-09,2360.0
04000,FOOD,2025-10,2360.0
04000,FOOD,2025-11,2360.0
04000,FOOD,2025-12,2360.0
04000,FOOD,2026-01,2360.0
04000,FOOD,2026-02,2360.0
04000,FOOD,2026-03,2360.0
04000,FOOD,2026-04,2360.0
04000,FOOD,2026-05,2360.0
04000,FOOD,2026-06,2360.0
04000,FOOD,2026-07,2360.0
04000,FOOD,2026-08,2360.0
04000,GROUND_TRANSPORT,2025-07,3350.0
04000,GROUND_TRANSPORT,2025-08,3350.0
04000,GROUND_TRANSPORT,2025-09,3350.0
04000,GROUND_TRANSPORT,2025-10,3350.0
04000,GROUND_TRANSPORT,2025-11,3350.0
04000,GROUND_TRANSPORT,2025-12,3350.0
04000,GROUND_TRANSPORT,2026-01,3350.0
04000,GROUND_TRANSPORT,2026-02,3350.0
04000,GROUND_TRANSPORT,2026-03,3350.0
04000,GROUND_TRANSPORT,2026-04,3350.0
04000,GROUND_TRANSPORT,2026-05,3350.0
04000,GROUND_TRANSPORT,2026-06,3350.0
04000,GROUND_TRANSPORT,2026-07,3350.0
04000,GROUND_TRANSPORT,2026-08,3350.0
04000,IT_TELECOM,2025-07,70340.0
04000,IT_TELECOM,2025-08,70340.0
04000,IT_TELECOM,2025-09,70340.0
04000,IT_TELECOM,2025-10,70340.0
04000,IT_TELECOM,2025-11,70340.0
04000,IT_TELECOM,2025-12,70340.0
04000,IT_TELECOM,2026-01,70340.0
04000,IT_TELECOM,2026-02,70340.0
04000,IT_TELECOM,2026-03,70340.0
04000,IT_TELECOM,2026-04,70340.0
04000,IT_TELECOM,2026-05,70340.0
04000,IT_TELECOM,2026-06,70340.0
04000,IT_TELECOM,2026-07,70340.0
04000,IT_TELECOM,2026-08,70340.0
04000,LODGING,2025-07,37200.0
04000,LODGING,2025-08,37200.0
04000,LODGING,2025-09,37200.0
04000,LODGING,2025-10,37200.0
04000,LODGING,2025-11,37200.0
04000,LODGING,2025-12,37200.0
04000,LODGING,2026-01,37200.0
04000,LODGING,2026-02,37200.0
04000,LODGING,2026-03,37200.0
04000,LODGING,2026-04,37200.0
04000,LODGING,2026-05,37200.0
04000,LODGING,2026-06,37200.0
04000,LODGING,2026-07,37200.0
04000,LODGING,2026-08,37200.0
04000,MEDICAL_LAB,2025-07,11950.0
04000,MEDICAL_LAB,2025-08,11950.0
04000,MEDICAL_LAB,2025-09,11950.0
04000,MEDICAL_LAB,2025-10,11950.0
04000,MEDICAL_LAB,2025-11,11950.0
04000,MEDICAL_LAB,2025-12,11950.0
04000,MEDICAL_LAB,2026-01,11950.0
04000,MEDICAL_LAB,2026-02,11950.0
04000,MEDICAL_LAB,2026-03,11950.0
04000,MEDICAL_LAB,2026-04,11950.0
04000,MEDICAL_LAB,2026-05,11950.0
04000,MEDICAL_LAB,2026-06,11950.0
04000,MEDICAL_LAB,2026-07,11950.0
04000,MEDICAL_LAB,2026-08,11950.0
04000,OFFICE_PRINT,2025-07,7290.0
04000,OFFICE_PRINT,2025-08,7290.0
04000,OFFICE_PRINT,2025-09,7290.0
04000,OFFICE_PRINT,2025-10,7290.0
04000,OFFICE_PRINT,2025-11,7290.0
04000,OFFICE_PRINT,2025-12,7290.0
04000,OFFICE_PRINT,2026-01,7290.0
04000,OFFICE_PRINT,2026-02,7290.0
04000,OFFICE_PRINT,2026-03,7290.0
04000,OFFICE_PRINT,2026-04,7290.0
04000,OFFICE_PRINT,2026-05,7290.0
04000,OFFICE_PRINT,2026-06,7290.0
04000,OFFICE_PRINT,2026-07,7290.0
04000,OFFICE_PRINT,2026-08,7290.0
04000,PROF_SERVICES,2025-07,28150.0
04000,PROF_SERVICES,2025-08,28150.0
04000,PROF_SERVICES,2025-09,28150.0
04000,PROF_SERVICES,2025-10,28150.0
04000,PROF_SERVICES,2025-11,28150.0
04000,PROF_SERVICES,2025-12,28150.0
04000,PROF_SERVICES,2026-01,28150.0
04000,PROF_SERVICES,2026-02,28150.0
04000,PROF_SERVICES,2026-03,28150.0
04000,PROF_SERVICES,2026-04,28150.0
04000,PROF_SERVICES,2026-05,28150.0
04000,PROF_SERVICES,2026-06,28150.0
04000,PROF_SERVICES,2026-07,28150.0
04000,PROF_SERVICES,2026-08,28150.0
04000,RETAIL_GENERAL,2025-07,18220.0
04000,RETAIL_GENERAL,2025-08,18220.0
04000,RETAIL_GENERAL,2025-09,18220.0
04000,RETAIL_GENERAL,2025-10,18220.0
04000,RETAIL_GENERAL,2025-11,18220.0
04000,RETAIL_GENERAL,2025-12,18220.0
04000,RETAIL_GENERAL,2026-01,18220.0
04000,RETAIL_GENERAL,2026-02,18220.0
04000,RETAIL_GENERAL,2026-03,18220.0
04000,RETAIL_GENERAL,2026-04,18220.0
04000,RETAIL_GENERAL,2026-05,18220.0
04000,RETAIL_GENERAL,2026-06,18220.0
04000,RETAIL_GENERAL,2026-07,18220.0
04000,RETAIL_GENERAL,2026-08,18220.0
04000,UTILITIES,2025-07,9350.0
04000,UTILITIES,2025-08,9350.0
04000,UTILITIES,2025-09,9350.0
04000,UTILITIES,2025-10,9350.0
04000,UTILITIES,2025-11,9350.0
04000,UTILITIES,2025-12,9350.0
04000,UTILITIES,2026-01,9350.0
04000,UTILITIES,2026-02,9350.0
04000,UTILITIES,2026-03,9350.0
04000,UTILITIES,2026-04,9350.0
04000,UTILITIES,2026-05,9350.0
04000,UTILITIES,2026-06,9350.0
04000,UTILITIES,2026-07,9350.0
04000,UTILITIES,2026-08,9350.0
04000,VEHICLE_FUEL,2025-07,21680.0
04000,VEHICLE_FUEL,2025-08,21680.0
04000,VEHICLE_FUEL,2025-09,21680.0
04000,VEHICLE_FUEL,2025-10,21680.0
04000,VEHICLE_FUEL,2025-11,21680.0
04000,VEHICLE_FUEL,2025-12,21680.0
04000,VEHICLE_FUEL,2026-01,21680.0
04000,VEHICLE_FUEL,2026-02,21680.0
04000,VEHICLE_FUEL,2026-03,21680.0
04000,VEHICLE_FUEL,2026-04,21680.0
04000,VEHICLE_FUEL,2026-05,21680.0
04000,VEHICLE_FUEL,2026-06,21680.0
04000,VEHICLE_FUEL,2026-07,21680.0
04000,VEHICLE_FUEL,2026-08,21680.0
04500,OFFICE_PRINT,2025-07,80.0
04500,OFFICE_PRINT,2025-08,80.0
04500,OFFICE_PRINT,2025-09,80.0
04500,OFFICE_PRINT,2025-10,80.0
04500,OFFICE_PRINT,2025-11,80.0
04500,OFFICE_PRINT,2025-12,80.0
04500,OFFICE_PRINT,2026-01,80.0
04500,OFFICE_PRINT,2026-02,80.0
04500,OFFICE_PRINT,2026-03,80.0
04500,OFFICE_PRINT,2026-04,80.0
04500,OFFICE_PRINT,2026-05,80.0
04500,OFFICE_PRINT,2026-06,80.0
04500,OFFICE_PRINT,2026-07,80.0
04500,OFFICE_PRINT,2026-08,80.0
04700,FACILITIES_MRO,2025-07,6560.0
04700,FACILITIES_MRO,2025-08,6560.0
04700,FACILITIES_MRO,2025-09,6560.0
04700,FACILITIES_MRO,2025-10,6560.0
04700,FACILITIES_MRO,2025-11,6560.0
04700,FACILITIES_MRO,2025-12,6560.0
04700,FACILITIES_MRO,2026-01,6560.0
04700,FACILITIES_MRO,2026-02,6560.0
04700,FACILITIES_MRO,2026-03,6560.0
04700,FACILITIES_MRO,2026-04,6560.0
04700,FACILITIES_MRO,2026-05,6560.0
04700,FACILITIES_MRO,2026-06,6560.0
04700,FACILITIES_MRO,2026-07,6560.0
04700,FACILITIES_MRO,2026-08,6560.0
04700,FEES_EDU_EVENTS,2025-07,2890.0
04700,FEES_EDU_EVENTS,2025-08,2890.0
04700,FEES_EDU_EVENTS,2025-09,2890.0
04700,FEES_EDU_EVENTS,2025-10,2890.0
04700,FEES_EDU_EVENTS,2025-11,2890.0
04700,FEES_EDU_EVENTS,2025-12,2890.0
04700,FEES_EDU_EVENTS,2026-01,2890.0
04700,FEES_EDU_EVENTS,2026-02,2890.0
04700,FEES_EDU_EVENTS,2026-03,2890.0
04700,FEES_EDU_EVENTS,2026-04,2890.0
04700,FEES_EDU_EVENTS,2026-05,2890.0
04700,FEES_EDU_EVENTS,2026-06,2890.0
04700,FEES_EDU_EVENTS,2026-07,2890.0
04700,FEES_EDU_EVENTS,2026-08,2890.0
04700,FOOD,2025-07,280.0
04700,FOOD,2025-08,280.0
04700,FOOD,2025-09,280.0
04700,FOOD,2025-10,280.0
04700,FOOD,2025-11,280.0
04700,FOOD,2025-12,280.0
04700,FOOD,2026-01,280.0
04700,FOOD,2026-02,280.0
04700,FOOD,2026-03,280.0
04700,FOOD,2026-04,280.0
04700,FOOD,2026-05,280.0
04700,FOOD,2026-06,280.0
04700,FOOD,2026-07,280.0
04700,FOOD,2026-08,280.0
04700,GROUND_TRANSPORT,2025-07,30.0
04700,GROUND_TRANSPORT,2025-08,30.0
04700,GROUND_TRANSPORT,2025-09,30.0
04700,GROUND_TRANSPORT,2025-10,30.0
04700,GROUND_TRANSPORT,2025-11,30.0
04700,GROUND_TRANSPORT,2025-12,30.0
04700,GROUND_TRANSPORT,2026-01,30.0
04700,GROUND_TRANSPORT,2026-02,30.0
04700,GROUND_TRANSPORT,2026-03,30.0
04700,GROUND_TRANSPORT,2026-04,30.0
04700,GROUND_TRANSPORT,2026-05,30.0
04700,GROUND_TRANSPORT,2026-06,30.0
04700,GROUND_TRANSPORT,2026-07,30.0
04700,GROUND_TRANSPORT,2026-08,30.0
04700,IT_TELECOM,2025-07,8650.0
04700,IT_TELECOM,2025-08,8650.0
04700,IT_TELECOM,2025-09,8650.0
04700,IT_TELECOM,2025-10,8650.0
04700,IT_TELECOM,2025-11,8650.0
04700,IT_TELECOM,2025-12,8650.0
04700,IT_TELECOM,2026-01,8650.0
04700,IT_TELECOM,2026-02,8650.0
04700,IT_TELECOM,2026-03,8650.0
04700,IT_TELECOM,2026-04,8650.0
04700,IT_TELECOM,2026-05,8650.0
04700,IT_TELECOM,2026-06,8650.0
04700,IT_TELECOM,2026-07,8650.0
04700,IT_TELECOM,2026-08,8650.0
04700,LODGING,2025-07,6240.0
04700,LODGING,2025-08,6240.0
04700,LODGING,2025-09,6240.0
04700,LODGING,2025-10,6240.0
04700,LODGING,2025-11,6240.0
04700,LODGING,2025-12,6240.0
04700,LODGING,2026-01,6240.0
04700,LODGING,2026-02,6240.0
04700,LODGING,2026-03,6240.0
04700,LODGING,2026-04,6240.0
04700,LODGING,2026-05,6240.0
04700,LODGING,2026-06,6240.0
04700,LODGING,2026-07,6240.0
04700,LODGING,2026-08,6240.0
04700,OFFICE_PRINT,2025-07,2050.0
04700,OFFICE_PRINT,2025-08,2050.0
04700,OFFICE_PRINT,2025-09,2050.0
04700,OFFICE_PRINT,2025-10,2050.0
04700,OFFICE_PRINT,2025-11,2050.0
04700,OFFICE_PRINT,2025-12,2050.0
04700,OFFICE_PRINT,2026-01,2050.0
04700,OFFICE_PRINT,2026-02,2050.0
04700,OFFICE_PRINT,2026-03,2050.0
04700,OFFICE_PRINT,2026-04,2050.0
04700,OFFICE_PRINT,2026-05,2050.0
04700,OFFICE_PRINT,2026-06,2050.0
04700,OFFICE_PRINT,2026-07,2050.0
04700,OFFICE_PRINT,2026-08,2050.0
04700,PROF_SERVICES,2025-07,8210.0
04700,PROF_SERVICES,2025-08,8210.0
04700,PROF_SERVICES,2025-09,8210.0
04700,PROF_SERVICES,2025-10,8210.0
04700,PROF_SERVICES,2025-11,8210.0
04700,PROF_SERVICES,2025-12,8210.0
04700,PROF_SERVICES,2026-01,8210.0
04700,PROF_SERVICES,2026-02,8210.0
04700,PROF_SERVICES,2026-03,8210.0
04700,PROF_SERVICES,2026-04,8210.0
04700,PROF_SERVICES,2026-05,8210.0
04700,PROF_SERVICES,2026-06,8210.0
04700,PROF_SERVICES,2026-07,8210.0
04700,PROF_SERVICES,2026-08,8210.0
04700,RETAIL_GENERAL,2025-07,810.0
04700,RETAIL_GENERAL,2025-08,810.0
04700,RETAIL_GENERAL,2025-09,810.0
04700,RETAIL_GENERAL,2025-10,810.0
04700,RETAIL_GENERAL,2025-11,810.0
04700,RETAIL_GENERAL,2025-12,810.0
04700,RETAIL_GENERAL,2026-01,810.0
04700,RETAIL_GENERAL,2026-02,810.0
04700,RETAIL_GENERAL,2026-03,810.0
04700,RETAIL_GENERAL,2026-04,810.0
04700,RETAIL_GENERAL,2026-05,810.0
04700,RETAIL_GENERAL,2026-06,810.0
04700,RETAIL_GENERAL,2026-07,810.0
04700,RETAIL_GENERAL,2026-08,810.0
04700,UTILITIES,2025-07,590.0
04700,UTILITIES,2025-08,590.0
04700,UTILITIES,2025-09,590.0
04700,UTILITIES,2025-10,590.0
04700,UTILITIES,2025-11,590.0
04700,UTILITIES,2025-12,590.0
04700,UTILITIES,2026-01,590.0
04700,UTILITIES,2026-02,590.0
04700,UTILITIES,2026-03,590.0
04700,UTILITIES,2026-04,590.0
04700,UTILITIES,2026-05,590.0
04700,UTILITIES,2026-06,590.0
04700,UTILITIES,2026-07,590.0
04700,UTILITIES,2026-08,590.0
04900,AIR_TRAVEL,2025-07,6630.0
04900,AIR_TRAVEL,2025-08,6630.0
04900,AIR_TRAVEL,2025-09,6630.0
04900,AIR_TRAVEL,2025-10,6630.0
04900,AIR_TRAVEL,2025-11,6630.0
04900,AIR_TRAVEL,2025-12,6630.0
04900,AIR_TRAVEL,2026-01,6630.0
04900,AIR_TRAVEL,2026-02,6630.0
04900,AIR_TRAVEL,2026-03,6630.0
04900,AIR_TRAVEL,2026-04,6630.0
04900,AIR_TRAVEL,2026-05,6630.0
04900,AIR_TRAVEL,2026-06,6630.0
04900,AIR_TRAVEL,2026-07,6630.0
04900,AIR_TRAVEL,2026-08,6630.0
04900,FACILITIES_MRO,2025-07,5060.0
04900,FACILITIES_MRO,2025-08,5060.0
04900,FACILITIES_MRO,2025-09,5060.0
04900,FACILITIES_MRO,2025-10,5060.0
04900,FACILITIES_MRO,2025-11,5060.0
04900,FACILITIES_MRO,2025-12,5060.0
04900,FACILITIES_MRO,2026-01,5060.0
04900,FACILITIES_MRO,2026-02,5060.0
04900,FACILITIES_MRO,2026-03,5060.0
04900,FACILITIES_MRO,2026-04,5060.0
04900,FACILITIES_MRO,2026-05,5060.0
04900,FACILITIES_MRO,2026-06,5060.0
04900,FACILITIES_MRO,2026-07,5060.0
04900,FACILITIES_MRO,2026-08,5060.0
04900,FEES_EDU_EVENTS,2025-07,16950.0
04900,FEES_EDU_EVENTS,2025-08,16950.0
04900,FEES_EDU_EVENTS,2025-09,16950.0
04900,FEES_EDU_EVENTS,2025-10,16950.0
04900,FEES_EDU_EVENTS,2025-11,16950.0
04900,FEES_EDU_EVENTS,2025-12,16950.0
04900,FEES_EDU_EVENTS,2026-01,16950.0
04900,FEES_EDU_EVENTS,2026-02,16950.0
04900,FEES_EDU_EVENTS,2026-03,16950.0
04900,FEES_EDU_EVENTS,2026-04,16950.0
04900,FEES_EDU_EVENTS,2026-05,16950.0
04900,FEES_EDU_EVENTS,2026-06,16950.0
04900,FEES_EDU_EVENTS,2026-07,16950.0
04900,FEES_EDU_EVENTS,2026-08,16950.0
04900,FOOD,2025-07,250.0
04900,FOOD,2025-08,250.0
04900,FOOD,2025-09,250.0
04900,FOOD,2025-10,250.0
04900,FOOD,2025-11,250.0
04900,FOOD,2025-12,250.0
04900,FOOD,2026-01,250.0
04900,FOOD,2026-02,250.0
04900,FOOD,2026-03,250.0
04900,FOOD,2026-04,250.0
04900,FOOD,2026-05,250.0
04900,FOOD,2026-06,250.0
04900,FOOD,2026-07,250.0
04900,FOOD,2026-08,250.0
04900,GROUND_TRANSPORT,2025-07,1800.0
04900,GROUND_TRANSPORT,2025-08,1800.0
04900,GROUND_TRANSPORT,2025-09,1800.0
04900,GROUND_TRANSPORT,2025-10,1800.0
04900,GROUND_TRANSPORT,2025-11,1800.0
04900,GROUND_TRANSPORT,2025-12,1800.0
04900,GROUND_TRANSPORT,2026-01,1800.0
04900,GROUND_TRANSPORT,2026-02,1800.0
04900,GROUND_TRANSPORT,2026-03,1800.0
04900,GROUND_TRANSPORT,2026-04,1800.0
04900,GROUND_TRANSPORT,2026-05,1800.0
04900,GROUND_TRANSPORT,2026-06,1800.0
04900,GROUND_TRANSPORT,2026-07,1800.0
04900,GROUND_TRANSPORT,2026-08,1800.0
04900,IT_TELECOM,2025-07,13930.0
04900,IT_TELECOM,2025-08,13930.0
04900,IT_TELECOM,2025-09,13930.0
04900,IT_TELECOM,2025-10,13930.0
04900,IT_TELECOM,2025-11,13930.0
04900,IT_TELECOM,2025-12,13930.0
04900,IT_TELECOM,2026-01,13930.0
04900,IT_TELECOM,2026-02,13930.0
04900,IT_TELECOM,2026-03,13930.0
04900,IT_TELECOM,2026-04,13930.0
04900,IT_TELECOM,2026-05,13930.0
04900,IT_TELECOM,2026-06,13930.0
04900,IT_TELECOM,2026-07,13930.0
04900,IT_TELECOM,2026-08,13930.0
04900,LODGING,2025-07,10310.0
04900,LODGING,2025-08,10310.0
04900,LODGING,2025-09,10310.0
04900,LODGING,2025-10,10310.0
04900,LODGING,2025-11,10310.0
04900,LODGING,2025-12,10310.0
04900,LODGING,2026-01,10310.0
04900,LODGING,2026-02,10310.0
04900,LODGING,2026-03,10310.0
04900,LODGING,2026-04,10310.0
04900,LODGING,2026-05,10310.0
04900,LODGING,2026-06,10310.0
04900,LODGING,2026-07,10310.0
04900,LODGING,2026-08,10310.0
04900,MEDICAL_LAB,2025-07,1170.0
04900,MEDICAL_LAB,2025-08,1170.0
04900,MEDICAL_LAB,2025-09,1170.0
04900,MEDICAL_LAB,2025-10,1170.0
04900,MEDICAL_LAB,2025-11,1170.0
04900,MEDICAL_LAB,2025-12,1170.0
04900,MEDICAL_LAB,2026-01,1170.0
04900,MEDICAL_LAB,2026-02,1170.0
04900,MEDICAL_LAB,2026-03,1170.0
04900,MEDICAL_LAB,2026-04,1170.0
04900,MEDICAL_LAB,2026-05,1170.0
04900,MEDICAL_LAB,2026-06,1170.0
04900,MEDICAL_LAB,2026-07,1170.0
04900,MEDICAL_LAB,2026-08,1170.0
04900,OFFICE_PRINT,2025-07,8380.0
04900,OFFICE_PRINT,2025-08,8380.0
04900,OFFICE_PRINT,2025-09,8380.0
04900,OFFICE_PRINT,2025-10,8380.0
04900,OFFICE_PRINT,2025-11,8380.0
04900,OFFICE_PRINT,2025-12,8380.0
04900,OFFICE_PRINT,2026-01,8380.0
04900,OFFICE_PRINT,2026-02,8380.0
04900,OFFICE_PRINT,2026-03,8380.0
04900,OFFICE_PRINT,2026-04,8380.0
04900,OFFICE_PRINT,2026-05,8380.0
04900,OFFICE_PRINT,2026-06,8380.0
04900,OFFICE_PRINT,2026-07,8380.0
04900,OFFICE_PRINT,2026-08,8380.0
04900,PROF_SERVICES,2025-07,61230.0
04900,PROF_SERVICES,2025-08,61230.0
04900,PROF_SERVICES,2025-09,61230.0
04900,PROF_SERVICES,2025-10,61230.0
04900,PROF_SERVICES,2025-11,61230.0
04900,PROF_SERVICES,2025-12,61230.0
04900,PROF_SERVICES,2026-01,61230.0
04900,PROF_SERVICES,2026-02,61230.0
04900,PROF_SERVICES,2026-03,61230.0
04900,PROF_SERVICES,2026-04,61230.0
04900,PROF_SERVICES,2026-05,61230.0
04900,PROF_SERVICES,2026-06,61230.0
04900,PROF_SERVICES,2026-07,61230.0
04900,PROF_SERVICES,2026-08,61230.0
04900,RETAIL_GENERAL,2025-07,16230.0
04900,RETAIL_GENERAL,2025-08,16230.0
04900,RETAIL_GENERAL,2025-09,16230.0
04900,RETAIL_GENERAL,2025-10,16230.0
04900,RETAIL_GENERAL,2025-11,16230.0
04900,RETAIL_GENERAL,2025-12,16230.0
04900,RETAIL_GENERAL,2026-01,16230.0
04900,RETAIL_GENERAL,2026-02,16230.0
04900,RETAIL_GENERAL,2026-03,16230.0
04900,RETAIL_GENERAL,2026-04,16230.0
04900,RETAIL_GENERAL,2026-05,16230.0
04900,RETAIL_GENERAL,2026-06,16230.0
04900,RETAIL_GENERAL,2026-07,16230.0
04900,RETAIL_GENERAL,2026-08,16230.0
04900,UTILITIES,2025-07,4090.0
04900,UTILITIES,2025-08,4090.0
04900,UTILITIES,2025-09,4090.0
04900,UTILITIES,2025-10,4090.0
04900,UTILITIES,2025-11,4090.0
04900,UTILITIES,2025-12,4090.0
04900,UTILITIES,2026-01,4090.0
04900,UTILITIES,2026-02,4090.0
04900,UTILITIES,2026-03,4090.0
04900,UTILITIES,2026-04,4090.0
04900,UTILITIES,2026-05,4090.0
04900,UTILITIES,2026-06,4090.0
04900,UTILITIES,2026-07,4090.0
04900,UTILITIES,2026-08,4090.0
05500,FEES_EDU_EVENTS,2025-07,1170.0
05500,FEES_EDU_EVENTS,2025-08,1170.0
05500,FEES_EDU_EVENTS,2025-09,1170.0
05500,FEES_EDU_EVENTS,2025-10,1170.0
05500,FEES_EDU_EVENTS,2025-11,1170.0
05500,FEES_EDU_EVENTS,2025-12,1170.0
05500,FEES_EDU_EVENTS,2026-01,1170.0
05500,FEES_EDU_EVENTS,2026-02,1170.0
05500,FEES_EDU_EVENTS,2026-03,1170.0
05500,FEES_EDU_EVENTS,2026-04,1170.0
05500,FEES_EDU_EVENTS,2026-05,1170.0
05500,FEES_EDU_EVENTS,2026-06,1170.0
05500,FEES_EDU_EVENTS,2026-07,1170.0
05500,FEES_EDU_EVENTS,2026-08,1170.0
05500,FOOD,2025-07,500.0
05500,FOOD,2025-08,500.0
05500,FOOD,2025-09,500.0
05500,FOOD,2025-10,500.0
05500,FOOD,2025-11,500.0
05500,FOOD,2025-12,500.0
05500,FOOD,2026-01,500.0
05500,FOOD,2026-02,500.0
05500,FOOD,2026-03,500.0
05500,FOOD,2026-04,500.0
05500,FOOD,2026-05,500.0
05500,FOOD,2026-06,500.0
05500,FOOD,2026-07,500.0
05500,FOOD,2026-08,500.0
05500,LODGING,2025-07,790.0
05500,LODGING,2025-08,790.0
05500,LODGING,2025-09,790.0
05500,LODGING,2025-10,790.0
05500,LODGING,2025-11,790.0
05500,LODGING,2025-12,790.0
05500,LODGING,2026-01,790.0
05500,LODGING,2026-02,790.0
05500,LODGING,2026-03,790.0
05500,LODGING,2026-04,790.0
05500,LODGING,2026-05,790.0
05500,LODGING,2026-06,790.0
05500,LODGING,2026-07,790.0
05500,LODGING,2026-08,790.0
05500,OFFICE_PRINT,2025-07,440.0
05500,OFFICE_PRINT,2025-08,440.0
05500,OFFICE_PRINT,2025-09,440.0
05500,OFFICE_PRINT,2025-10,440.0
05500,OFFICE_PRINT,2025-11,440.0
05500,OFFICE_PRINT,2025-12,440.0
05500,OFFICE_PRINT,2026-01,440.0
05500,OFFICE_PRINT,2026-02,440.0
05500,OFFICE_PRINT,2026-03,440.0
05500,OFFICE_PRINT,2026-04,440.0
05500,OFFICE_PRINT,2026-05,440.0
05500,OFFICE_PRINT,2026-06,440.0
05500,OFFICE_PRINT,2026-07,440.0
05500,OFFICE_PRINT,2026-08,440.0
05500,PROF_SERVICES,2025-07,1010.0
05500,PROF_SERVICES,2025-08,1010.0
05500,PROF_SERVICES,2025-09,1010.0
05500,PROF_SERVICES,2025-10,1010.0
05500,PROF_SERVICES,2025-11,1010.0
05500,PROF_SERVICES,2025-12,1010.0
05500,PROF_SERVICES,2026-01,1010.0
05500,PROF_SERVICES,2026-02,1010.0
05500,PROF_SERVICES,2026-03,1010.0
05500,PROF_SERVICES,2026-04,1010.0
05500,PROF_SERVICES,2026-05,1010.0
05500,PROF_SERVICES,2026-06,1010.0
05500,PROF_SERVICES,2026-07,1010.0
05500,PROF_SERVICES,2026-08,1010.0
05500,RETAIL_GENERAL,2025-07,400.0
05500,RETAIL_GENERAL,2025-08,400.0
05500,RETAIL_GENERAL,2025-09,400.0
05500,RETAIL_GENERAL,2025-10,400.0
05500,RETAIL_GENERAL,2025-11,400.0
05500,RETAIL_GENERAL,2025-12,400.0
05500,RETAIL_GENERAL,2026-01,400.0
05500,RETAIL_GENERAL,2026-02,400.0
05500,RETAIL_GENERAL,2026-03,400.0
05500,RETAIL_GENERAL,2026-04,400.0
05500,RETAIL_GENERAL,2026-05,400.0
05500,RETAIL_GENERAL,2026-06,400.0
05500,RETAIL_GENERAL,2026-07,400.0
05500,RETAIL_GENERAL,2026-08,400.0
06000,AIR_TRAVEL,2025-07,2220.0
06000,AIR_TRAVEL,2025-08,2220.0
06000,AIR_TRAVEL,2025-09,2220.0
06000,AIR_TRAVEL,2025-10,2220.0
06000,AIR_TRAVEL,2025-11,2220.0
06000,AIR_TRAVEL,2025-12,2220.0
06000,AIR_TRAVEL,2026-01,2220.0
06000,AIR_TRAVEL,2026-02,2220.0
06000,AIR_TRAVEL,2026-03,2220.0
06000,AIR_TRAVEL,2026-04,2220.0
06000,AIR_TRAVEL,2026-05,2220.0
06000,AIR_TRAVEL,2026-06,2220.0
06000,AIR_TRAVEL,2026-07,2220.0
06000,AIR_TRAVEL,2026-08,2220.0
06000,FEES_EDU_EVENTS,2025-07,2090.0
06000,FEES_EDU_EVENTS,2025-08,2090.0
06000,FEES_EDU_EVENTS,2025-09,2090.0
06000,FEES_EDU_EVENTS,2025-10,2090.0
06000,FEES_EDU_EVENTS,2025-11,2090.0
06000,FEES_EDU_EVENTS,2025-12,2090.0
06000,FEES_EDU_EVENTS,2026-01,2090.0
06000,FEES_EDU_EVENTS,2026-02,2090.0
06000,FEES_EDU_EVENTS,2026-03,2090.0
06000,FEES_EDU_EVENTS,2026-04,2090.0
06000,FEES_EDU_EVENTS,2026-05,2090.0
06000,FEES_EDU_EVENTS,2026-06,2090.0
06000,FEES_EDU_EVENTS,2026-07,2090.0
06000,FEES_EDU_EVENTS,2026-08,2090.0
06000,IT_TELECOM,2025-07,2440.0
06000,IT_TELECOM,2025-08,2440.0
06000,IT_TELECOM,2025-09,2440.0
06000,IT_TELECOM,2025-10,2440.0
06000,IT_TELECOM,2025-11,2440.0
06000,IT_TELECOM,2025-12,2440.0
06000,IT_TELECOM,2026-01,2440.0
06000,IT_TELECOM,2026-02,2440.0
06000,IT_TELECOM,2026-03,2440.0
06000,IT_TELECOM,2026-04,2440.0
06000,IT_TELECOM,2026-05,2440.0
06000,IT_TELECOM,2026-06,2440.0
06000,IT_TELECOM,2026-07,2440.0
06000,IT_TELECOM,2026-08,2440.0
06000,LODGING,2025-07,3180.0
06000,LODGING,2025-08,3180.0
06000,LODGING,2025-09,3180.0
06000,LODGING,2025-10,3180.0
06000,LODGING,2025-11,3180.0
06000,LODGING,2025-12,3180.0
06000,LODGING,2026-01,3180.0
06000,LODGING,2026-02,3180.0
06000,LODGING,2026-03,3180.0
06000,LODGING,2026-04,3180.0
06000,LODGING,2026-05,3180.0
06000,LODGING,2026-06,3180.0
06000,LODGING,2026-07,3180.0
06000,LODGING,2026-08,3180.0
06000,OFFICE_PRINT,2025-07,2360.0
06000,OFFICE_PRINT,2025-08,2360.0
06000,OFFICE_PRINT,2025-09,2360.0
06000,OFFICE_PRINT,2025-10,2360.0
06000,OFFICE_PRINT,2025-11,2360.0
06000,OFFICE_PRINT,2025-12,2360.0
06000,OFFICE_PRINT,2026-01,2360.0
06000,OFFICE_PRINT,2026-02,2360.0
06000,OFFICE_PRINT,2026-03,2360.0
06000,OFFICE_PRINT,2026-04,2360.0
06000,OFFICE_PRINT,2026-05,2360.0
06000,OFFICE_PRINT,2026-06,2360.0
06000,OFFICE_PRINT,2026-07,2360.0
06000,OFFICE_PRINT,2026-08,2360.0
06000,PROF_SERVICES,2025-07,1980.0
06000,PROF_SERVICES,2025-08,1980.0
06000,PROF_SERVICES,2025-09,1980.0
06000,PROF_SERVICES,2025-10,1980.0
06000,PROF_SERVICES,2025-11,1980.0
06000,PROF_SERVICES,2025-12,1980.0
06000,PROF_SERVICES,2026-01,1980.0
06000,PROF_SERVICES,2026-02,1980.0
06000,PROF_SERVICES,2026-03,1980.0
06000,PROF_SERVICES,2026-04,1980.0
06000,PROF_SERVICES,2026-05,1980.0
06000,PROF_SERVICES,2026-06,1980.0
06000,PROF_SERVICES,2026-07,1980.0
06000,PROF_SERVICES,2026-08,1980.0
06000,RETAIL_GENERAL,2025-07,1720.0
06000,RETAIL_GENERAL,2025-08,1720.0
06000,RETAIL_GENERAL,2025-09,1720.0
06000,RETAIL_GENERAL,2025-10,1720.0
06000,RETAIL_GENERAL,2025-11,1720.0
06000,RETAIL_GENERAL,2025-12,1720.0
06000,RETAIL_GENERAL,2026-01,1720.0
06000,RETAIL_GENERAL,2026-02,1720.0
06000,RETAIL_GENERAL,2026-03,1720.0
06000,RETAIL_GENERAL,2026-04,1720.0
06000,RETAIL_GENERAL,2026-05,1720.0
06000,RETAIL_GENERAL,2026-06,1720.0
06000,RETAIL_GENERAL,2026-07,1720.0
06000,RETAIL_GENERAL,2026-08,1720.0
06500,AIR_TRAVEL,2025-07,3050.0
06500,AIR_TRAVEL,2025-08,3050.0
06500,AIR_TRAVEL,2025-09,3050.0
06500,AIR_TRAVEL,2025-10,3050.0
06500,AIR_TRAVEL,2025-11,3050.0
06500,AIR_TRAVEL,2025-12,3050.0
06500,AIR_TRAVEL,2026-01,3050.0
06500,AIR_TRAVEL,2026-02,3050.0
06500,AIR_TRAVEL,2026-03,3050.0
06500,AIR_TRAVEL,2026-04,3050.0
06500,AIR_TRAVEL,2026-05,3050.0
06500,AIR_TRAVEL,2026-06,3050.0
06500,AIR_TRAVEL,2026-07,3050.0
06500,AIR_TRAVEL,2026-08,3050.0
06500,FEES_EDU_EVENTS,2025-07,2760.0
06500,FEES_EDU_EVENTS,2025-08,2760.0
06500,FEES_EDU_EVENTS,2025-09,2760.0
06500,FEES_EDU_EVENTS,2025-10,2760.0
06500,FEES_EDU_EVENTS,2025-11,2760.0
06500,FEES_EDU_EVENTS,2025-12,2760.0
06500,FEES_EDU_EVENTS,2026-01,2760.0
06500,FEES_EDU_EVENTS,2026-02,2760.0
06500,FEES_EDU_EVENTS,2026-03,2760.0
06500,FEES_EDU_EVENTS,2026-04,2760.0
06500,FEES_EDU_EVENTS,2026-05,2760.0
06500,FEES_EDU_EVENTS,2026-06,2760.0
06500,FEES_EDU_EVENTS,2026-07,2760.0
06500,FEES_EDU_EVENTS,2026-08,2760.0
06500,PROF_SERVICES,2025-07,2620.0
06500,PROF_SERVICES,2025-08,2620.0
06500,PROF_SERVICES,2025-09,2620.0
06500,PROF_SERVICES,2025-10,2620.0
06500,PROF_SERVICES,2025-11,2620.0
06500,PROF_SERVICES,2025-12,2620.0
06500,PROF_SERVICES,2026-01,2620.0
06500,PROF_SERVICES,2026-02,2620.0
06500,PROF_SERVICES,2026-03,2620.0
06500,PROF_SERVICES,2026-04,2620.0
06500,PROF_SERVICES,2026-05,2620.0
06500,PROF_SERVICES,2026-06,2620.0
06500,PROF_SERVICES,2026-07,2620.0
06500,PROF_SERVICES,2026-08,2620.0
06500,RETAIL_GENERAL,2025-07,280.0
06500,RETAIL_GENERAL,2025-08,280.0
06500,RETAIL_GENERAL,2025-09,280.0
06500,RETAIL_GENERAL,2025-10,280.0
06500,RETAIL_GENERAL,2025-11,280.0
06500,RETAIL_GENERAL,2025-12,280.0
06500,RETAIL_GENERAL,2026-01,280.0
06500,RETAIL_GENERAL,2026-02,280.0
06500,RETAIL_GENERAL,2026-03,280.0
06500,RETAIL_GENERAL,2026-04,280.0
06500,RETAIL_GENERAL,2026-05,280.0
06500,RETAIL_GENERAL,2026-06,280.0
06500,RETAIL_GENERAL,2026-07,280.0
06500,RETAIL_GENERAL,2026-08,280.0
08500,AIR_TRAVEL,2025-07,1610.0
08500,AIR_TRAVEL,2025-08,1610.0
08500,AIR_TRAVEL,2025-09,1610.0
08500,AIR_TRAVEL,2025-10,1610.0
08500,AIR_TRAVEL,2025-11,1610.0
08500,AIR_TRAVEL,2025-12,1610.0
08500,AIR_TRAVEL,2026-01,1610.0
08500,AIR_TRAVEL,2026-02,1610.0
08500,AIR_TRAVEL,2026-03,1610.0
08500,AIR_TRAVEL,2026-04,1610.0
08500,AIR_TRAVEL,2026-05,1610.0
08500,AIR_TRAVEL,2026-06,1610.0
08500,AIR_TRAVEL,2026-07,1610.0
08500,AIR_TRAVEL,2026-08,1610.0
08500,PROF_SERVICES,2025-07,620.0
08500,PROF_SERVICES,2025-08,620.0
08500,PROF_SERVICES,2025-09,620.0
08500,PROF_SERVICES,2025-10,620.0
08500,PROF_SERVICES,2025-11,620.0
08500,PROF_SERVICES,2025-12,620.0
08500,PROF_SERVICES,2026-01,620.0
08500,PROF_SERVICES,2026-02,620.0
08500,PROF_SERVICES,2026-03,620.0
08500,PROF_SERVICES,2026-04,620.0
08500,PROF_SERVICES,2026-05,620.0
08500,PROF_SERVICES,2026-06,620.0
08500,PROF_SERVICES,2026-07,620.0
08500,PROF_SERVICES,2026-08,620.0
09000,AGRI_ANIMAL,2025-07,4010.0
09000,AGRI_ANIMAL,2025-08,4010.0
09000,AGRI_ANIMAL,2025-09,4010.0
09000,AGRI_ANIMAL,2025-10,4010.0
09000,AGRI_ANIMAL,2025-11,4010.0
09000,AGRI_ANIMAL,2025-12,4010.0
09000,AGRI_ANIMAL,2026-01,4010.0
09000,AGRI_ANIMAL,2026-02,4010.0
09000,AGRI_ANIMAL,2026-03,4010.0
09000,AGRI_ANIMAL,2026-04,4010.0
09000,AGRI_ANIMAL,2026-05,4010.0
09000,AGRI_ANIMAL,2026-06,4010.0
09000,AGRI_ANIMAL,2026-07,4010.0
09000,AGRI_ANIMAL,2026-08,4010.0
09000,AIR_TRAVEL,2025-07,4360.0
09000,AIR_TRAVEL,2025-08,4360.0
09000,AIR_TRAVEL,2025-09,4360.0
09000,AIR_TRAVEL,2025-10,4360.0
09000,AIR_TRAVEL,2025-11,4360.0
09000,AIR_TRAVEL,2025-12,4360.0
09000,AIR_TRAVEL,2026-01,4360.0
09000,AIR_TRAVEL,2026-02,4360.0
09000,AIR_TRAVEL,2026-03,4360.0
09000,AIR_TRAVEL,2026-04,4360.0
09000,AIR_TRAVEL,2026-05,4360.0
09000,AIR_TRAVEL,2026-06,4360.0
09000,AIR_TRAVEL,2026-07,4360.0
09000,AIR_TRAVEL,2026-08,4360.0
09000,APPAREL_SPORTS,2025-07,2220.0
09000,APPAREL_SPORTS,2025-08,2220.0
09000,APPAREL_SPORTS,2025-09,2220.0
09000,APPAREL_SPORTS,2025-10,2220.0
09000,APPAREL_SPORTS,2025-11,2220.0
09000,APPAREL_SPORTS,2025-12,2220.0
09000,APPAREL_SPORTS,2026-01,2220.0
09000,APPAREL_SPORTS,2026-02,2220.0
09000,APPAREL_SPORTS,2026-03,2220.0
09000,APPAREL_SPORTS,2026-04,2220.0
09000,APPAREL_SPORTS,2026-05,2220.0
09000,APPAREL_SPORTS,2026-06,2220.0
09000,APPAREL_SPORTS,2026-07,2220.0
09000,APPAREL_SPORTS,2026-08,2220.0
09000,FACILITIES_MRO,2025-07,78420.0
09000,FACILITIES_MRO,2025-08,78420.0
09000,FACILITIES_MRO,2025-09,78420.0
09000,FACILITIES_MRO,2025-10,78420.0
09000,FACILITIES_MRO,2025-11,78420.0
09000,FACILITIES_MRO,2025-12,78420.0
09000,FACILITIES_MRO,2026-01,78420.0
09000,FACILITIES_MRO,2026-02,78420.0
09000,FACILITIES_MRO,2026-03,78420.0
09000,FACILITIES_MRO,2026-04,78420.0
09000,FACILITIES_MRO,2026-05,78420.0
09000,FACILITIES_MRO,2026-06,78420.0
09000,FACILITIES_MRO,2026-07,78420.0
09000,FACILITIES_MRO,2026-08,78420.0
09000,FEES_EDU_EVENTS,2025-07,45980.0
09000,FEES_EDU_EVENTS,2025-08,45980.0
09000,FEES_EDU_EVENTS,2025-09,45980.0
09000,FEES_EDU_EVENTS,2025-10,45980.0
09000,FEES_EDU_EVENTS,2025-11,45980.0
09000,FEES_EDU_EVENTS,2025-12,45980.0
09000,FEES_EDU_EVENTS,2026-01,45980.0
09000,FEES_EDU_EVENTS,2026-02,45980.0
09000,FEES_EDU_EVENTS,2026-03,45980.0
09000,FEES_EDU_EVENTS,2026-04,45980.0
09000,FEES_EDU_EVENTS,2026-05,45980.0
09000,FEES_EDU_EVENTS,2026-06,45980.0
09000,FEES_EDU_EVENTS,2026-07,45980.0
09000,FEES_EDU_EVENTS,2026-08,45980.0
09000,FOOD,2025-07,6640.0
09000,FOOD,2025-08,6640.0
09000,FOOD,2025-09,6640.0
09000,FOOD,2025-10,6640.0
09000,FOOD,2025-11,6640.0
09000,FOOD,2025-12,6640.0
09000,FOOD,2026-01,6640.0
09000,FOOD,2026-02,6640.0
09000,FOOD,2026-03,6640.0
09000,FOOD,2026-04,6640.0
09000,FOOD,2026-05,6640.0
09000,FOOD,2026-06,6640.0
09000,FOOD,2026-07,6640.0
09000,FOOD,2026-08,6640.0
09000,GROUND_TRANSPORT,2025-07,12220.0
09000,GROUND_TRANSPORT,2025-08,12220.0
09000,GROUND_TRANSPORT,2025-09,12220.0
09000,GROUND_TRANSPORT,2025-10,12220.0
09000,GROUND_TRANSPORT,2025-11,12220.0
09000,GROUND_TRANSPORT,2025-12,12220.0
09000,GROUND_TRANSPORT,2026-01,12220.0
09000,GROUND_TRANSPORT,2026-02,12220.0
09000,GROUND_TRANSPORT,2026-03,12220.0
09000,GROUND_TRANSPORT,2026-04,12220.0
09000,GROUND_TRANSPORT,2026-05,12220.0
09000,GROUND_TRANSPORT,2026-06,12220.0
09000,GROUND_TRANSPORT,2026-07,12220.0
09000,GROUND_TRANSPORT,2026-08,12220.0
09000,IT_TELECOM,2025-07,17140.0
09000,IT_TELECOM,2025-08,17140.0
09000,IT_TELECOM,2025-09,17140.0
09000,IT_TELECOM,2025-10,17140.0
09000,IT_TELECOM,2025-11,17140.0
09000,IT_TELECOM,2025-12,17140.0
09000,IT_TELECOM,2026-01,17140.0
09000,IT_TELECOM,2026-02,17140.0
09000,IT_TELECOM,2026-03,17140.0
09000,IT_TELECOM,2026-04,17140.0
09000,IT_TELECOM,2026-05,17140.0
09000,IT_TELECOM,2026-06,17140.0
09000,IT_TELECOM,2026-07,17140.0
09000,IT_TELECOM,2026-08,17140.0
09000,LODGING,2025-07,3880.0
09000,LODGING,2025-08,3880.0
09000,LODGING,2025-09,3880.0
09000,LODGING,2025-10,3880.0
09000,LODGING,2025-11,3880.0
09000,LODGING,2025-12,3880.0
09000,LODGING,2026-01,3880.0
09000,LODGING,2026-02,3880.0
09000,LODGING,2026-03,3880.0
09000,LODGING,2026-04,3880.0
09000,LODGING,2026-05,3880.0
09000,LODGING,2026-06,3880.0
09000,LODGING,2026-07,3880.0
09000,LODGING,2026-08,3880.0
09000,OFFICE_PRINT,2025-07,40720.0
09000,OFFICE_PRINT,2025-08,40720.0
09000,OFFICE_PRINT,2025-09,40720.0
09000,OFFICE_PRINT,2025-10,40720.0
09000,OFFICE_PRINT,2025-11,40720.0
09000,OFFICE_PRINT,2025-12,40720.0
09000,OFFICE_PRINT,2026-01,40720.0
09000,OFFICE_PRINT,2026-02,40720.0
09000,OFFICE_PRINT,2026-03,40720.0
09000,OFFICE_PRINT,2026-04,40720.0
09000,OFFICE_PRINT,2026-05,40720.0
09000,OFFICE_PRINT,2026-06,40720.0
09000,OFFICE_PRINT,2026-07,40720.0
09000,OFFICE_PRINT,2026-08,40720.0
09000,PROF_SERVICES,2025-07,14220.0
09000,PROF_SERVICES,2025-08,14220.0
09000,PROF_SERVICES,2025-09,14220.0
09000,PROF_SERVICES,2025-10,14220.0
09000,PROF_SERVICES,2025-11,14220.0
09000,PROF_SERVICES,2025-12,14220.0
09000,PROF_SERVICES,2026-01,14220.0
09000,PROF_SERVICES,2026-02,14220.0
09000,PROF_SERVICES,2026-03,14220.0
09000,PROF_SERVICES,2026-04,14220.0
09000,PROF_SERVICES,2026-05,14220.0
09000,PROF_SERVICES,2026-06,14220.0
09000,PROF_SERVICES,2026-07,14220.0
09000,PROF_SERVICES,2026-08,14220.0
09000,RETAIL_GENERAL,2025-07,29500.0
09000,RETAIL_GENERAL,2025-08,29500.0
09000,RETAIL_GENERAL,2025-09,29500.0
09000,RETAIL_GENERAL,2025-10,29500.0
09000,RETAIL_GENERAL,2025-11,29500.0
09000,RETAIL_GENERAL,2025-12,29500.0
09000,RETAIL_GENERAL,2026-01,29500.0
09000,RETAIL_GENERAL,2026-02,29500.0
09000,RETAIL_GENERAL,2026-03,29500.0
09000,RETAIL_GENERAL,2026-04,29500.0
09000,RETAIL_GENERAL,2026-05,29500.0
09000,RETAIL_GENERAL,2026-06,29500.0
09000,RETAIL_GENERAL,2026-07,29500.0
09000,RETAIL_GENERAL,2026-08,29500.0
09000,UTILITIES,2025-07,52450.0
09000,UTILITIES,2025-08,52450.0
09000,UTILITIES,2025-09,52450.0
09000,UTILITIES,2025-10,52450.0
09000,UTILITIES,2025-11,52450.0
09000,UTILITIES,2025-12,52450.0
09000,UTILITIES,2026-01,52450.0
09000,UTILITIES,2026-02,52450.0
09000,UTILITIES,2026-03,52450.0
09000,UTILITIES,2026-04,52450.0
09000,UTILITIES,2026-05,52450.0
09000,UTILITIES,2026-06,52450.0
09000,UTILITIES,2026-07,52450.0
09000,UTILITIES,2026-08,52450.0
09000,VEHICLE_FUEL,2025-07,1770.0
09000,VEHICLE_FUEL,2025-08,1770.0
09000,VEHICLE_FUEL,2025-09,1770.0
09000,VEHICLE_FUEL,2025-10,1770.0
09000,VEHICLE_FUEL,2025-11,1770.0
09000,VEHICLE_FUEL,2025-12,1770.0
09000,VEHICLE_FUEL,2026-01,1770.0
09000,VEHICLE_FUEL,2026-02,1770.0
09000,VEHICLE_FUEL,2026-03,1770.0
09000,VEHICLE_FUEL,2026-04,1770.0
09000,VEHICLE_FUEL,2026-05,1770.0
09000,VEHICLE_FUEL,2026-06,1770.0
09000,VEHICLE_FUEL,2026-07,1770.0
09000,VEHICLE_FUEL,2026-08,1770.0
09200,FEES_EDU_EVENTS,2025-07,850.0
09200,FEES_EDU_EVENTS,2025-08,850.0
09200,FEES_EDU_EVENTS,2025-09,850.0
09200,FEES_EDU_EVENTS,2025-10,850.0
09200,FEES_EDU_EVENTS,2025-11,850.0
09200,FEES_EDU_EVENTS,2025-12,850.0
09200,FEES_EDU_EVENTS,2026-01,850.0
09200,FEES_EDU_EVENTS,2026-02,850.0
09200,FEES_EDU_EVENTS,2026-03,850.0
09200,FEES_EDU_EVENTS,2026-04,850.0
09200,FEES_EDU_EVENTS,2026-05,850.0
09200,FEES_EDU_EVENTS,2026-06,850.0
09200,FEES_EDU_EVENTS,2026-07,850.0
09200,FEES_EDU_EVENTS,2026-08,850.0
09200,FOOD,2025-07,650.0
09200,FOOD,2025-08,650.0
09200,FOOD,2025-09,650.0
09200,FOOD,2025-10,650.0
09200,FOOD,2025-11,650.0
09200,FOOD,2025-12,650.0
09200,FOOD,2026-01,650.0
09200,FOOD,2026-02,650.0
09200,FOOD,2026-03,650.0
09200,FOOD,2026-04,650.0
09200,FOOD,2026-05,650.0
09200,FOOD,2026-06,650.0
09200,FOOD,2026-07,650.0
09200,FOOD,2026-08,650.0
09200,LODGING,2025-07,3570.0
09200,LODGING,2025-08,3570.0
09200,LODGING,2025-09,3570.0
09200,LODGING,2025-10,3570.0
09200,LODGING,2025-11,3570.0
09200,LODGING,2025-12,3570.0
09200,LODGING,2026-01,3570.0
09200,LODGING,2026-02,3570.0
09200,LODGING,2026-03,3570.0
09200,LODGING,2026-04,3570.0
09200,LODGING,2026-05,3570.0
09200,LODGING,2026-06,3570.0
09200,LODGING,2026-07,3570.0
09200,LODGING,2026-08,3570.0
09200,RETAIL_GENERAL,2025-07,350.0
09200,RETAIL_GENERAL,2025-08,350.0
09200,RETAIL_GENERAL,2025-09,350.0
09200,RETAIL_GENERAL,2025-10,350.0
09200,RETAIL_GENERAL,2025-11,350.0
09200,RETAIL_GENERAL,2025-12,350.0
09200,RETAIL_GENERAL,2026-01,350.0
09200,RETAIL_GENERAL,2026-02,350.0
09200,RETAIL_GENERAL,2026-03,350.0
09200,RETAIL_GENERAL,2026-04,350.0
09200,RETAIL_GENERAL,2026-05,350.0
09200,RETAIL_GENERAL,2026-06,350.0
09200,RETAIL_GENERAL,2026-07,350.0
09200,RETAIL_GENERAL,2026-08,350.0
10500,FEES_EDU_EVENTS,2025-07,780.0
10500,FEES_EDU_EVENTS,2025-08,780.0
10500,FEES_EDU_EVENTS,2025-09,780.0
10500,FEES_EDU_EVENTS,2025-10,780.0
10500,FEES_EDU_EVENTS,2025-11,780.0
10500,FEES_EDU_EVENTS,2025-12,780.0
10500,FEES_EDU_EVENTS,2026-01,780.0
10500,FEES_EDU_EVENTS,2026-02,780.0
10500,FEES_EDU_EVENTS,2026-03,780.0
10500,FEES_EDU_EVENTS,2026-04,780.0
10500,FEES_EDU_EVENTS,2026-05,780.0
10500,FEES_EDU_EVENTS,2026-06,780.0
10500,FEES_EDU_EVENTS,2026-07,780.0
10500,FEES_EDU_EVENTS,2026-08,780.0
10500,IT_TELECOM,2025-07,1600.0
10500,IT_TELECOM,2025-08,1600.0
10500,IT_TELECOM,2025-09,1600.0
10500,IT_TELECOM,2025-10,1600.0
10500,IT_TELECOM,2025-11,1600.0
10500,IT_TELECOM,2025-12,1600.0
10500,IT_TELECOM,2026-01,1600.0
10500,IT_TELECOM,2026-02,1600.0
10500,IT_TELECOM,2026-03,1600.0
10500,IT_TELECOM,2026-04,1600.0
10500,IT_TELECOM,2026-05,1600.0
10500,IT_TELECOM,2026-06,1600.0
10500,IT_TELECOM,2026-07,1600.0
10500,IT_TELECOM,2026-08,1600.0
10500,OFFICE_PRINT,2025-07,980.0
10500,OFFICE_PRINT,2025-08,980.0
10500,OFFICE_PRINT,2025-09,980.0
10500,OFFICE_PRINT,2025-10,980.0
10500,OFFICE_PRINT,2025-11,980.0
10500,OFFICE_PRINT,2025-12,980.0
10500,OFFICE_PRINT,2026-01,980.0
10500,OFFICE_PRINT,2026-02,980.0
10500,OFFICE_PRINT,2026-03,980.0
10500,OFFICE_PRINT,2026-04,980.0
10500,OFFICE_PRINT,2026-05,980.0
10500,OFFICE_PRINT,2026-06,980.0
10500,OFFICE_PRINT,2026-07,980.0
10500,OFFICE_PRINT,2026-08,980.0
10500,RETAIL_GENERAL,2025-07,440.0
10500,RETAIL_GENERAL,2025-08,440.0
10500,RETAIL_GENERAL,2025-09,440.0
10500,RETAIL_GENERAL,2025-10,440.0
10500,RETAIL_GENERAL,2025-11,440.0
10500,RETAIL_GENERAL,2025-12,440.0
10500,RETAIL_GENERAL,2026-01,440.0
10500,RETAIL_GENERAL,2026-02,440.0
10500,RETAIL_GENERAL,2026-03,440.0
10500,RETAIL_GENERAL,2026-04,440.0
10500,RETAIL_GENERAL,2026-05,440.0
10500,RETAIL_GENERAL,2026-06,440.0
10500,RETAIL_GENERAL,2026-07,440.0
10500,RETAIL_GENERAL,2026-08,440.0
12500,FEES_EDU_EVENTS,2025-07,860.0
12500,FEES_EDU_EVENTS,2025-08,860.0
12500,FEES_EDU_EVENTS,2025-09,860.0
12500,FEES_EDU_EVENTS,2025-10,860.0
12500,FEES_EDU_EVENTS,2025-11,860.0
12500,FEES_EDU_EVENTS,2025-12,860.0
12500,FEES_EDU_EVENTS,2026-01,860.0
12500,FEES_EDU_EVENTS,2026-02,860.0
12500,FEES_EDU_EVENTS,2026-03,860.0
12500,FEES_EDU_EVENTS,2026-04,860.0
12500,FEES_EDU_EVENTS,2026-05,860.0
12500,FEES_EDU_EVENTS,2026-06,860.0
12500,FEES_EDU_EVENTS,2026-07,860.0
12500,FEES_EDU_EVENTS,2026-08,860.0
12500,GROUND_TRANSPORT,2025-07,150.0
12500,GROUND_TRANSPORT,2025-08,150.0
12500,GROUND_TRANSPORT,2025-09,150.0
12500,GROUND_TRANSPORT,2025-10,150.0
12500,GROUND_TRANSPORT,2025-11,150.0
12500,GROUND_TRANSPORT,2025-12,150.0
12500,GROUND_TRANSPORT,2026-01,150.0
12500,GROUND_TRANSPORT,2026-02,150.0
12500,GROUND_TRANSPORT,2026-03,150.0
12500,GROUND_TRANSPORT,2026-04,150.0
12500,GROUND_TRANSPORT,2026-05,150.0
12500,GROUND_TRANSPORT,2026-06,150.0
12500,GROUND_TRANSPORT,2026-07,150.0
12500,GROUND_TRANSPORT,2026-08,150.0
12500,IT_TELECOM,2025-07,1600.0
12500,IT_TELECOM,2025-08,1600.0
12500,IT_TELECOM,2025-09,1600.0
12500,IT_TELECOM,2025-10,1600.0
12500,IT_TELECOM,2025-11,1600.0
12500,IT_TELECOM,2025-12,1600.0
12500,IT_TELECOM,2026-01,1600.0
12500,IT_TELECOM,2026-02,1600.0
12500,IT_TELECOM,2026-03,1600.0
12500,IT_TELECOM,2026-04,1600.0
12500,IT_TELECOM,2026-05,1600.0
12500,IT_TELECOM,2026-06,1600.0
12500,IT_TELECOM,2026-07,1600.0
12500,IT_TELECOM,2026-08,1600.0
12500,LODGING,2025-07,790.0
12500,LODGING,2025-08,790.0
12500,LODGING,2025-09,790.0
12500,LODGING,2025-10,790.0
12500,LODGING,2025-11,790.0
12500,LODGING,2025-12,790.0
12500,LODGING,2026-01,790.0
12500,LODGING,2026-02,790.0
12500,LODGING,2026-03,790.0
12500,LODGING,2026-04,790.0
12500,LODGING,2026-05,790.0
12500,LODGING,2026-06,790.0
12500,LODGING,2026-07,790.0
12500,LODGING,2026-08,790.0
12500,OFFICE_PRINT,2025-07,950.0
12500,OFFICE_PRINT,2025-08,950.0
12500,OFFICE_PRINT,2025-09,950.0
12500,OFFICE_PRINT,2025-10,950.0
12500,OFFICE_PRINT,2025-11,950.0
12500,OFFICE_PRINT,2025-12,950.0
12500,OFFICE_PRINT,2026-01,950.0
12500,OFFICE_PRINT,2026-02,950.0
12500,OFFICE_PRINT,2026-03,950.0
12500,OFFICE_PRINT,2026-04,950.0
12500,OFFICE_PRINT,2026-05,950.0
12500,OFFICE_PRINT,2026-06,950.0
12500,OFFICE_PRINT,2026-07,950.0
12500,OFFICE_PRINT,2026-08,950.0
12500,PROF_SERVICES,2025-07,1600.0
12500,PROF_SERVICES,2025-08,1600.0
12500,PROF_SERVICES,2025-09,1600.0
12500,PROF_SERVICES,2025-10,1600.0
12500,PROF_SERVICES,2025-11,1600.0
12500,PROF_SERVICES,2025-12,1600.0
12500,PROF_SERVICES,2026-01,1600.0
12500,PROF_SERVICES,2026-02,1600.0
12500,PROF_SERVICES,2026-03,1600.0
12500,PROF_SERVICES,2026-04,1600.0
12500,PROF_SERVICES,2026-05,1600.0
12500,PROF_SERVICES,2026-06,1600.0
12500,PROF_SERVICES,2026-07,1600.0
12500,PROF_SERVICES,2026-08,1600.0
12500,RETAIL_GENERAL,2025-07,380.0
12500,RETAIL_GENERAL,2025-08,380.0
12500,RETAIL_GENERAL,2025-09,380.0
12500,RETAIL_GENERAL,2025-10,380.0
12500,RETAIL_GENERAL,2025-11,380.0
12500,RETAIL_GENERAL,2025-12,380.0
12500,RETAIL_GENERAL,2026-01,380.0
12500,RETAIL_GENERAL,2026-02,380.0
12500,RETAIL_GENERAL,2026-03,380.0
12500,RETAIL_GENERAL,2026-04,380.0
12500,RETAIL_GENERAL,2026-05,380.0
12500,RETAIL_GENERAL,2026-06,380.0
12500,RETAIL_GENERAL,2026-07,380.0
12500,RETAIL_GENERAL,2026-08,380.0
12700,FEES_EDU_EVENTS,2025-07,370.0
12700,FEES_EDU_EVENTS,2025-08,370.0
12700,FEES_EDU_EVENTS,2025-09,370.0
12700,FEES_EDU_EVENTS,2025-10,370.0
12700,FEES_EDU_EVENTS,2025-11,370.0
12700,FEES_EDU_EVENTS,2025-12,370.0
12700,FEES_EDU_EVENTS,2026-01,370.0
12700,FEES_EDU_EVENTS,2026-02,370.0
12700,FEES_EDU_EVENTS,2026-03,370.0
12700,FEES_EDU_EVENTS,2026-04,370.0
12700,FEES_EDU_EVENTS,2026-05,370.0
12700,FEES_EDU_EVENTS,2026-06,370.0
12700,FEES_EDU_EVENTS,2026-07,370.0
12700,FEES_EDU_EVENTS,2026-08,370.0
12700,FOOD,2025-07,330.0
12700,FOOD,2025-08,330.0
12700,FOOD,2025-09,330.0
12700,FOOD,2025-10,330.0
12700,FOOD,2025-11,330.0
12700,FOOD,2025-12,330.0
12700,FOOD,2026-01,330.0
12700,FOOD,2026-02,330.0
12700,FOOD,2026-03,330.0
12700,FOOD,2026-04,330.0
12700,FOOD,2026-05,330.0
12700,FOOD,2026-06,330.0
12700,FOOD,2026-07,330.0
12700,FOOD,2026-08,330.0
12700,IT_TELECOM,2025-07,160.0
12700,IT_TELECOM,2025-08,160.0
12700,IT_TELECOM,2025-09,160.0
12700,IT_TELECOM,2025-10,160.0
12700,IT_TELECOM,2025-11,160.0
12700,IT_TELECOM,2025-12,160.0
12700,IT_TELECOM,2026-01,160.0
12700,IT_TELECOM,2026-02,160.0
12700,IT_TELECOM,2026-03,160.0
12700,IT_TELECOM,2026-04,160.0
12700,IT_TELECOM,2026-05,160.0
12700,IT_TELECOM,2026-06,160.0
12700,IT_TELECOM,2026-07,160.0
12700,IT_TELECOM,2026-08,160.0
12700,LODGING,2025-07,730.0
12700,LODGING,2025-08,730.0
12700,LODGING,2025-09,730.0
12700,LODGING,2025-10,730.0
12700,LODGING,2025-11,730.0
12700,LODGING,2025-12,730.0
12700,LODGING,2026-01,730.0
12700,LODGING,2026-02,730.0
12700,LODGING,2026-03,730.0
12700,LODGING,2026-04,730.0
12700,LODGING,2026-05,730.0
12700,LODGING,2026-06,730.0
12700,LODGING,2026-07,730.0
12700,LODGING,2026-08,730.0
12700,RETAIL_GENERAL,2025-07,500.0
12700,RETAIL_GENERAL,2025-08,500.0
12700,RETAIL_GENERAL,2025-09,500.0
12700,RETAIL_GENERAL,2025-10,500.0
12700,RETAIL_GENERAL,2025-11,500.0
12700,RETAIL_GENERAL,2025-12,500.0
12700,RETAIL_GENERAL,2026-01,500.0
12700,RETAIL_GENERAL,2026-02,500.0
12700,RETAIL_GENERAL,2026-03,500.0
12700,RETAIL_GENERAL,2026-04,500.0
12700,RETAIL_GENERAL,2026-05,500.0
12700,RETAIL_GENERAL,2026-06,500.0
12700,RETAIL_GENERAL,2026-07,500.0
12700,RETAIL_GENERAL,2026-08,500.0
13100,AGRI_ANIMAL,2025-07,4020.0
13100,AGRI_ANIMAL,2025-08,4020.0
13100,AGRI_ANIMAL,2025-09,4020.0
13100,AGRI_ANIMAL,2025-10,4020.0
13100,AGRI_ANIMAL,2025-11,4020.0
13100,AGRI_ANIMAL,2025-12,4020.0
13100,AGRI_ANIMAL,2026-01,4020.0
13100,AGRI_ANIMAL,2026-02,4020.0
13100,AGRI_ANIMAL,2026-03,4020.0
13100,AGRI_ANIMAL,2026-04,4020.0
13100,AGRI_ANIMAL,2026-05,4020.0
13100,AGRI_ANIMAL,2026-06,4020.0
13100,AGRI_ANIMAL,2026-07,4020.0
13100,AGRI_ANIMAL,2026-08,4020.0
13100,AIR_TRAVEL,2025-07,12350.0
13100,AIR_TRAVEL,2025-08,12350.0
13100,AIR_TRAVEL,2025-09,12350.0
13100,AIR_TRAVEL,2025-10,12350.0
13100,AIR_TRAVEL,2025-11,12350.0
13100,AIR_TRAVEL,2025-12,12350.0
13100,AIR_TRAVEL,2026-01,12350.0
13100,AIR_TRAVEL,2026-02,12350.0
13100,AIR_TRAVEL,2026-03,12350.0
13100,AIR_TRAVEL,2026-04,12350.0
13100,AIR_TRAVEL,2026-05,12350.0
13100,AIR_TRAVEL,2026-06,12350.0
13100,AIR_TRAVEL,2026-07,12350.0
13100,AIR_TRAVEL,2026-08,12350.0
13100,APPAREL_SPORTS,2025-07,14920.0
13100,APPAREL_SPORTS,2025-08,14920.0
13100,APPAREL_SPORTS,2025-09,14920.0
13100,APPAREL_SPORTS,2025-10,14920.0
13100,APPAREL_SPORTS,2025-11,14920.0
13100,APPAREL_SPORTS,2025-12,14920.0
13100,APPAREL_SPORTS,2026-01,14920.0
13100,APPAREL_SPORTS,2026-02,14920.0
13100,APPAREL_SPORTS,2026-03,14920.0
13100,APPAREL_SPORTS,2026-04,14920.0
13100,APPAREL_SPORTS,2026-05,14920.0
13100,APPAREL_SPORTS,2026-06,14920.0
13100,APPAREL_SPORTS,2026-07,14920.0
13100,APPAREL_SPORTS,2026-08,14920.0
13100,FACILITIES_MRO,2025-07,385480.0
13100,FACILITIES_MRO,2025-08,385480.0
13100,FACILITIES_MRO,2025-09,385480.0
13100,FACILITIES_MRO,2025-10,385480.0
13100,FACILITIES_MRO,2025-11,385480.0
13100,FACILITIES_MRO,2025-12,385480.0
13100,FACILITIES_MRO,2026-01,385480.0
13100,FACILITIES_MRO,2026-02,385480.0
13100,FACILITIES_MRO,2026-03,385480.0
13100,FACILITIES_MRO,2026-04,385480.0
13100,FACILITIES_MRO,2026-05,385480.0
13100,FACILITIES_MRO,2026-06,385480.0
13100,FACILITIES_MRO,2026-07,385480.0
13100,FACILITIES_MRO,2026-08,385480.0
13100,FEES_EDU_EVENTS,2025-07,23390.0
13100,FEES_EDU_EVENTS,2025-08,23390.0
13100,FEES_EDU_EVENTS,2025-09,23390.0
13100,FEES_EDU_EVENTS,2025-10,23390.0
13100,FEES_EDU_EVENTS,2025-11,23390.0
13100,FEES_EDU_EVENTS,2025-12,23390.0
13100,FEES_EDU_EVENTS,2026-01,23390.0
13100,FEES_EDU_EVENTS,2026-02,23390.0
13100,FEES_EDU_EVENTS,2026-03,23390.0
13100,FEES_EDU_EVENTS,2026-04,23390.0
13100,FEES_EDU_EVENTS,2026-05,23390.0
13100,FEES_EDU_EVENTS,2026-06,23390.0
13100,FEES_EDU_EVENTS,2026-07,23390.0
13100,FEES_EDU_EVENTS,2026-08,23390.0
13100,FOOD,2025-07,1160.0
13100,FOOD,2025-08,1160.0
13100,FOOD,2025-09,1160.0
13100,FOOD,2025-10,1160.0
13100,FOOD,2025-11,1160.0
13100,FOOD,2025-12,1160.0
13100,FOOD,2026-01,1160.0
13100,FOOD,2026-02,1160.0
13100,FOOD,2026-03,1160.0
13100,FOOD,2026-04,1160.0
13100,FOOD,2026-05,1160.0
13100,FOOD,2026-06,1160.0
13100,FOOD,2026-07,1160.0
13100,FOOD,2026-08,1160.0
13100,GROUND_TRANSPORT,2025-07,1650.0
13100,GROUND_TRANSPORT,2025-08,1650.0
13100,GROUND_TRANSPORT,2025-09,1650.0
13100,GROUND_TRANSPORT,2025-10,1650.0
13100,GROUND_TRANSPORT,2025-11,1650.0
13100,GROUND_TRANSPORT,2025-12,1650.0
13100,GROUND_TRANSPORT,2026-01,1650.0
13100,GROUND_TRANSPORT,2026-02,1650.0
13100,GROUND_TRANSPORT,2026-03,1650.0
13100,GROUND_TRANSPORT,2026-04,1650.0
13100,GROUND_TRANSPORT,2026-05,1650.0
13100,GROUND_TRANSPORT,2026-06,1650.0
13100,GROUND_TRANSPORT,2026-07,1650.0
13100,GROUND_TRANSPORT,2026-08,1650.0
13100,IT_TELECOM,2025-07,134270.0
13100,IT_TELECOM,2025-08,134270.0
13100,IT_TELECOM,2025-09,134270.0
13100,IT_TELECOM,2025-10,134270.0
13100,IT_TELECOM,2025-11,134270.0
13100,IT_TELECOM,2025-12,134270.0
13100,IT_TELECOM,2026-01,134270.0
13100,IT_TELECOM,2026-02,134270.0
13100,IT_TELECOM,2026-03,134270.0
13100,IT_TELECOM,2026-04,134270.0
13100,IT_TELECOM,2026-05,134270.0
13100,IT_TELECOM,2026-06,134270.0
13100,IT_TELECOM,2026-07,134270.0
13100,IT_TELECOM,2026-08,134270.0
13100,LODGING,2025-07,16440.0
13100,LODGING,2025-08,16440.0
13100,LODGING,2025-09,16440.0
13100,LODGING,2025-10,16440.0
13100,LODGING,2025-11,16440.0
13100,LODGING,2025-12,16440.0
13100,LODGING,2026-01,16440.0
13100,LODGING,2026-02,16440.0
13100,LODGING,2026-03,16440.0
13100,LODGING,2026-04,16440.0
13100,LODGING,2026-05,16440.0
13100,LODGING,2026-06,16440.0
13100,LODGING,2026-07,16440.0
13100,LODGING,2026-08,16440.0
13100,MEDICAL_LAB,2025-07,33880.0
13100,MEDICAL_LAB,2025-08,33880.0
13100,MEDICAL_LAB,2025-09,33880.0
13100,MEDICAL_LAB,2025-10,33880.0
13100,MEDICAL_LAB,2025-11,33880.0
13100,MEDICAL_LAB,2025-12,33880.0
13100,MEDICAL_LAB,2026-01,33880.0
13100,MEDICAL_LAB,2026-02,33880.0
13100,MEDICAL_LAB,2026-03,33880.0
13100,MEDICAL_LAB,2026-04,33880.0
13100,MEDICAL_LAB,2026-05,33880.0
13100,MEDICAL_LAB,2026-06,33880.0
13100,MEDICAL_LAB,2026-07,33880.0
13100,MEDICAL_LAB,2026-08,33880.0
13100,OFFICE_PRINT,2025-07,18420.0
13100,OFFICE_PRINT,2025-08,18420.0
13100,OFFICE_PRINT,2025-09,18420.0
13100,OFFICE_PRINT,2025-10,18420.0
13100,OFFICE_PRINT,2025-11,18420.0
13100,OFFICE_PRINT,2025-12,18420.0
13100,OFFICE_PRINT,2026-01,18420.0
13100,OFFICE_PRINT,2026-02,18420.0
13100,OFFICE_PRINT,2026-03,18420.0
13100,OFFICE_PRINT,2026-04,18420.0
13100,OFFICE_PRINT,2026-05,18420.0
13100,OFFICE_PRINT,2026-06,18420.0
13100,OFFICE_PRINT,2026-07,18420.0
13100,OFFICE_PRINT,2026-08,18420.0
13100,PROF_SERVICES,2025-07,117370.0
13100,PROF_SERVICES,2025-08,117370.0
13100,PROF_SERVICES,2025-09,117370.0
13100,PROF_SERVICES,2025-10,117370.0
13100,PROF_SERVICES,2025-11,117370.0
13100,PROF_SERVICES,2025-12,117370.0
13100,PROF_SERVICES,2026-01,117370.0
13100,PROF_SERVICES,2026-02,117370.0
13100,PROF_SERVICES,2026-03,117370.0
13100,PROF_SERVICES,2026-04,117370.0
13100,PROF_SERVICES,2026-05,117370.0
13100,PROF_SERVICES,2026-06,117370.0
13100,PROF_SERVICES,2026-07,117370.0
13100,PROF_SERVICES,2026-08,117370.0
13100,RETAIL_GENERAL,2025-07,386140.0
13100,RETAIL_GENERAL,2025-08,386140.0
13100,RETAIL_GENERAL,2025-09,386140.0
13100,RETAIL_GENERAL,2025-10,386140.0
13100,RETAIL_GENERAL,2025-11,386140.0
13100,RETAIL_GENERAL,2025-12,386140.0
13100,RETAIL_GENERAL,2026-01,386140.0
13100,RETAIL_GENERAL,2026-02,386140.0
13100,RETAIL_GENERAL,2026-03,386140.0
13100,RETAIL_GENERAL,2026-04,386140.0
13100,RETAIL_GENERAL,2026-05,386140.0
13100,RETAIL_GENERAL,2026-06,386140.0
13100,RETAIL_GENERAL,2026-07,386140.0
13100,RETAIL_GENERAL,2026-08,386140.0
13100,UTILITIES,2025-07,4110.0
13100,UTILITIES,2025-08,4110.0
13100,UTILITIES,2025-09,4110.0
13100,UTILITIES,2025-10,4110.0
13100,UTILITIES,2025-11,4110.0
13100,UTILITIES,2025-12,4110.0
13100,UTILITIES,2026-01,4110.0
13100,UTILITIES,2026-02,4110.0
13100,UTILITIES,2026-03,4110.0
13100,UTILITIES,2026-04,4110.0
13100,UTILITIES,2026-05,4110.0
13100,UTILITIES,2026-06,4110.0
13100,UTILITIES,2026-07,4110.0
13100,UTILITIES,2026-08,4110.0
13100,VEHICLE_FUEL,2025-07,44260.0
13100,VEHICLE_FUEL,2025-08,44260.0
13100,VEHICLE_FUEL,2025-09,44260.0
13100,VEHICLE_FUEL,2025-10,44260.0
13100,VEHICLE_FUEL,2025-11,44260.0
13100,VEHICLE_FUEL,2025-12,44260.0
13100,VEHICLE_FUEL,2026-01,44260.0
13100,VEHICLE_FUEL,2026-02,44260.0
13100,VEHICLE_FUEL,2026-03,44260.0
13100,VEHICLE_FUEL,2026-04,44260.0
13100,VEHICLE_FUEL,2026-05,44260.0
13100,VEHICLE_FUEL,2026-06,44260.0
13100,VEHICLE_FUEL,2026-07,44260.0
13100,VEHICLE_FUEL,2026-08,44260.0
14500,IT_TELECOM,2025-07,670.0
14500,IT_TELECOM,2025-08,670.0
14500,IT_TELECOM,2025-09,670.0
14500,IT_TELECOM,2025-10,670.0
14500,IT_TELECOM,2025-11,670.0
14500,IT_TELECOM,2025-12,670.0
14500,IT_TELECOM,2026-01,670.0
14500,IT_TELECOM,2026-02,670.0
14500,IT_TELECOM,2026-03,670.0
14500,IT_TELECOM,2026-04,670.0
14500,IT_TELECOM,2026-05,670.0
14500,IT_TELECOM,2026-06,670.0
14500,IT_TELECOM,2026-07,670.0
14500,IT_TELECOM,2026-08,670.0
14500,OFFICE_PRINT,2025-07,560.0
14500,OFFICE_PRINT,2025-08,560.0
14500,OFFICE_PRINT,2025-09,560.0
14500,OFFICE_PRINT,2025-10,560.0
14500,OFFICE_PRINT,2025-11,560.0
14500,OFFICE_PRINT,2025-12,560.0
14500,OFFICE_PRINT,2026-01,560.0
14500,OFFICE_PRINT,2026-02,560.0
14500,OFFICE_PRINT,2026-03,560.0
14500,OFFICE_PRINT,2026-04,560.0
14500,OFFICE_PRINT,2026-05,560.0
14500,OFFICE_PRINT,2026-06,560.0
14500,OFFICE_PRINT,2026-07,560.0
14500,OFFICE_PRINT,2026-08,560.0
14500,RETAIL_GENERAL,2025-07,160.0
14500,RETAIL_GENERAL,2025-08,160.0
14500,RETAIL_GENERAL,2025-09,160.0
14500,RETAIL_GENERAL,2025-10,160.0
14500,RETAIL_GENERAL,2025-11,160.0
14500,RETAIL_GENERAL,2025-12,160.0
14500,RETAIL_GENERAL,2026-01,160.0
14500,RETAIL_GENERAL,2026-02,160.0
14500,RETAIL_GENERAL,2026-03,160.0
14500,RETAIL_GENERAL,2026-04,160.0
14500,RETAIL_GENERAL,2026-05,160.0
14500,RETAIL_GENERAL,2026-06,160.0
14500,RETAIL_GENERAL,2026-07,160.0
14500,RETAIL_GENERAL,2026-08,160.0
15000,AGRI_ANIMAL,2025-07,850.0
15000,AGRI_ANIMAL,2025-08,850.0
15000,AGRI_ANIMAL,2025-09,850.0
15000,AGRI_ANIMAL,2025-10,850.0
15000,AGRI_ANIMAL,2025-11,850.0
15000,AGRI_ANIMAL,2025-12,850.0
15000,AGRI_ANIMAL,2026-01,850.0
15000,AGRI_ANIMAL,2026-02,850.0
15000,AGRI_ANIMAL,2026-03,850.0
15000,AGRI_ANIMAL,2026-04,850.0
15000,AGRI_ANIMAL,2026-05,850.0
15000,AGRI_ANIMAL,2026-06,850.0
15000,AGRI_ANIMAL,2026-07,850.0
15000,AGRI_ANIMAL,2026-08,850.0
15000,AIR_TRAVEL,2025-07,870.0
15000,AIR_TRAVEL,2025-08,870.0
15000,AIR_TRAVEL,2025-09,870.0
15000,AIR_TRAVEL,2025-10,870.0
15000,AIR_TRAVEL,2025-11,870.0
15000,AIR_TRAVEL,2025-12,870.0
15000,AIR_TRAVEL,2026-01,870.0
15000,AIR_TRAVEL,2026-02,870.0
15000,AIR_TRAVEL,2026-03,870.0
15000,AIR_TRAVEL,2026-04,870.0
15000,AIR_TRAVEL,2026-05,870.0
15000,AIR_TRAVEL,2026-06,870.0
15000,AIR_TRAVEL,2026-07,870.0
15000,AIR_TRAVEL,2026-08,870.0
15000,APPAREL_SPORTS,2025-07,4960.0
15000,APPAREL_SPORTS,2025-08,4960.0
15000,APPAREL_SPORTS,2025-09,4960.0
15000,APPAREL_SPORTS,2025-10,4960.0
15000,APPAREL_SPORTS,2025-11,4960.0
15000,APPAREL_SPORTS,2025-12,4960.0
15000,APPAREL_SPORTS,2026-01,4960.0
15000,APPAREL_SPORTS,2026-02,4960.0
15000,APPAREL_SPORTS,2026-03,4960.0
15000,APPAREL_SPORTS,2026-04,4960.0
15000,APPAREL_SPORTS,2026-05,4960.0
15000,APPAREL_SPORTS,2026-06,4960.0
15000,APPAREL_SPORTS,2026-07,4960.0
15000,APPAREL_SPORTS,2026-08,4960.0
15000,FACILITIES_MRO,2025-07,8760.0
15000,FACILITIES_MRO,2025-08,8760.0
15000,FACILITIES_MRO,2025-09,8760.0
15000,FACILITIES_MRO,2025-10,8760.0
15000,FACILITIES_MRO,2025-11,8760.0
15000,FACILITIES_MRO,2025-12,8760.0
15000,FACILITIES_MRO,2026-01,8760.0
15000,FACILITIES_MRO,2026-02,8760.0
15000,FACILITIES_MRO,2026-03,8760.0
15000,FACILITIES_MRO,2026-04,8760.0
15000,FACILITIES_MRO,2026-05,8760.0
15000,FACILITIES_MRO,2026-06,8760.0
15000,FACILITIES_MRO,2026-07,8760.0
15000,FACILITIES_MRO,2026-08,8760.0
15000,FEES_EDU_EVENTS,2025-07,8350.0
15000,FEES_EDU_EVENTS,2025-08,8350.0
15000,FEES_EDU_EVENTS,2025-09,8350.0
15000,FEES_EDU_EVENTS,2025-10,8350.0
15000,FEES_EDU_EVENTS,2025-11,8350.0
15000,FEES_EDU_EVENTS,2025-12,8350.0
15000,FEES_EDU_EVENTS,2026-01,8350.0
15000,FEES_EDU_EVENTS,2026-02,8350.0
15000,FEES_EDU_EVENTS,2026-03,8350.0
15000,FEES_EDU_EVENTS,2026-04,8350.0
15000,FEES_EDU_EVENTS,2026-05,8350.0
15000,FEES_EDU_EVENTS,2026-06,8350.0
15000,FEES_EDU_EVENTS,2026-07,8350.0
15000,FEES_EDU_EVENTS,2026-08,8350.0
15000,FOOD,2025-07,13110.0
15000,FOOD,2025-08,13110.0
15000,FOOD,2025-09,13110.0
15000,FOOD,2025-10,13110.0
15000,FOOD,2025-11,13110.0
15000,FOOD,2025-12,13110.0
15000,FOOD,2026-01,13110.0
15000,FOOD,2026-02,13110.0
15000,FOOD,2026-03,13110.0
15000,FOOD,2026-04,13110.0
15000,FOOD,2026-05,13110.0
15000,FOOD,2026-06,13110.0
15000,FOOD,2026-07,13110.0
15000,FOOD,2026-08,13110.0
15000,GROUND_TRANSPORT,2025-07,420.0
15000,GROUND_TRANSPORT,2025-08,420.0
15000,GROUND_TRANSPORT,2025-09,420.0
15000,GROUND_TRANSPORT,2025-10,420.0
15000,GROUND_TRANSPORT,2025-11,420.0
15000,GROUND_TRANSPORT,2025-12,420.0
15000,GROUND_TRANSPORT,2026-01,420.0
15000,GROUND_TRANSPORT,2026-02,420.0
15000,GROUND_TRANSPORT,2026-03,420.0
15000,GROUND_TRANSPORT,2026-04,420.0
15000,GROUND_TRANSPORT,2026-05,420.0
15000,GROUND_TRANSPORT,2026-06,420.0
15000,GROUND_TRANSPORT,2026-07,420.0
15000,GROUND_TRANSPORT,2026-08,420.0
15000,IT_TELECOM,2025-07,6350.0
15000,IT_TELECOM,2025-08,6350.0
15000,IT_TELECOM,2025-09,6350.0
15000,IT_TELECOM,2025-10,6350.0
15000,IT_TELECOM,2025-11,6350.0
15000,IT_TELECOM,2025-12,6350.0
15000,IT_TELECOM,2026-01,6350.0
15000,IT_TELECOM,2026-02,6350.0
15000,IT_TELECOM,2026-03,6350.0
15000,IT_TELECOM,2026-04,6350.0
15000,IT_TELECOM,2026-05,6350.0
15000,IT_TELECOM,2026-06,6350.0
15000,IT_TELECOM,2026-07,6350.0
15000,IT_TELECOM,2026-08,6350.0
15000,LODGING,2025-07,8750.0
15000,LODGING,2025-08,8750.0
15000,LODGING,2025-09,8750.0
15000,LODGING,2025-10,8750.0
15000,LODGING,2025-11,8750.0
15000,LODGING,2025-12,8750.0
15000,LODGING,2026-01,8750.0
15000,LODGING,2026-02,8750.0
15000,LODGING,2026-03,8750.0
15000,LODGING,2026-04,8750.0
15000,LODGING,2026-05,8750.0
15000,LODGING,2026-06,8750.0
15000,LODGING,2026-07,8750.0
15000,LODGING,2026-08,8750.0
15000,MEDICAL_LAB,2025-07,3710.0
15000,MEDICAL_LAB,2025-08,3710.0
15000,MEDICAL_LAB,2025-09,3710.0
15000,MEDICAL_LAB,2025-10,3710.0
15000,MEDICAL_LAB,2025-11,3710.0
15000,MEDICAL_LAB,2025-12,3710.0
15000,MEDICAL_LAB,2026-01,3710.0
15000,MEDICAL_LAB,2026-02,3710.0
15000,MEDICAL_LAB,2026-03,3710.0
15000,MEDICAL_LAB,2026-04,3710.0
15000,MEDICAL_LAB,2026-05,3710.0
15000,MEDICAL_LAB,2026-06,3710.0
15000,MEDICAL_LAB,2026-07,3710.0
15000,MEDICAL_LAB,2026-08,3710.0
15000,OFFICE_PRINT,2025-07,4920.0
15000,OFFICE_PRINT,2025-08,4920.0
15000,OFFICE_PRINT,2025-09,4920.0
15000,OFFICE_PRINT,2025-10,4920.0
15000,OFFICE_PRINT,2025-11,4920.0
15000,OFFICE_PRINT,2025-12,4920.0
15000,OFFICE_PRINT,2026-01,4920.0
15000,OFFICE_PRINT,2026-02,4920.0
15000,OFFICE_PRINT,2026-03,4920.0
15000,OFFICE_PRINT,2026-04,4920.0
15000,OFFICE_PRINT,2026-05,4920.0
15000,OFFICE_PRINT,2026-06,4920.0
15000,OFFICE_PRINT,2026-07,4920.0
15000,OFFICE_PRINT,2026-08,4920.0
15000,PROF_SERVICES,2025-07,9680.0
15000,PROF_SERVICES,2025-08,9680.0
15000,PROF_SERVICES,2025-09,9680.0
15000,PROF_SERVICES,2025-10,9680.0
15000,PROF_SERVICES,2025-11,9680.0
15000,PROF_SERVICES,2025-12,9680.0
15000,PROF_SERVICES,2026-01,9680.0
15000,PROF_SERVICES,2026-02,9680.0
15000,PROF_SERVICES,2026-03,9680.0
15000,PROF_SERVICES,2026-04,9680.0
15000,PROF_SERVICES,2026-05,9680.0
15000,PROF_SERVICES,2026-06,9680.0
15000,PROF_SERVICES,2026-07,9680.0
15000,PROF_SERVICES,2026-08,9680.0
15000,RETAIL_GENERAL,2025-07,7770.0
15000,RETAIL_GENERAL,2025-08,7770.0
15000,RETAIL_GENERAL,2025-09,7770.0
15000,RETAIL_GENERAL,2025-10,7770.0
15000,RETAIL_GENERAL,2025-11,7770.0
15000,RETAIL_GENERAL,2025-12,7770.0
15000,RETAIL_GENERAL,2026-01,7770.0
15000,RETAIL_GENERAL,2026-02,7770.0
15000,RETAIL_GENERAL,2026-03,7770.0
15000,RETAIL_GENERAL,2026-04,7770.0
15000,RETAIL_GENERAL,2026-05,7770.0
15000,RETAIL_GENERAL,2026-06,7770.0
15000,RETAIL_GENERAL,2026-07,7770.0
15000,RETAIL_GENERAL,2026-08,7770.0
15000,VEHICLE_FUEL,2025-07,2400.0
15000,VEHICLE_FUEL,2025-08,2400.0
15000,VEHICLE_FUEL,2025-09,2400.0
15000,VEHICLE_FUEL,2025-10,2400.0
15000,VEHICLE_FUEL,2025-11,2400.0
15000,VEHICLE_FUEL,2025-12,2400.0
15000,VEHICLE_FUEL,2026-01,2400.0
15000,VEHICLE_FUEL,2026-02,2400.0
15000,VEHICLE_FUEL,2026-03,2400.0
15000,VEHICLE_FUEL,2026-04,2400.0
15000,VEHICLE_FUEL,2026-05,2400.0
15000,VEHICLE_FUEL,2026-06,2400.0
15000,VEHICLE_FUEL,2026-07,2400.0
15000,VEHICLE_FUEL,2026-08,2400.0
16000,AIR_TRAVEL,2025-07,20690.0
16000,AIR_TRAVEL,2025-08,20690.0
16000,AIR_TRAVEL,2025-09,20690.0
16000,AIR_TRAVEL,2025-10,20690.0
16000,AIR_TRAVEL,2025-11,20690.0
16000,AIR_TRAVEL,2025-12,20690.0
16000,AIR_TRAVEL,2026-01,20690.0
16000,AIR_TRAVEL,2026-02,20690.0
16000,AIR_TRAVEL,2026-03,20690.0
16000,AIR_TRAVEL,2026-04,20690.0
16000,AIR_TRAVEL,2026-05,20690.0
16000,AIR_TRAVEL,2026-06,20690.0
16000,AIR_TRAVEL,2026-07,20690.0
16000,AIR_TRAVEL,2026-08,20690.0
16000,FEES_EDU_EVENTS,2025-07,4160.0
16000,FEES_EDU_EVENTS,2025-08,4160.0
16000,FEES_EDU_EVENTS,2025-09,4160.0
16000,FEES_EDU_EVENTS,2025-10,4160.0
16000,FEES_EDU_EVENTS,2025-11,4160.0
16000,FEES_EDU_EVENTS,2025-12,4160.0
16000,FEES_EDU_EVENTS,2026-01,4160.0
16000,FEES_EDU_EVENTS,2026-02,4160.0
16000,FEES_EDU_EVENTS,2026-03,4160.0
16000,FEES_EDU_EVENTS,2026-04,4160.0
16000,FEES_EDU_EVENTS,2026-05,4160.0
16000,FEES_EDU_EVENTS,2026-06,4160.0
16000,FEES_EDU_EVENTS,2026-07,4160.0
16000,FEES_EDU_EVENTS,2026-08,4160.0
16000,GROUND_TRANSPORT,2025-07,370.0
16000,GROUND_TRANSPORT,2025-08,370.0
16000,GROUND_TRANSPORT,2025-09,370.0
16000,GROUND_TRANSPORT,2025-10,370.0
16000,GROUND_TRANSPORT,2025-11,370.0
16000,GROUND_TRANSPORT,2025-12,370.0
16000,GROUND_TRANSPORT,2026-01,370.0
16000,GROUND_TRANSPORT,2026-02,370.0
16000,GROUND_TRANSPORT,2026-03,370.0
16000,GROUND_TRANSPORT,2026-04,370.0
16000,GROUND_TRANSPORT,2026-05,370.0
16000,GROUND_TRANSPORT,2026-06,370.0
16000,GROUND_TRANSPORT,2026-07,370.0
16000,GROUND_TRANSPORT,2026-08,370.0
16000,IT_TELECOM,2025-07,2180.0
16000,IT_TELECOM,2025-08,2180.0
16000,IT_TELECOM,2025-09,2180.0
16000,IT_TELECOM,2025-10,2180.0
16000,IT_TELECOM,2025-11,2180.0
16000,IT_TELECOM,2025-12,2180.0
16000,IT_TELECOM,2026-01,2180.0
16000,IT_TELECOM,2026-02,2180.0
16000,IT_TELECOM,2026-03,2180.0
16000,IT_TELECOM,2026-04,2180.0
16000,IT_TELECOM,2026-05,2180.0
16000,IT_TELECOM,2026-06,2180.0
16000,IT_TELECOM,2026-07,2180.0
16000,IT_TELECOM,2026-08,2180.0
16000,LODGING,2025-07,16990.0
16000,LODGING,2025-08,16990.0
16000,LODGING,2025-09,16990.0
16000,LODGING,2025-10,16990.0
16000,LODGING,2025-11,16990.0
16000,LODGING,2025-12,16990.0
16000,LODGING,2026-01,16990.0
16000,LODGING,2026-02,16990.0
16000,LODGING,2026-03,16990.0
16000,LODGING,2026-04,16990.0
16000,LODGING,2026-05,16990.0
16000,LODGING,2026-06,16990.0
16000,LODGING,2026-07,16990.0
16000,LODGING,2026-08,16990.0
16000,PROF_SERVICES,2025-07,3050.0
16000,PROF_SERVICES,2025-08,3050.0
16000,PROF_SERVICES,2025-09,3050.0
16000,PROF_SERVICES,2025-10,3050.0
16000,PROF_SERVICES,2025-11,3050.0
16000,PROF_SERVICES,2025-12,3050.0
16000,PROF_SERVICES,2026-01,3050.0
16000,PROF_SERVICES,2026-02,3050.0
16000,PROF_SERVICES,2026-03,3050.0
16000,PROF_SERVICES,2026-04,3050.0
16000,PROF_SERVICES,2026-05,3050.0
16000,PROF_SERVICES,2026-06,3050.0
16000,PROF_SERVICES,2026-07,3050.0
16000,PROF_SERVICES,2026-08,3050.0
16000,RETAIL_GENERAL,2025-07,910.0
16000,RETAIL_GENERAL,2025-08,910.0
16000,RETAIL_GENERAL,2025-09,910.0
16000,RETAIL_GENERAL,2025-10,910.0
16000,RETAIL_GENERAL,2025-11,910.0
16000,RETAIL_GENERAL,2025-12,910.0
16000,RETAIL_GENERAL,2026-01,910.0
16000,RETAIL_GENERAL,2026-02,910.0
16000,RETAIL_GENERAL,2026-03,910.0
16000,RETAIL_GENERAL,2026-04,910.0
16000,RETAIL_GENERAL,2026-05,910.0
16000,RETAIL_GENERAL,2026-06,910.0
16000,RETAIL_GENERAL,2026-07,910.0
16000,RETAIL_GENERAL,2026-08,910.0
18500,AIR_TRAVEL,2025-07,5480.0
18500,AIR_TRAVEL,2025-08,5480.0
18500,AIR_TRAVEL,2025-09,5480.0
18500,AIR_TRAVEL,2025-10,5480.0
18500,AIR_TRAVEL,2025-11,5480.0
18500,AIR_TRAVEL,2025-12,5480.0
18500,AIR_TRAVEL,2026-01,5480.0
18500,AIR_TRAVEL,2026-02,5480.0
18500,AIR_TRAVEL,2026-03,5480.0
18500,AIR_TRAVEL,2026-04,5480.0
18500,AIR_TRAVEL,2026-05,5480.0
18500,AIR_TRAVEL,2026-06,5480.0
18500,AIR_TRAVEL,2026-07,5480.0
18500,AIR_TRAVEL,2026-08,5480.0
18500,APPAREL_SPORTS,2025-07,7390.0
18500,APPAREL_SPORTS,2025-08,7390.0
18500,APPAREL_SPORTS,2025-09,7390.0
18500,APPAREL_SPORTS,2025-10,7390.0
18500,APPAREL_SPORTS,2025-11,7390.0
18500,APPAREL_SPORTS,2025-12,7390.0
18500,APPAREL_SPORTS,2026-01,7390.0
18500,APPAREL_SPORTS,2026-02,7390.0
18500,APPAREL_SPORTS,2026-03,7390.0
18500,APPAREL_SPORTS,2026-04,7390.0
18500,APPAREL_SPORTS,2026-05,7390.0
18500,APPAREL_SPORTS,2026-06,7390.0
18500,APPAREL_SPORTS,2026-07,7390.0
18500,APPAREL_SPORTS,2026-08,7390.0
18500,FACILITIES_MRO,2025-07,12640.0
18500,FACILITIES_MRO,2025-08,12640.0
18500,FACILITIES_MRO,2025-09,12640.0
18500,FACILITIES_MRO,2025-10,12640.0
18500,FACILITIES_MRO,2025-11,12640.0
18500,FACILITIES_MRO,2025-12,12640.0
18500,FACILITIES_MRO,2026-01,12640.0
18500,FACILITIES_MRO,2026-02,12640.0
18500,FACILITIES_MRO,2026-03,12640.0
18500,FACILITIES_MRO,2026-04,12640.0
18500,FACILITIES_MRO,2026-05,12640.0
18500,FACILITIES_MRO,2026-06,12640.0
18500,FACILITIES_MRO,2026-07,12640.0
18500,FACILITIES_MRO,2026-08,12640.0
18500,FEES_EDU_EVENTS,2025-07,23190.0
18500,FEES_EDU_EVENTS,2025-08,23190.0
18500,FEES_EDU_EVENTS,2025-09,23190.0
18500,FEES_EDU_EVENTS,2025-10,23190.0
18500,FEES_EDU_EVENTS,2025-11,23190.0
18500,FEES_EDU_EVENTS,2025-12,23190.0
18500,FEES_EDU_EVENTS,2026-01,23190.0
18500,FEES_EDU_EVENTS,2026-02,23190.0
18500,FEES_EDU_EVENTS,2026-03,23190.0
18500,FEES_EDU_EVENTS,2026-04,23190.0
18500,FEES_EDU_EVENTS,2026-05,23190.0
18500,FEES_EDU_EVENTS,2026-06,23190.0
18500,FEES_EDU_EVENTS,2026-07,23190.0
18500,FEES_EDU_EVENTS,2026-08,23190.0
18500,FOOD,2025-07,1220.0
18500,FOOD,2025-08,1220.0
18500,FOOD,2025-09,1220.0
18500,FOOD,2025-10,1220.0
18500,FOOD,2025-11,1220.0
18500,FOOD,2025-12,1220.0
18500,FOOD,2026-01,1220.0
18500,FOOD,2026-02,1220.0
18500,FOOD,2026-03,1220.0
18500,FOOD,2026-04,1220.0
18500,FOOD,2026-05,1220.0
18500,FOOD,2026-06,1220.0
18500,FOOD,2026-07,1220.0
18500,FOOD,2026-08,1220.0
18500,GROUND_TRANSPORT,2025-07,1650.0
18500,GROUND_TRANSPORT,2025-08,1650.0
18500,GROUND_TRANSPORT,2025-09,1650.0
18500,GROUND_TRANSPORT,2025-10,1650.0
18500,GROUND_TRANSPORT,2025-11,1650.0
18500,GROUND_TRANSPORT,2025-12,1650.0
18500,GROUND_TRANSPORT,2026-01,1650.0
18500,GROUND_TRANSPORT,2026-02,1650.0
18500,GROUND_TRANSPORT,2026-03,1650.0
18500,GROUND_TRANSPORT,2026-04,1650.0
18500,GROUND_TRANSPORT,2026-05,1650.0
18500,GROUND_TRANSPORT,2026-06,1650.0
18500,GROUND_TRANSPORT,2026-07,1650.0
18500,GROUND_TRANSPORT,2026-08,1650.0
18500,IT_TELECOM,2025-07,33020.0
18500,IT_TELECOM,2025-08,33020.0
18500,IT_TELECOM,2025-09,33020.0
18500,IT_TELECOM,2025-10,33020.0
18500,IT_TELECOM,2025-11,33020.0
18500,IT_TELECOM,2025-12,33020.0
18500,IT_TELECOM,2026-01,33020.0
18500,IT_TELECOM,2026-02,33020.0
18500,IT_TELECOM,2026-03,33020.0
18500,IT_TELECOM,2026-04,33020.0
18500,IT_TELECOM,2026-05,33020.0
18500,IT_TELECOM,2026-06,33020.0
18500,IT_TELECOM,2026-07,33020.0
18500,IT_TELECOM,2026-08,33020.0
18500,LODGING,2025-07,15400.0
18500,LODGING,2025-08,15400.0
18500,LODGING,2025-09,15400.0
18500,LODGING,2025-10,15400.0
18500,LODGING,2025-11,15400.0
18500,LODGING,2025-12,15400.0
18500,LODGING,2026-01,15400.0
18500,LODGING,2026-02,15400.0
18500,LODGING,2026-03,15400.0
18500,LODGING,2026-04,15400.0
18500,LODGING,2026-05,15400.0
18500,LODGING,2026-06,15400.0
18500,LODGING,2026-07,15400.0
18500,LODGING,2026-08,15400.0
18500,OFFICE_PRINT,2025-07,4660.0
18500,OFFICE_PRINT,2025-08,4660.0
18500,OFFICE_PRINT,2025-09,4660.0
18500,OFFICE_PRINT,2025-10,4660.0
18500,OFFICE_PRINT,2025-11,4660.0
18500,OFFICE_PRINT,2025-12,4660.0
18500,OFFICE_PRINT,2026-01,4660.0
18500,OFFICE_PRINT,2026-02,4660.0
18500,OFFICE_PRINT,2026-03,4660.0
18500,OFFICE_PRINT,2026-04,4660.0
18500,OFFICE_PRINT,2026-05,4660.0
18500,OFFICE_PRINT,2026-06,4660.0
18500,OFFICE_PRINT,2026-07,4660.0
18500,OFFICE_PRINT,2026-08,4660.0
18500,PROF_SERVICES,2025-07,9870.0
18500,PROF_SERVICES,2025-08,9870.0
18500,PROF_SERVICES,2025-09,9870.0
18500,PROF_SERVICES,2025-10,9870.0
18500,PROF_SERVICES,2025-11,9870.0
18500,PROF_SERVICES,2025-12,9870.0
18500,PROF_SERVICES,2026-01,9870.0
18500,PROF_SERVICES,2026-02,9870.0
18500,PROF_SERVICES,2026-03,9870.0
18500,PROF_SERVICES,2026-04,9870.0
18500,PROF_SERVICES,2026-05,9870.0
18500,PROF_SERVICES,2026-06,9870.0
18500,PROF_SERVICES,2026-07,9870.0
18500,PROF_SERVICES,2026-08,9870.0
18500,RETAIL_GENERAL,2025-07,7120.0
18500,RETAIL_GENERAL,2025-08,7120.0
18500,RETAIL_GENERAL,2025-09,7120.0
18500,RETAIL_GENERAL,2025-10,7120.0
18500,RETAIL_GENERAL,2025-11,7120.0
18500,RETAIL_GENERAL,2025-12,7120.0
18500,RETAIL_GENERAL,2026-01,7120.0
18500,RETAIL_GENERAL,2026-02,7120.0
18500,RETAIL_GENERAL,2026-03,7120.0
18500,RETAIL_GENERAL,2026-04,7120.0
18500,RETAIL_GENERAL,2026-05,7120.0
18500,RETAIL_GENERAL,2026-06,7120.0
18500,RETAIL_GENERAL,2026-07,7120.0
18500,RETAIL_GENERAL,2026-08,7120.0
18500,UTILITIES,2025-07,430.0
18500,UTILITIES,2025-08,430.0
18500,UTILITIES,2025-09,430.0
18500,UTILITIES,2025-10,430.0
18500,UTILITIES,2025-11,430.0
18500,UTILITIES,2025-12,430.0
18500,UTILITIES,2026-01,430.0
18500,UTILITIES,2026-02,430.0
18500,UTILITIES,2026-03,430.0
18500,UTILITIES,2026-04,430.0
18500,UTILITIES,2026-05,430.0
18500,UTILITIES,2026-06,430.0
18500,UTILITIES,2026-07,430.0
18500,UTILITIES,2026-08,430.0
19900,OFFICE_PRINT,2025-07,700.0
19900,OFFICE_PRINT,2025-08,700.0
19900,OFFICE_PRINT,2025-09,700.0
19900,OFFICE_PRINT,2025-10,700.0
19900,OFFICE_PRINT,2025-11,700.0
19900,OFFICE_PRINT,2025-12,700.0
19900,OFFICE_PRINT,2026-01,700.0
19900,OFFICE_PRINT,2026-02,700.0
19900,OFFICE_PRINT,2026-03,700.0
19900,OFFICE_PRINT,2026-04,700.0
19900,OFFICE_PRINT,2026-05,700.0
19900,OFFICE_PRINT,2026-06,700.0
19900,OFFICE_PRINT,2026-07,700.0
19900,OFFICE_PRINT,2026-08,700.0
19900,RETAIL_GENERAL,2025-07,240.0
19900,RETAIL_GENERAL,2025-08,240.0
19900,RETAIL_GENERAL,2025-09,240.0
19900,RETAIL_GENERAL,2025-10,240.0
19900,RETAIL_GENERAL,2025-11,240.0
19900,RETAIL_GENERAL,2025-12,240.0
19900,RETAIL_GENERAL,2026-01,240.0
19900,RETAIL_GENERAL,2026-02,240.0
19900,RETAIL_GENERAL,2026-03,240.0
19900,RETAIL_GENERAL,2026-04,240.0
19900,RETAIL_GENERAL,2026-05,240.0
19900,RETAIL_GENERAL,2026-06,240.0
19900,RETAIL_GENERAL,2026-07,240.0
19900,RETAIL_GENERAL,2026-08,240.0
20400,FACILITIES_MRO,2025-07,2240.0
20400,FACILITIES_MRO,2025-08,2240.0
20400,FACILITIES_MRO,2025-09,2240.0
20400,FACILITIES_MRO,2025-10,2240.0
20400,FACILITIES_MRO,2025-11,2240.0
20400,FACILITIES_MRO,2025-12,2240.0
20400,FACILITIES_MRO,2026-01,2240.0
20400,FACILITIES_MRO,2026-02,2240.0
20400,FACILITIES_MRO,2026-03,2240.0
20400,FACILITIES_MRO,2026-04,2240.0
20400,FACILITIES_MRO,2026-05,2240.0
20400,FACILITIES_MRO,2026-06,2240.0
20400,FACILITIES_MRO,2026-07,2240.0
20400,FACILITIES_MRO,2026-08,2240.0
20400,IT_TELECOM,2025-07,580.0
20400,IT_TELECOM,2025-08,580.0
20400,IT_TELECOM,2025-09,580.0
20400,IT_TELECOM,2025-10,580.0
20400,IT_TELECOM,2025-11,580.0
20400,IT_TELECOM,2025-12,580.0
20400,IT_TELECOM,2026-01,580.0
20400,IT_TELECOM,2026-02,580.0
20400,IT_TELECOM,2026-03,580.0
20400,IT_TELECOM,2026-04,580.0
20400,IT_TELECOM,2026-05,580.0
20400,IT_TELECOM,2026-06,580.0
20400,IT_TELECOM,2026-07,580.0
20400,IT_TELECOM,2026-08,580.0
20400,RETAIL_GENERAL,2025-07,5540.0
20400,RETAIL_GENERAL,2025-08,5540.0
20400,RETAIL_GENERAL,2025-09,5540.0
20400,RETAIL_GENERAL,2025-10,5540.0
20400,RETAIL_GENERAL,2025-11,5540.0
20400,RETAIL_GENERAL,2025-12,5540.0
20400,RETAIL_GENERAL,2026-01,5540.0
20400,RETAIL_GENERAL,2026-02,5540.0
20400,RETAIL_GENERAL,2026-03,5540.0
20400,RETAIL_GENERAL,2026-04,5540.0
20400,RETAIL_GENERAL,2026-05,5540.0
20400,RETAIL_GENERAL,2026-06,5540.0
20400,RETAIL_GENERAL,2026-07,5540.0
20400,RETAIL_GENERAL,2026-08,5540.0
21500,RETAIL_GENERAL,2025-07,320.0
21500,RETAIL_GENERAL,2025-08,320.0
21500,RETAIL_GENERAL,2025-09,320.0
21500,RETAIL_GENERAL,2025-10,320.0
21500,RETAIL_GENERAL,2025-11,320.0
21500,RETAIL_GENERAL,2025-12,320.0
21500,RETAIL_GENERAL,2026-01,320.0
21500,RETAIL_GENERAL,2026-02,320.0
21500,RETAIL_GENERAL,2026-03,320.0
21500,RETAIL_GENERAL,2026-04,320.0
21500,RETAIL_GENERAL,2026-05,320.0
21500,RETAIL_GENERAL,2026-06,320.0
21500,RETAIL_GENERAL,2026-07,320.0
21500,RETAIL_GENERAL,2026-08,320.0
21900,FEES_EDU_EVENTS,2025-07,2380.0
21900,FEES_EDU_EVENTS,2025-08,2380.0
21900,FEES_EDU_EVENTS,2025-09,2380.0
21900,FEES_EDU_EVENTS,2025-10,2380.0
21900,FEES_EDU_EVENTS,2025-11,2380.0
21900,FEES_EDU_EVENTS,2025-12,2380.0
21900,FEES_EDU_EVENTS,2026-01,2380.0
21900,FEES_EDU_EVENTS,2026-02,2380.0
21900,FEES_EDU_EVENTS,2026-03,2380.0
21900,FEES_EDU_EVENTS,2026-04,2380.0
21900,FEES_EDU_EVENTS,2026-05,2380.0
21900,FEES_EDU_EVENTS,2026-06,2380.0
21900,FEES_EDU_EVENTS,2026-07,2380.0
21900,FEES_EDU_EVENTS,2026-08,2380.0
21900,LODGING,2025-07,2210.0
21900,LODGING,2025-08,2210.0
21900,LODGING,2025-09,2210.0
21900,LODGING,2025-10,2210.0
21900,LODGING,2025-11,2210.0
21900,LODGING,2025-12,2210.0
21900,LODGING,2026-01,2210.0
21900,LODGING,2026-02,2210.0
21900,LODGING,2026-03,2210.0
21900,LODGING,2026-04,2210.0
21900,LODGING,2026-05,2210.0
21900,LODGING,2026-06,2210.0
21900,LODGING,2026-07,2210.0
21900,LODGING,2026-08,2210.0
22000,AIR_TRAVEL,2025-07,9960.0
22000,AIR_TRAVEL,2025-08,9960.0
22000,AIR_TRAVEL,2025-09,9960.0
22000,AIR_TRAVEL,2025-10,9960.0
22000,AIR_TRAVEL,2025-11,9960.0
22000,AIR_TRAVEL,2025-12,9960.0
22000,AIR_TRAVEL,2026-01,9960.0
22000,AIR_TRAVEL,2026-02,9960.0
22000,AIR_TRAVEL,2026-03,9960.0
22000,AIR_TRAVEL,2026-04,9960.0
22000,AIR_TRAVEL,2026-05,9960.0
22000,AIR_TRAVEL,2026-06,9960.0
22000,AIR_TRAVEL,2026-07,9960.0
22000,AIR_TRAVEL,2026-08,9960.0
22000,FEES_EDU_EVENTS,2025-07,1550.0
22000,FEES_EDU_EVENTS,2025-08,1550.0
22000,FEES_EDU_EVENTS,2025-09,1550.0
22000,FEES_EDU_EVENTS,2025-10,1550.0
22000,FEES_EDU_EVENTS,2025-11,1550.0
22000,FEES_EDU_EVENTS,2025-12,1550.0
22000,FEES_EDU_EVENTS,2026-01,1550.0
22000,FEES_EDU_EVENTS,2026-02,1550.0
22000,FEES_EDU_EVENTS,2026-03,1550.0
22000,FEES_EDU_EVENTS,2026-04,1550.0
22000,FEES_EDU_EVENTS,2026-05,1550.0
22000,FEES_EDU_EVENTS,2026-06,1550.0
22000,FEES_EDU_EVENTS,2026-07,1550.0
22000,FEES_EDU_EVENTS,2026-08,1550.0
22000,FOOD,2025-07,720.0
22000,FOOD,2025-08,720.0
22000,FOOD,2025-09,720.0
22000,FOOD,2025-10,720.0
22000,FOOD,2025-11,720.0
22000,FOOD,2025-12,720.0
22000,FOOD,2026-01,720.0
22000,FOOD,2026-02,720.0
22000,FOOD,2026-03,720.0
22000,FOOD,2026-04,720.0
22000,FOOD,2026-05,720.0
22000,FOOD,2026-06,720.0
22000,FOOD,2026-07,720.0
22000,FOOD,2026-08,720.0
22000,IT_TELECOM,2025-07,2260.0
22000,IT_TELECOM,2025-08,2260.0
22000,IT_TELECOM,2025-09,2260.0
22000,IT_TELECOM,2025-10,2260.0
22000,IT_TELECOM,2025-11,2260.0
22000,IT_TELECOM,2025-12,2260.0
22000,IT_TELECOM,2026-01,2260.0
22000,IT_TELECOM,2026-02,2260.0
22000,IT_TELECOM,2026-03,2260.0
22000,IT_TELECOM,2026-04,2260.0
22000,IT_TELECOM,2026-05,2260.0
22000,IT_TELECOM,2026-06,2260.0
22000,IT_TELECOM,2026-07,2260.0
22000,IT_TELECOM,2026-08,2260.0
22000,LODGING,2025-07,2190.0
22000,LODGING,2025-08,2190.0
22000,LODGING,2025-09,2190.0
22000,LODGING,2025-10,2190.0
22000,LODGING,2025-11,2190.0
22000,LODGING,2025-12,2190.0
22000,LODGING,2026-01,2190.0
22000,LODGING,2026-02,2190.0
22000,LODGING,2026-03,2190.0
22000,LODGING,2026-04,2190.0
22000,LODGING,2026-05,2190.0
22000,LODGING,2026-06,2190.0
22000,LODGING,2026-07,2190.0
22000,LODGING,2026-08,2190.0
22000,OFFICE_PRINT,2025-07,320.0
22000,OFFICE_PRINT,2025-08,320.0
22000,OFFICE_PRINT,2025-09,320.0
22000,OFFICE_PRINT,2025-10,320.0
22000,OFFICE_PRINT,2025-11,320.0
22000,OFFICE_PRINT,2025-12,320.0
22000,OFFICE_PRINT,2026-01,320.0
22000,OFFICE_PRINT,2026-02,320.0
22000,OFFICE_PRINT,2026-03,320.0
22000,OFFICE_PRINT,2026-04,320.0
22000,OFFICE_PRINT,2026-05,320.0
22000,OFFICE_PRINT,2026-06,320.0
22000,OFFICE_PRINT,2026-07,320.0
22000,OFFICE_PRINT,2026-08,320.0
22000,PROF_SERVICES,2025-07,2590.0
22000,PROF_SERVICES,2025-08,2590.0
22000,PROF_SERVICES,2025-09,2590.0
22000,PROF_SERVICES,2025-10,2590.0
22000,PROF_SERVICES,2025-11,2590.0
22000,PROF_SERVICES,2025-12,2590.0
22000,PROF_SERVICES,2026-01,2590.0
22000,PROF_SERVICES,2026-02,2590.0
22000,PROF_SERVICES,2026-03,2590.0
22000,PROF_SERVICES,2026-04,2590.0
22000,PROF_SERVICES,2026-05,2590.0
22000,PROF_SERVICES,2026-06,2590.0
22000,PROF_SERVICES,2026-07,2590.0
22000,PROF_SERVICES,2026-08,2590.0
22000,RETAIL_GENERAL,2025-07,730.0
22000,RETAIL_GENERAL,2025-08,730.0
22000,RETAIL_GENERAL,2025-09,730.0
22000,RETAIL_GENERAL,2025-10,730.0
22000,RETAIL_GENERAL,2025-11,730.0
22000,RETAIL_GENERAL,2025-12,730.0
22000,RETAIL_GENERAL,2026-01,730.0
22000,RETAIL_GENERAL,2026-02,730.0
22000,RETAIL_GENERAL,2026-03,730.0
22000,RETAIL_GENERAL,2026-04,730.0
22000,RETAIL_GENERAL,2026-05,730.0
22000,RETAIL_GENERAL,2026-06,730.0
22000,RETAIL_GENERAL,2026-07,730.0
22000,RETAIL_GENERAL,2026-08,730.0
24000,AIR_TRAVEL,2025-07,740.0
24000,AIR_TRAVEL,2025-08,740.0
24000,AIR_TRAVEL,2025-09,740.0
24000,AIR_TRAVEL,2025-10,740.0
24000,AIR_TRAVEL,2025-11,740.0
24000,AIR_TRAVEL,2025-12,740.0
24000,AIR_TRAVEL,2026-01,740.0
24000,AIR_TRAVEL,2026-02,740.0
24000,AIR_TRAVEL,2026-03,740.0
24000,AIR_TRAVEL,2026-04,740.0
24000,AIR_TRAVEL,2026-05,740.0
24000,AIR_TRAVEL,2026-06,740.0
24000,AIR_TRAVEL,2026-07,740.0
24000,AIR_TRAVEL,2026-08,740.0
24000,APPAREL_SPORTS,2025-07,330.0
24000,APPAREL_SPORTS,2025-08,330.0
24000,APPAREL_SPORTS,2025-09,330.0
24000,APPAREL_SPORTS,2025-10,330.0
24000,APPAREL_SPORTS,2025-11,330.0
24000,APPAREL_SPORTS,2025-12,330.0
24000,APPAREL_SPORTS,2026-01,330.0
24000,APPAREL_SPORTS,2026-02,330.0
24000,APPAREL_SPORTS,2026-03,330.0
24000,APPAREL_SPORTS,2026-04,330.0
24000,APPAREL_SPORTS,2026-05,330.0
24000,APPAREL_SPORTS,2026-06,330.0
24000,APPAREL_SPORTS,2026-07,330.0
24000,APPAREL_SPORTS,2026-08,330.0
24000,FACILITIES_MRO,2025-07,2080.0
24000,FACILITIES_MRO,2025-08,2080.0
24000,FACILITIES_MRO,2025-09,2080.0
24000,FACILITIES_MRO,2025-10,2080.0
24000,FACILITIES_MRO,2025-11,2080.0
24000,FACILITIES_MRO,2025-12,2080.0
24000,FACILITIES_MRO,2026-01,2080.0
24000,FACILITIES_MRO,2026-02,2080.0
24000,FACILITIES_MRO,2026-03,2080.0
24000,FACILITIES_MRO,2026-04,2080.0
24000,FACILITIES_MRO,2026-05,2080.0
24000,FACILITIES_MRO,2026-06,2080.0
24000,FACILITIES_MRO,2026-07,2080.0
24000,FACILITIES_MRO,2026-08,2080.0
24000,FEES_EDU_EVENTS,2025-07,3800.0
24000,FEES_EDU_EVENTS,2025-08,3800.0
24000,FEES_EDU_EVENTS,2025-09,3800.0
24000,FEES_EDU_EVENTS,2025-10,3800.0
24000,FEES_EDU_EVENTS,2025-11,3800.0
24000,FEES_EDU_EVENTS,2025-12,3800.0
24000,FEES_EDU_EVENTS,2026-01,3800.0
24000,FEES_EDU_EVENTS,2026-02,3800.0
24000,FEES_EDU_EVENTS,2026-03,3800.0
24000,FEES_EDU_EVENTS,2026-04,3800.0
24000,FEES_EDU_EVENTS,2026-05,3800.0
24000,FEES_EDU_EVENTS,2026-06,3800.0
24000,FEES_EDU_EVENTS,2026-07,3800.0
24000,FEES_EDU_EVENTS,2026-08,3800.0
24000,FOOD,2025-07,3900.0
24000,FOOD,2025-08,3900.0
24000,FOOD,2025-09,3900.0
24000,FOOD,2025-10,3900.0
24000,FOOD,2025-11,3900.0
24000,FOOD,2025-12,3900.0
24000,FOOD,2026-01,3900.0
24000,FOOD,2026-02,3900.0
24000,FOOD,2026-03,3900.0
24000,FOOD,2026-04,3900.0
24000,FOOD,2026-05,3900.0
24000,FOOD,2026-06,3900.0
24000,FOOD,2026-07,3900.0
24000,FOOD,2026-08,3900.0
24000,GROUND_TRANSPORT,2025-07,1440.0
24000,GROUND_TRANSPORT,2025-08,1440.0
24000,GROUND_TRANSPORT,2025-09,1440.0
24000,GROUND_TRANSPORT,2025-10,1440.0
24000,GROUND_TRANSPORT,2025-11,1440.0
24000,GROUND_TRANSPORT,2025-12,1440.0
24000,GROUND_TRANSPORT,2026-01,1440.0
24000,GROUND_TRANSPORT,2026-02,1440.0
24000,GROUND_TRANSPORT,2026-03,1440.0
24000,GROUND_TRANSPORT,2026-04,1440.0
24000,GROUND_TRANSPORT,2026-05,1440.0
24000,GROUND_TRANSPORT,2026-06,1440.0
24000,GROUND_TRANSPORT,2026-07,1440.0
24000,GROUND_TRANSPORT,2026-08,1440.0
24000,IT_TELECOM,2025-07,1300.0
24000,IT_TELECOM,2025-08,1300.0
24000,IT_TELECOM,2025-09,1300.0
24000,IT_TELECOM,2025-10,1300.0
24000,IT_TELECOM,2025-11,1300.0
24000,IT_TELECOM,2025-12,1300.0
24000,IT_TELECOM,2026-01,1300.0
24000,IT_TELECOM,2026-02,1300.0
24000,IT_TELECOM,2026-03,1300.0
24000,IT_TELECOM,2026-04,1300.0
24000,IT_TELECOM,2026-05,1300.0
24000,IT_TELECOM,2026-06,1300.0
24000,IT_TELECOM,2026-07,1300.0
24000,IT_TELECOM,2026-08,1300.0
24000,LODGING,2025-07,8810.0
24000,LODGING,2025-08,8810.0
24000,LODGING,2025-09,8810.0
24000,LODGING,2025-10,8810.0
24000,LODGING,2025-11,8810.0
24000,LODGING,2025-12,8810.0
24000,LODGING,2026-01,8810.0
24000,LODGING,2026-02,8810.0
24000,LODGING,2026-03,8810.0
24000,LODGING,2026-04,8810.0
24000,LODGING,2026-05,8810.0
24000,LODGING,2026-06,8810.0
24000,LODGING,2026-07,8810.0
24000,LODGING,2026-08,8810.0
24000,PROF_SERVICES,2025-07,1420.0
24000,PROF_SERVICES,2025-08,1420.0
24000,PROF_SERVICES,2025-09,1420.0
24000,PROF_SERVICES,2025-10,1420.0
24000,PROF_SERVICES,2025-11,1420.0
24000,PROF_SERVICES,2025-12,1420.0
24000,PROF_SERVICES,2026-01,1420.0
24000,PROF_SERVICES,2026-02,1420.0
24000,PROF_SERVICES,2026-03,1420.0
24000,PROF_SERVICES,2026-04,1420.0
24000,PROF_SERVICES,2026-05,1420.0
24000,PROF_SERVICES,2026-06,1420.0
24000,PROF_SERVICES,2026-07,1420.0
24000,PROF_SERVICES,2026-08,1420.0
24000,RETAIL_GENERAL,2025-07,5230.0
24000,RETAIL_GENERAL,2025-08,5230.0
24000,RETAIL_GENERAL,2025-09,5230.0
24000,RETAIL_GENERAL,2025-10,5230.0
24000,RETAIL_GENERAL,2025-11,5230.0
24000,RETAIL_GENERAL,2025-12,5230.0
24000,RETAIL_GENERAL,2026-01,5230.0
24000,RETAIL_GENERAL,2026-02,5230.0
24000,RETAIL_GENERAL,2026-03,5230.0
24000,RETAIL_GENERAL,2026-04,5230.0
24000,RETAIL_GENERAL,2026-05,5230.0
24000,RETAIL_GENERAL,2026-06,5230.0
24000,RETAIL_GENERAL,2026-07,5230.0
24000,RETAIL_GENERAL,2026-08,5230.0
24000,VEHICLE_FUEL,2025-07,600.0
24000,VEHICLE_FUEL,2025-08,600.0
24000,VEHICLE_FUEL,2025-09,600.0
24000,VEHICLE_FUEL,2025-10,600.0
24000,VEHICLE_FUEL,2025-11,600.0
24000,VEHICLE_FUEL,2025-12,600.0
24000,VEHICLE_FUEL,2026-01,600.0
24000,VEHICLE_FUEL,2026-02,600.0
24000,VEHICLE_FUEL,2026-03,600.0
24000,VEHICLE_FUEL,2026-04,600.0
24000,VEHICLE_FUEL,2026-05,600.0
24000,VEHICLE_FUEL,2026-06,600.0
24000,VEHICLE_FUEL,2026-07,600.0
24000,VEHICLE_FUEL,2026-08,600.0
26500,AIR_TRAVEL,2025-07,9340.0
26500,AIR_TRAVEL,2025-08,9340.0
26500,AIR_TRAVEL,2025-09,9340.0
26500,AIR_TRAVEL,2025-10,9340.0
26500,AIR_TRAVEL,2025-11,9340.0
26500,AIR_TRAVEL,2025-12,9340.0
26500,AIR_TRAVEL,2026-01,9340.0
26500,AIR_TRAVEL,2026-02,9340.0
26500,AIR_TRAVEL,2026-03,9340.0
26500,AIR_TRAVEL,2026-04,9340.0
26500,AIR_TRAVEL,2026-05,9340.0
26500,AIR_TRAVEL,2026-06,9340.0
26500,AIR_TRAVEL,2026-07,9340.0
26500,AIR_TRAVEL,2026-08,9340.0
26500,FEES_EDU_EVENTS,2025-07,13880.0
26500,FEES_EDU_EVENTS,2025-08,13880.0
26500,FEES_EDU_EVENTS,2025-09,13880.0
26500,FEES_EDU_EVENTS,2025-10,13880.0
26500,FEES_EDU_EVENTS,2025-11,13880.0
26500,FEES_EDU_EVENTS,2025-12,13880.0
26500,FEES_EDU_EVENTS,2026-01,13880.0
26500,FEES_EDU_EVENTS,2026-02,13880.0
26500,FEES_EDU_EVENTS,2026-03,13880.0
26500,FEES_EDU_EVENTS,2026-04,13880.0
26500,FEES_EDU_EVENTS,2026-05,13880.0
26500,FEES_EDU_EVENTS,2026-06,13880.0
26500,FEES_EDU_EVENTS,2026-07,13880.0
26500,FEES_EDU_EVENTS,2026-08,13880.0
26500,FOOD,2025-07,450.0
26500,FOOD,2025-08,450.0
26500,FOOD,2025-09,450.0
26500,FOOD,2025-10,450.0
26500,FOOD,2025-11,450.0
26500,FOOD,2025-12,450.0
26500,FOOD,2026-01,450.0
26500,FOOD,2026-02,450.0
26500,FOOD,2026-03,450.0
26500,FOOD,2026-04,450.0
26500,FOOD,2026-05,450.0
26500,FOOD,2026-06,450.0
26500,FOOD,2026-07,450.0
26500,FOOD,2026-08,450.0
26500,IT_TELECOM,2025-07,3750.0
26500,IT_TELECOM,2025-08,3750.0
26500,IT_TELECOM,2025-09,3750.0
26500,IT_TELECOM,2025-10,3750.0
26500,IT_TELECOM,2025-11,3750.0
26500,IT_TELECOM,2025-12,3750.0
26500,IT_TELECOM,2026-01,3750.0
26500,IT_TELECOM,2026-02,3750.0
26500,IT_TELECOM,2026-03,3750.0
26500,IT_TELECOM,2026-04,3750.0
26500,IT_TELECOM,2026-05,3750.0
26500,IT_TELECOM,2026-06,3750.0
26500,IT_TELECOM,2026-07,3750.0
26500,IT_TELECOM,2026-08,3750.0
26500,LODGING,2025-07,19140.0
26500,LODGING,2025-08,19140.0
26500,LODGING,2025-09,19140.0
26500,LODGING,2025-10,19140.0
26500,LODGING,2025-11,19140.0
26500,LODGING,2025-12,19140.0
26500,LODGING,2026-01,19140.0
26500,LODGING,2026-02,19140.0
26500,LODGING,2026-03,19140.0
26500,LODGING,2026-04,19140.0
26500,LODGING,2026-05,19140.0
26500,LODGING,2026-06,19140.0
26500,LODGING,2026-07,19140.0
26500,LODGING,2026-08,19140.0
26500,OFFICE_PRINT,2025-07,2690.0
26500,OFFICE_PRINT,2025-08,2690.0
26500,OFFICE_PRINT,2025-09,2690.0
26500,OFFICE_PRINT,2025-10,2690.0
26500,OFFICE_PRINT,2025-11,2690.0
26500,OFFICE_PRINT,2025-12,2690.0
26500,OFFICE_PRINT,2026-01,2690.0
26500,OFFICE_PRINT,2026-02,2690.0
26500,OFFICE_PRINT,2026-03,2690.0
26500,OFFICE_PRINT,2026-04,2690.0
26500,OFFICE_PRINT,2026-05,2690.0
26500,OFFICE_PRINT,2026-06,2690.0
26500,OFFICE_PRINT,2026-07,2690.0
26500,OFFICE_PRINT,2026-08,2690.0
26500,PROF_SERVICES,2025-07,4770.0
26500,PROF_SERVICES,2025-08,4770.0
26500,PROF_SERVICES,2025-09,4770.0
26500,PROF_SERVICES,2025-10,4770.0
26500,PROF_SERVICES,2025-11,4770.0
26500,PROF_SERVICES,2025-12,4770.0
26500,PROF_SERVICES,2026-01,4770.0
26500,PROF_SERVICES,2026-02,4770.0
26500,PROF_SERVICES,2026-03,4770.0
26500,PROF_SERVICES,2026-04,4770.0
26500,PROF_SERVICES,2026-05,4770.0
26500,PROF_SERVICES,2026-06,4770.0
26500,PROF_SERVICES,2026-07,4770.0
26500,PROF_SERVICES,2026-08,4770.0
26500,RETAIL_GENERAL,2025-07,2860.0
26500,RETAIL_GENERAL,2025-08,2860.0
26500,RETAIL_GENERAL,2025-09,2860.0
26500,RETAIL_GENERAL,2025-10,2860.0
26500,RETAIL_GENERAL,2025-11,2860.0
26500,RETAIL_GENERAL,2025-12,2860.0
26500,RETAIL_GENERAL,2026-01,2860.0
26500,RETAIL_GENERAL,2026-02,2860.0
26500,RETAIL_GENERAL,2026-03,2860.0
26500,RETAIL_GENERAL,2026-04,2860.0
26500,RETAIL_GENERAL,2026-05,2860.0
26500,RETAIL_GENERAL,2026-06,2860.0
26500,RETAIL_GENERAL,2026-07,2860.0
26500,RETAIL_GENERAL,2026-08,2860.0
27000,FEES_EDU_EVENTS,2025-07,590.0
27000,FEES_EDU_EVENTS,2025-08,590.0
27000,FEES_EDU_EVENTS,2025-09,590.0
27000,FEES_EDU_EVENTS,2025-10,590.0
27000,FEES_EDU_EVENTS,2025-11,590.0
27000,FEES_EDU_EVENTS,2025-12,590.0
27000,FEES_EDU_EVENTS,2026-01,590.0
27000,FEES_EDU_EVENTS,2026-02,590.0
27000,FEES_EDU_EVENTS,2026-03,590.0
27000,FEES_EDU_EVENTS,2026-04,590.0
27000,FEES_EDU_EVENTS,2026-05,590.0
27000,FEES_EDU_EVENTS,2026-06,590.0
27000,FEES_EDU_EVENTS,2026-07,590.0
27000,FEES_EDU_EVENTS,2026-08,590.0
27000,IT_TELECOM,2025-07,480.0
27000,IT_TELECOM,2025-08,480.0
27000,IT_TELECOM,2025-09,480.0
27000,IT_TELECOM,2025-10,480.0
27000,IT_TELECOM,2025-11,480.0
27000,IT_TELECOM,2025-12,480.0
27000,IT_TELECOM,2026-01,480.0
27000,IT_TELECOM,2026-02,480.0
27000,IT_TELECOM,2026-03,480.0
27000,IT_TELECOM,2026-04,480.0
27000,IT_TELECOM,2026-05,480.0
27000,IT_TELECOM,2026-06,480.0
27000,IT_TELECOM,2026-07,480.0
27000,IT_TELECOM,2026-08,480.0
27000,LODGING,2025-07,570.0
27000,LODGING,2025-08,570.0
27000,LODGING,2025-09,570.0
27000,LODGING,2025-10,570.0
27000,LODGING,2025-11,570.0
27000,LODGING,2025-12,570.0
27000,LODGING,2026-01,570.0
27000,LODGING,2026-02,570.0
27000,LODGING,2026-03,570.0
27000,LODGING,2026-04,570.0
27000,LODGING,2026-05,570.0
27000,LODGING,2026-06,570.0
27000,LODGING,2026-07,570.0
27000,LODGING,2026-08,570.0
27000,OFFICE_PRINT,2025-07,1530.0
27000,OFFICE_PRINT,2025-08,1530.0
27000,OFFICE_PRINT,2025-09,1530.0
27000,OFFICE_PRINT,2025-10,1530.0
27000,OFFICE_PRINT,2025-11,1530.0
27000,OFFICE_PRINT,2025-12,1530.0
27000,OFFICE_PRINT,2026-01,1530.0
27000,OFFICE_PRINT,2026-02,1530.0
27000,OFFICE_PRINT,2026-03,1530.0
27000,OFFICE_PRINT,2026-04,1530.0
27000,OFFICE_PRINT,2026-05,1530.0
27000,OFFICE_PRINT,2026-06,1530.0
27000,OFFICE_PRINT,2026-07,1530.0
27000,OFFICE_PRINT,2026-08,1530.0
27000,RETAIL_GENERAL,2025-07,2260.0
27000,RETAIL_GENERAL,2025-08,2260.0
27000,RETAIL_GENERAL,2025-09,2260.0
27000,RETAIL_GENERAL,2025-10,2260.0
27000,RETAIL_GENERAL,2025-11,2260.0
27000,RETAIL_GENERAL,2025-12,2260.0
27000,RETAIL_GENERAL,2026-01,2260.0
27000,RETAIL_GENERAL,2026-02,2260.0
27000,RETAIL_GENERAL,2026-03,2260.0
27000,RETAIL_GENERAL,2026-04,2260.0
27000,RETAIL_GENERAL,2026-05,2260.0
27000,RETAIL_GENERAL,2026-06,2260.0
27000,RETAIL_GENERAL,2026-07,2260.0
27000,RETAIL_GENERAL,2026-08,2260.0
29000,AIR_TRAVEL,2025-07,2630.0
29000,AIR_TRAVEL,2025-08,2630.0
29000,AIR_TRAVEL,2025-09,2630.0
29000,AIR_TRAVEL,2025-10,2630.0
29000,AIR_TRAVEL,2025-11,2630.0
29000,AIR_TRAVEL,2025-12,2630.0
29000,AIR_TRAVEL,2026-01,2630.0
29000,AIR_TRAVEL,2026-02,2630.0
29000,AIR_TRAVEL,2026-03,2630.0
29000,AIR_TRAVEL,2026-04,2630.0
29000,AIR_TRAVEL,2026-05,2630.0
29000,AIR_TRAVEL,2026-06,2630.0
29000,AIR_TRAVEL,2026-07,2630.0
29000,AIR_TRAVEL,2026-08,2630.0
29000,FEES_EDU_EVENTS,2025-07,1180.0
29000,FEES_EDU_EVENTS,2025-08,1180.0
29000,FEES_EDU_EVENTS,2025-09,1180.0
29000,FEES_EDU_EVENTS,2025-10,1180.0
29000,FEES_EDU_EVENTS,2025-11,1180.0
29000,FEES_EDU_EVENTS,2025-12,1180.0
29000,FEES_EDU_EVENTS,2026-01,1180.0
29000,FEES_EDU_EVENTS,2026-02,1180.0
29000,FEES_EDU_EVENTS,2026-03,1180.0
29000,FEES_EDU_EVENTS,2026-04,1180.0
29000,FEES_EDU_EVENTS,2026-05,1180.0
29000,FEES_EDU_EVENTS,2026-06,1180.0
29000,FEES_EDU_EVENTS,2026-07,1180.0
29000,FEES_EDU_EVENTS,2026-08,1180.0
29000,FOOD,2025-07,680.0
29000,FOOD,2025-08,680.0
29000,FOOD,2025-09,680.0
29000,FOOD,2025-10,680.0
29000,FOOD,2025-11,680.0
29000,FOOD,2025-12,680.0
29000,FOOD,2026-01,680.0
29000,FOOD,2026-02,680.0
29000,FOOD,2026-03,680.0
29000,FOOD,2026-04,680.0
29000,FOOD,2026-05,680.0
29000,FOOD,2026-06,680.0
29000,FOOD,2026-07,680.0
29000,FOOD,2026-08,680.0
29000,IT_TELECOM,2025-07,330.0
29000,IT_TELECOM,2025-08,330.0
29000,IT_TELECOM,2025-09,330.0
29000,IT_TELECOM,2025-10,330.0
29000,IT_TELECOM,2025-11,330.0
29000,IT_TELECOM,2025-12,330.0
29000,IT_TELECOM,2026-01,330.0
29000,IT_TELECOM,2026-02,330.0
29000,IT_TELECOM,2026-03,330.0
29000,IT_TELECOM,2026-04,330.0
29000,IT_TELECOM,2026-05,330.0
29000,IT_TELECOM,2026-06,330.0
29000,IT_TELECOM,2026-07,330.0
29000,IT_TELECOM,2026-08,330.0
29000,LODGING,2025-07,6160.0
29000,LODGING,2025-08,6160.0
29000,LODGING,2025-09,6160.0
29000,LODGING,2025-10,6160.0
29000,LODGING,2025-11,6160.0
29000,LODGING,2025-12,6160.0
29000,LODGING,2026-01,6160.0
29000,LODGING,2026-02,6160.0
29000,LODGING,2026-03,6160.0
29000,LODGING,2026-04,6160.0
29000,LODGING,2026-05,6160.0
29000,LODGING,2026-06,6160.0
29000,LODGING,2026-07,6160.0
29000,LODGING,2026-08,6160.0
29000,PROF_SERVICES,2025-07,540.0
29000,PROF_SERVICES,2025-08,540.0
29000,PROF_SERVICES,2025-09,540.0
29000,PROF_SERVICES,2025-10,540.0
29000,PROF_SERVICES,2025-11,540.0
29000,PROF_SERVICES,2025-12,540.0
29000,PROF_SERVICES,2026-01,540.0
29000,PROF_SERVICES,2026-02,540.0
29000,PROF_SERVICES,2026-03,540.0
29000,PROF_SERVICES,2026-04,540.0
29000,PROF_SERVICES,2026-05,540.0
29000,PROF_SERVICES,2026-06,540.0
29000,PROF_SERVICES,2026-07,540.0
29000,PROF_SERVICES,2026-08,540.0
29000,RETAIL_GENERAL,2025-07,630.0
29000,RETAIL_GENERAL,2025-08,630.0
29000,RETAIL_GENERAL,2025-09,630.0
29000,RETAIL_GENERAL,2025-10,630.0
29000,RETAIL_GENERAL,2025-11,630.0
29000,RETAIL_GENERAL,2025-12,630.0
29000,RETAIL_GENERAL,2026-01,630.0
29000,RETAIL_GENERAL,2026-02,630.0
29000,RETAIL_GENERAL,2026-03,630.0
29000,RETAIL_GENERAL,2026-04,630.0
29000,RETAIL_GENERAL,2026-05,630.0
29000,RETAIL_GENERAL,2026-06,630.0
29000,RETAIL_GENERAL,2026-07,630.0
29000,RETAIL_GENERAL,2026-08,630.0
29200,AIR_TRAVEL,2025-07,7160.0
29200,AIR_TRAVEL,2025-08,7160.0
29200,AIR_TRAVEL,2025-09,7160.0
29200,AIR_TRAVEL,2025-10,7160.0
29200,AIR_TRAVEL,2025-11,7160.0
29200,AIR_TRAVEL,2025-12,7160.0
29200,AIR_TRAVEL,2026-01,7160.0
29200,AIR_TRAVEL,2026-02,7160.0
29200,AIR_TRAVEL,2026-03,7160.0
29200,AIR_TRAVEL,2026-04,7160.0
29200,AIR_TRAVEL,2026-05,7160.0
29200,AIR_TRAVEL,2026-06,7160.0
29200,AIR_TRAVEL,2026-07,7160.0
29200,AIR_TRAVEL,2026-08,7160.0
29200,APPAREL_SPORTS,2025-07,1370.0
29200,APPAREL_SPORTS,2025-08,1370.0
29200,APPAREL_SPORTS,2025-09,1370.0
29200,APPAREL_SPORTS,2025-10,1370.0
29200,APPAREL_SPORTS,2025-11,1370.0
29200,APPAREL_SPORTS,2025-12,1370.0
29200,APPAREL_SPORTS,2026-01,1370.0
29200,APPAREL_SPORTS,2026-02,1370.0
29200,APPAREL_SPORTS,2026-03,1370.0
29200,APPAREL_SPORTS,2026-04,1370.0
29200,APPAREL_SPORTS,2026-05,1370.0
29200,APPAREL_SPORTS,2026-06,1370.0
29200,APPAREL_SPORTS,2026-07,1370.0
29200,APPAREL_SPORTS,2026-08,1370.0
29200,FACILITIES_MRO,2025-07,11440.0
29200,FACILITIES_MRO,2025-08,11440.0
29200,FACILITIES_MRO,2025-09,11440.0
29200,FACILITIES_MRO,2025-10,11440.0
29200,FACILITIES_MRO,2025-11,11440.0
29200,FACILITIES_MRO,2025-12,11440.0
29200,FACILITIES_MRO,2026-01,11440.0
29200,FACILITIES_MRO,2026-02,11440.0
29200,FACILITIES_MRO,2026-03,11440.0
29200,FACILITIES_MRO,2026-04,11440.0
29200,FACILITIES_MRO,2026-05,11440.0
29200,FACILITIES_MRO,2026-06,11440.0
29200,FACILITIES_MRO,2026-07,11440.0
29200,FACILITIES_MRO,2026-08,11440.0
29200,FEES_EDU_EVENTS,2025-07,19180.0
29200,FEES_EDU_EVENTS,2025-08,19180.0
29200,FEES_EDU_EVENTS,2025-09,19180.0
29200,FEES_EDU_EVENTS,2025-10,19180.0
29200,FEES_EDU_EVENTS,2025-11,19180.0
29200,FEES_EDU_EVENTS,2025-12,19180.0
29200,FEES_EDU_EVENTS,2026-01,19180.0
29200,FEES_EDU_EVENTS,2026-02,19180.0
29200,FEES_EDU_EVENTS,2026-03,19180.0
29200,FEES_EDU_EVENTS,2026-04,19180.0
29200,FEES_EDU_EVENTS,2026-05,19180.0
29200,FEES_EDU_EVENTS,2026-06,19180.0
29200,FEES_EDU_EVENTS,2026-07,19180.0
29200,FEES_EDU_EVENTS,2026-08,19180.0
29200,FOOD,2025-07,1170.0
29200,FOOD,2025-08,1170.0
29200,FOOD,2025-09,1170.0
29200,FOOD,2025-10,1170.0
29200,FOOD,2025-11,1170.0
29200,FOOD,2025-12,1170.0
29200,FOOD,2026-01,1170.0
29200,FOOD,2026-02,1170.0
29200,FOOD,2026-03,1170.0
29200,FOOD,2026-04,1170.0
29200,FOOD,2026-05,1170.0
29200,FOOD,2026-06,1170.0
29200,FOOD,2026-07,1170.0
29200,FOOD,2026-08,1170.0
29200,IT_TELECOM,2025-07,12320.0
29200,IT_TELECOM,2025-08,12320.0
29200,IT_TELECOM,2025-09,12320.0
29200,IT_TELECOM,2025-10,12320.0
29200,IT_TELECOM,2025-11,12320.0
29200,IT_TELECOM,2025-12,12320.0
29200,IT_TELECOM,2026-01,12320.0
29200,IT_TELECOM,2026-02,12320.0
29200,IT_TELECOM,2026-03,12320.0
29200,IT_TELECOM,2026-04,12320.0
29200,IT_TELECOM,2026-05,12320.0
29200,IT_TELECOM,2026-06,12320.0
29200,IT_TELECOM,2026-07,12320.0
29200,IT_TELECOM,2026-08,12320.0
29200,LODGING,2025-07,14460.0
29200,LODGING,2025-08,14460.0
29200,LODGING,2025-09,14460.0
29200,LODGING,2025-10,14460.0
29200,LODGING,2025-11,14460.0
29200,LODGING,2025-12,14460.0
29200,LODGING,2026-01,14460.0
29200,LODGING,2026-02,14460.0
29200,LODGING,2026-03,14460.0
29200,LODGING,2026-04,14460.0
29200,LODGING,2026-05,14460.0
29200,LODGING,2026-06,14460.0
29200,LODGING,2026-07,14460.0
29200,LODGING,2026-08,14460.0
29200,MEDICAL_LAB,2025-07,1490.0
29200,MEDICAL_LAB,2025-08,1490.0
29200,MEDICAL_LAB,2025-09,1490.0
29200,MEDICAL_LAB,2025-10,1490.0
29200,MEDICAL_LAB,2025-11,1490.0
29200,MEDICAL_LAB,2025-12,1490.0
29200,MEDICAL_LAB,2026-01,1490.0
29200,MEDICAL_LAB,2026-02,1490.0
29200,MEDICAL_LAB,2026-03,1490.0
29200,MEDICAL_LAB,2026-04,1490.0
29200,MEDICAL_LAB,2026-05,1490.0
29200,MEDICAL_LAB,2026-06,1490.0
29200,MEDICAL_LAB,2026-07,1490.0
29200,MEDICAL_LAB,2026-08,1490.0
29200,OFFICE_PRINT,2025-07,3150.0
29200,OFFICE_PRINT,2025-08,3150.0
29200,OFFICE_PRINT,2025-09,3150.0
29200,OFFICE_PRINT,2025-10,3150.0
29200,OFFICE_PRINT,2025-11,3150.0
29200,OFFICE_PRINT,2025-12,3150.0
29200,OFFICE_PRINT,2026-01,3150.0
29200,OFFICE_PRINT,2026-02,3150.0
29200,OFFICE_PRINT,2026-03,3150.0
29200,OFFICE_PRINT,2026-04,3150.0
29200,OFFICE_PRINT,2026-05,3150.0
29200,OFFICE_PRINT,2026-06,3150.0
29200,OFFICE_PRINT,2026-07,3150.0
29200,OFFICE_PRINT,2026-08,3150.0
29200,PROF_SERVICES,2025-07,5450.0
29200,PROF_SERVICES,2025-08,5450.0
29200,PROF_SERVICES,2025-09,5450.0
29200,PROF_SERVICES,2025-10,5450.0
29200,PROF_SERVICES,2025-11,5450.0
29200,PROF_SERVICES,2025-12,5450.0
29200,PROF_SERVICES,2026-01,5450.0
29200,PROF_SERVICES,2026-02,5450.0
29200,PROF_SERVICES,2026-03,5450.0
29200,PROF_SERVICES,2026-04,5450.0
29200,PROF_SERVICES,2026-05,5450.0
29200,PROF_SERVICES,2026-06,5450.0
29200,PROF_SERVICES,2026-07,5450.0
29200,PROF_SERVICES,2026-08,5450.0
29200,RETAIL_GENERAL,2025-07,2970.0
29200,RETAIL_GENERAL,2025-08,2970.0
29200,RETAIL_GENERAL,2025-09,2970.0
29200,RETAIL_GENERAL,2025-10,2970.0
29200,RETAIL_GENERAL,2025-11,2970.0
29200,RETAIL_GENERAL,2025-12,2970.0
29200,RETAIL_GENERAL,2026-01,2970.0
29200,RETAIL_GENERAL,2026-02,2970.0
29200,RETAIL_GENERAL,2026-03,2970.0
29200,RETAIL_GENERAL,2026-04,2970.0
29200,RETAIL_GENERAL,2026-05,2970.0
29200,RETAIL_GENERAL,2026-06,2970.0
29200,RETAIL_GENERAL,2026-07,2970.0
29200,RETAIL_GENERAL,2026-08,2970.0
29200,UTILITIES,2025-07,5760.0
29200,UTILITIES,2025-08,5760.0
29200,UTILITIES,2025-09,5760.0
29200,UTILITIES,2025-10,5760.0
29200,UTILITIES,2025-11,5760.0
29200,UTILITIES,2025-12,5760.0
29200,UTILITIES,2026-01,5760.0
29200,UTILITIES,2026-02,5760.0
29200,UTILITIES,2026-03,5760.0
29200,UTILITIES,2026-04,5760.0
29200,UTILITIES,2026-05,5760.0
29200,UTILITIES,2026-06,5760.0
29200,UTILITIES,2026-07,5760.0
29200,UTILITIES,2026-08,5760.0
29600,FEES_EDU_EVENTS,2025-07,750.0
29600,FEES_EDU_EVENTS,2025-08,750.0
29600,FEES_EDU_EVENTS,2025-09,750.0
29600,FEES_EDU_EVENTS,2025-10,750.0
29600,FEES_EDU_EVENTS,2025-11,750.0
29600,FEES_EDU_EVENTS,2025-12,750.0
29600,FEES_EDU_EVENTS,2026-01,750.0
29600,FEES_EDU_EVENTS,2026-02,750.0
29600,FEES_EDU_EVENTS,2026-03,750.0
29600,FEES_EDU_EVENTS,2026-04,750.0
29600,FEES_EDU_EVENTS,2026-05,750.0
29600,FEES_EDU_EVENTS,2026-06,750.0
29600,FEES_EDU_EVENTS,2026-07,750.0
29600,FEES_EDU_EVENTS,2026-08,750.0
29600,IT_TELECOM,2025-07,200.0
29600,IT_TELECOM,2025-08,200.0
29600,IT_TELECOM,2025-09,200.0
29600,IT_TELECOM,2025-10,200.0
29600,IT_TELECOM,2025-11,200.0
29600,IT_TELECOM,2025-12,200.0
29600,IT_TELECOM,2026-01,200.0
29600,IT_TELECOM,2026-02,200.0
29600,IT_TELECOM,2026-03,200.0
29600,IT_TELECOM,2026-04,200.0
29600,IT_TELECOM,2026-05,200.0
29600,IT_TELECOM,2026-06,200.0
29600,IT_TELECOM,2026-07,200.0
29600,IT_TELECOM,2026-08,200.0
29600,RETAIL_GENERAL,2025-07,160.0
29600,RETAIL_GENERAL,2025-08,160.0
29600,RETAIL_GENERAL,2025-09,160.0
29600,RETAIL_GENERAL,2025-10,160.0
29600,RETAIL_GENERAL,2025-11,160.0
29600,RETAIL_GENERAL,2025-12,160.0
29600,RETAIL_GENERAL,2026-01,160.0
29600,RETAIL_GENERAL,2026-02,160.0
29600,RETAIL_GENERAL,2026-03,160.0
29600,RETAIL_GENERAL,2026-04,160.0
29600,RETAIL_GENERAL,2026-05,160.0
29600,RETAIL_GENERAL,2026-06,160.0
29600,RETAIL_GENERAL,2026-07,160.0
29600,RETAIL_GENERAL,2026-08,160.0
30000,AGRI_ANIMAL,2025-07,90.0
30000,AGRI_ANIMAL,2025-08,90.0
30000,AGRI_ANIMAL,2025-09,90.0
30000,AGRI_ANIMAL,2025-10,90.0
30000,AGRI_ANIMAL,2025-11,90.0
30000,AGRI_ANIMAL,2025-12,90.0
30000,AGRI_ANIMAL,2026-01,90.0
30000,AGRI_ANIMAL,2026-02,90.0
30000,AGRI_ANIMAL,2026-03,90.0
30000,AGRI_ANIMAL,2026-04,90.0
30000,AGRI_ANIMAL,2026-05,90.0
30000,AGRI_ANIMAL,2026-06,90.0
30000,AGRI_ANIMAL,2026-07,90.0
30000,AGRI_ANIMAL,2026-08,90.0
30000,FEES_EDU_EVENTS,2025-07,4630.0
30000,FEES_EDU_EVENTS,2025-08,4630.0
30000,FEES_EDU_EVENTS,2025-09,4630.0
30000,FEES_EDU_EVENTS,2025-10,4630.0
30000,FEES_EDU_EVENTS,2025-11,4630.0
30000,FEES_EDU_EVENTS,2025-12,4630.0
30000,FEES_EDU_EVENTS,2026-01,4630.0
30000,FEES_EDU_EVENTS,2026-02,4630.0
30000,FEES_EDU_EVENTS,2026-03,4630.0
30000,FEES_EDU_EVENTS,2026-04,4630.0
30000,FEES_EDU_EVENTS,2026-05,4630.0
30000,FEES_EDU_EVENTS,2026-06,4630.0
30000,FEES_EDU_EVENTS,2026-07,4630.0
30000,FEES_EDU_EVENTS,2026-08,4630.0
30000,IT_TELECOM,2025-07,15710.0
30000,IT_TELECOM,2025-08,15710.0
30000,IT_TELECOM,2025-09,15710.0
30000,IT_TELECOM,2025-10,15710.0
30000,IT_TELECOM,2025-11,15710.0
30000,IT_TELECOM,2025-12,15710.0
30000,IT_TELECOM,2026-01,15710.0
30000,IT_TELECOM,2026-02,15710.0
30000,IT_TELECOM,2026-03,15710.0
30000,IT_TELECOM,2026-04,15710.0
30000,IT_TELECOM,2026-05,15710.0
30000,IT_TELECOM,2026-06,15710.0
30000,IT_TELECOM,2026-07,15710.0
30000,IT_TELECOM,2026-08,15710.0
30000,LODGING,2025-07,3900.0
30000,LODGING,2025-08,3900.0
30000,LODGING,2025-09,3900.0
30000,LODGING,2025-10,3900.0
30000,LODGING,2025-11,3900.0
30000,LODGING,2025-12,3900.0
30000,LODGING,2026-01,3900.0
30000,LODGING,2026-02,3900.0
30000,LODGING,2026-03,3900.0
30000,LODGING,2026-04,3900.0
30000,LODGING,2026-05,3900.0
30000,LODGING,2026-06,3900.0
30000,LODGING,2026-07,3900.0
30000,LODGING,2026-08,3900.0
30000,OFFICE_PRINT,2025-07,450.0
30000,OFFICE_PRINT,2025-08,450.0
30000,OFFICE_PRINT,2025-09,450.0
30000,OFFICE_PRINT,2025-10,450.0
30000,OFFICE_PRINT,2025-11,450.0
30000,OFFICE_PRINT,2025-12,450.0
30000,OFFICE_PRINT,2026-01,450.0
30000,OFFICE_PRINT,2026-02,450.0
30000,OFFICE_PRINT,2026-03,450.0
30000,OFFICE_PRINT,2026-04,450.0
30000,OFFICE_PRINT,2026-05,450.0
30000,OFFICE_PRINT,2026-06,450.0
30000,OFFICE_PRINT,2026-07,450.0
30000,OFFICE_PRINT,2026-08,450.0
30000,PROF_SERVICES,2025-07,4300.0
30000,PROF_SERVICES,2025-08,4300.0
30000,PROF_SERVICES,2025-09,4300.0
30000,PROF_SERVICES,2025-10,4300.0
30000,PROF_SERVICES,2025-11,4300.0
30000,PROF_SERVICES,2025-12,4300.0
30000,PROF_SERVICES,2026-01,4300.0
30000,PROF_SERVICES,2026-02,4300.0
30000,PROF_SERVICES,2026-03,4300.0
30000,PROF_SERVICES,2026-04,4300.0
30000,PROF_SERVICES,2026-05,4300.0
30000,PROF_SERVICES,2026-06,4300.0
30000,PROF_SERVICES,2026-07,4300.0
30000,PROF_SERVICES,2026-08,4300.0
30000,RETAIL_GENERAL,2025-07,2260.0
30000,RETAIL_GENERAL,2025-08,2260.0
30000,RETAIL_GENERAL,2025-09,2260.0
30000,RETAIL_GENERAL,2025-10,2260.0
30000,RETAIL_GENERAL,2025-11,2260.0
30000,RETAIL_GENERAL,2025-12,2260.0
30000,RETAIL_GENERAL,2026-01,2260.0
30000,RETAIL_GENERAL,2026-02,2260.0
30000,RETAIL_GENERAL,2026-03,2260.0
30000,RETAIL_GENERAL,2026-04,2260.0
30000,RETAIL_GENERAL,2026-05,2260.0
30000,RETAIL_GENERAL,2026-06,2260.0
30000,RETAIL_GENERAL,2026-07,2260.0
30000,RETAIL_GENERAL,2026-08,2260.0
30000,UTILITIES,2025-07,130.0
30000,UTILITIES,2025-08,130.0
30000,UTILITIES,2025-09,130.0
30000,UTILITIES,2025-10,130.0
30000,UTILITIES,2025-11,130.0
30000,UTILITIES,2025-12,130.0
30000,UTILITIES,2026-01,130.0
30000,UTILITIES,2026-02,130.0
30000,UTILITIES,2026-03,130.0
30000,UTILITIES,2026-04,130.0
30000,UTILITIES,2026-05,130.0
30000,UTILITIES,2026-06,130.0
30000,UTILITIES,2026-07,130.0
30000,UTILITIES,2026-08,130.0
30500,AIR_TRAVEL,2025-07,2420.0
30500,AIR_TRAVEL,2025-08,2420.0
30500,AIR_TRAVEL,2025-09,2420.0
30500,AIR_TRAVEL,2025-10,2420.0
30500,AIR_TRAVEL,2025-11,2420.0
30500,AIR_TRAVEL,2025-12,2420.0
30500,AIR_TRAVEL,2026-01,2420.0
30500,AIR_TRAVEL,2026-02,2420.0
30500,AIR_TRAVEL,2026-03,2420.0
30500,AIR_TRAVEL,2026-04,2420.0
30500,AIR_TRAVEL,2026-05,2420.0
30500,AIR_TRAVEL,2026-06,2420.0
30500,AIR_TRAVEL,2026-07,2420.0
30500,AIR_TRAVEL,2026-08,2420.0
30500,GROUND_TRANSPORT,2025-07,240.0
30500,GROUND_TRANSPORT,2025-08,240.0
30500,GROUND_TRANSPORT,2025-09,240.0
30500,GROUND_TRANSPORT,2025-10,240.0
30500,GROUND_TRANSPORT,2025-11,240.0
30500,GROUND_TRANSPORT,2025-12,240.0
30500,GROUND_TRANSPORT,2026-01,240.0
30500,GROUND_TRANSPORT,2026-02,240.0
30500,GROUND_TRANSPORT,2026-03,240.0
30500,GROUND_TRANSPORT,2026-04,240.0
30500,GROUND_TRANSPORT,2026-05,240.0
30500,GROUND_TRANSPORT,2026-06,240.0
30500,GROUND_TRANSPORT,2026-07,240.0
30500,GROUND_TRANSPORT,2026-08,240.0
30500,IT_TELECOM,2025-07,360.0
30500,IT_TELECOM,2025-08,360.0
30500,IT_TELECOM,2025-09,360.0
30500,IT_TELECOM,2025-10,360.0
30500,IT_TELECOM,2025-11,360.0
30500,IT_TELECOM,2025-12,360.0
30500,IT_TELECOM,2026-01,360.0
30500,IT_TELECOM,2026-02,360.0
30500,IT_TELECOM,2026-03,360.0
30500,IT_TELECOM,2026-04,360.0
30500,IT_TELECOM,2026-05,360.0
30500,IT_TELECOM,2026-06,360.0
30500,IT_TELECOM,2026-07,360.0
30500,IT_TELECOM,2026-08,360.0
30500,LODGING,2025-07,760.0
30500,LODGING,2025-08,760.0
30500,LODGING,2025-09,760.0
30500,LODGING,2025-10,760.0
30500,LODGING,2025-11,760.0
30500,LODGING,2025-12,760.0
30500,LODGING,2026-01,760.0
30500,LODGING,2026-02,760.0
30500,LODGING,2026-03,760.0
30500,LODGING,2026-04,760.0
30500,LODGING,2026-05,760.0
30500,LODGING,2026-06,760.0
30500,LODGING,2026-07,760.0
30500,LODGING,2026-08,760.0
30500,PROF_SERVICES,2025-07,920.0
30500,PROF_SERVICES,2025-08,920.0
30500,PROF_SERVICES,2025-09,920.0
30500,PROF_SERVICES,2025-10,920.0
30500,PROF_SERVICES,2025-11,920.0
30500,PROF_SERVICES,2025-12,920.0
30500,PROF_SERVICES,2026-01,920.0
30500,PROF_SERVICES,2026-02,920.0
30500,PROF_SERVICES,2026-03,920.0
30500,PROF_SERVICES,2026-04,920.0
30500,PROF_SERVICES,2026-05,920.0
30500,PROF_SERVICES,2026-06,920.0
30500,PROF_SERVICES,2026-07,920.0
30500,PROF_SERVICES,2026-08,920.0
30500,RETAIL_GENERAL,2025-07,290.0
30500,RETAIL_GENERAL,2025-08,290.0
30500,RETAIL_GENERAL,2025-09,290.0
30500,RETAIL_GENERAL,2025-10,290.0
30500,RETAIL_GENERAL,2025-11,290.0
30500,RETAIL_GENERAL,2025-12,290.0
30500,RETAIL_GENERAL,2026-01,290.0
30500,RETAIL_GENERAL,2026-02,290.0
30500,RETAIL_GENERAL,2026-03,290.0
30500,RETAIL_GENERAL,2026-04,290.0
30500,RETAIL_GENERAL,2026-05,290.0
30500,RETAIL_GENERAL,2026-06,290.0
30500,RETAIL_GENERAL,2026-07,290.0
30500,RETAIL_GENERAL,2026-08,290.0
30600,IT_TELECOM,2025-07,1230.0
30600,IT_TELECOM,2025-08,1230.0
30600,IT_TELECOM,2025-09,1230.0
30600,IT_TELECOM,2025-10,1230.0
30600,IT_TELECOM,2025-11,1230.0
30600,IT_TELECOM,2025-12,1230.0
30600,IT_TELECOM,2026-01,1230.0
30600,IT_TELECOM,2026-02,1230.0
30600,IT_TELECOM,2026-03,1230.0
30600,IT_TELECOM,2026-04,1230.0
30600,IT_TELECOM,2026-05,1230.0
30600,IT_TELECOM,2026-06,1230.0
30600,IT_TELECOM,2026-07,1230.0
30600,IT_TELECOM,2026-08,1230.0
30600,OFFICE_PRINT,2025-07,510.0
30600,OFFICE_PRINT,2025-08,510.0
30600,OFFICE_PRINT,2025-09,510.0
30600,OFFICE_PRINT,2025-10,510.0
30600,OFFICE_PRINT,2025-11,510.0
30600,OFFICE_PRINT,2025-12,510.0
30600,OFFICE_PRINT,2026-01,510.0
30600,OFFICE_PRINT,2026-02,510.0
30600,OFFICE_PRINT,2026-03,510.0
30600,OFFICE_PRINT,2026-04,510.0
30600,OFFICE_PRINT,2026-05,510.0
30600,OFFICE_PRINT,2026-06,510.0
30600,OFFICE_PRINT,2026-07,510.0
30600,OFFICE_PRINT,2026-08,510.0
30700,IT_TELECOM,2025-07,50.0
30700,IT_TELECOM,2025-08,50.0
30700,IT_TELECOM,2025-09,50.0
30700,IT_TELECOM,2025-10,50.0
30700,IT_TELECOM,2025-11,50.0
30700,IT_TELECOM,2025-12,50.0
30700,IT_TELECOM,2026-01,50.0
30700,IT_TELECOM,2026-02,50.0
30700,IT_TELECOM,2026-03,50.0
30700,IT_TELECOM,2026-04,50.0
30700,IT_TELECOM,2026-05,50.0
30700,IT_TELECOM,2026-06,50.0
30700,IT_TELECOM,2026-07,50.0
30700,IT_TELECOM,2026-08,50.0
30700,PROF_SERVICES,2025-07,1860.0
30700,PROF_SERVICES,2025-08,1860.0
30700,PROF_SERVICES,2025-09,1860.0
30700,PROF_SERVICES,2025-10,1860.0
30700,PROF_SERVICES,2025-11,1860.0
30700,PROF_SERVICES,2025-12,1860.0
30700,PROF_SERVICES,2026-01,1860.0
30700,PROF_SERVICES,2026-02,1860.0
30700,PROF_SERVICES,2026-03,1860.0
30700,PROF_SERVICES,2026-04,1860.0
30700,PROF_SERVICES,2026-05,1860.0
30700,PROF_SERVICES,2026-06,1860.0
30700,PROF_SERVICES,2026-07,1860.0
30700,PROF_SERVICES,2026-08,1860.0
30700,RETAIL_GENERAL,2025-07,80.0
30700,RETAIL_GENERAL,2025-08,80.0
30700,RETAIL_GENERAL,2025-09,80.0
30700,RETAIL_GENERAL,2025-10,80.0
30700,RETAIL_GENERAL,2025-11,80.0
30700,RETAIL_GENERAL,2025-12,80.0
30700,RETAIL_GENERAL,2026-01,80.0
30700,RETAIL_GENERAL,2026-02,80.0
30700,RETAIL_GENERAL,2026-03,80.0
30700,RETAIL_GENERAL,2026-04,80.0
30700,RETAIL_GENERAL,2026-05,80.0
30700,RETAIL_GENERAL,2026-06,80.0
30700,RETAIL_GENERAL,2026-07,80.0
30700,RETAIL_GENERAL,2026-08,80.0
30800,AIR_TRAVEL,2025-07,5650.0
30800,AIR_TRAVEL,2025-08,5650.0
30800,AIR_TRAVEL,2025-09,5650.0
30800,AIR_TRAVEL,2025-10,5650.0
30800,AIR_TRAVEL,2025-11,5650.0
30800,AIR_TRAVEL,2025-12,5650.0
30800,AIR_TRAVEL,2026-01,5650.0
30800,AIR_TRAVEL,2026-02,5650.0
30800,AIR_TRAVEL,2026-03,5650.0
30800,AIR_TRAVEL,2026-04,5650.0
30800,AIR_TRAVEL,2026-05,5650.0
30800,AIR_TRAVEL,2026-06,5650.0
30800,AIR_TRAVEL,2026-07,5650.0
30800,AIR_TRAVEL,2026-08,5650.0
30800,FACILITIES_MRO,2025-07,12000.0
30800,FACILITIES_MRO,2025-08,12000.0
30800,FACILITIES_MRO,2025-09,12000.0
30800,FACILITIES_MRO,2025-10,12000.0
30800,FACILITIES_MRO,2025-11,12000.0
30800,FACILITIES_MRO,2025-12,12000.0
30800,FACILITIES_MRO,2026-01,12000.0
30800,FACILITIES_MRO,2026-02,12000.0
30800,FACILITIES_MRO,2026-03,12000.0
30800,FACILITIES_MRO,2026-04,12000.0
30800,FACILITIES_MRO,2026-05,12000.0
30800,FACILITIES_MRO,2026-06,12000.0
30800,FACILITIES_MRO,2026-07,12000.0
30800,FACILITIES_MRO,2026-08,12000.0
30800,FEES_EDU_EVENTS,2025-07,13370.0
30800,FEES_EDU_EVENTS,2025-08,13370.0
30800,FEES_EDU_EVENTS,2025-09,13370.0
30800,FEES_EDU_EVENTS,2025-10,13370.0
30800,FEES_EDU_EVENTS,2025-11,13370.0
30800,FEES_EDU_EVENTS,2025-12,13370.0
30800,FEES_EDU_EVENTS,2026-01,13370.0
30800,FEES_EDU_EVENTS,2026-02,13370.0
30800,FEES_EDU_EVENTS,2026-03,13370.0
30800,FEES_EDU_EVENTS,2026-04,13370.0
30800,FEES_EDU_EVENTS,2026-05,13370.0
30800,FEES_EDU_EVENTS,2026-06,13370.0
30800,FEES_EDU_EVENTS,2026-07,13370.0
30800,FEES_EDU_EVENTS,2026-08,13370.0
30800,IT_TELECOM,2025-07,46830.0
30800,IT_TELECOM,2025-08,46830.0
30800,IT_TELECOM,2025-09,46830.0
30800,IT_TELECOM,2025-10,46830.0
30800,IT_TELECOM,2025-11,46830.0
30800,IT_TELECOM,2025-12,46830.0
30800,IT_TELECOM,2026-01,46830.0
30800,IT_TELECOM,2026-02,46830.0
30800,IT_TELECOM,2026-03,46830.0
30800,IT_TELECOM,2026-04,46830.0
30800,IT_TELECOM,2026-05,46830.0
30800,IT_TELECOM,2026-06,46830.0
30800,IT_TELECOM,2026-07,46830.0
30800,IT_TELECOM,2026-08,46830.0
30800,LODGING,2025-07,10780.0
30800,LODGING,2025-08,10780.0
30800,LODGING,2025-09,10780.0
30800,LODGING,2025-10,10780.0
30800,LODGING,2025-11,10780.0
30800,LODGING,2025-12,10780.0
30800,LODGING,2026-01,10780.0
30800,LODGING,2026-02,10780.0
30800,LODGING,2026-03,10780.0
30800,LODGING,2026-04,10780.0
30800,LODGING,2026-05,10780.0
30800,LODGING,2026-06,10780.0
30800,LODGING,2026-07,10780.0
30800,LODGING,2026-08,10780.0
30800,MEDICAL_LAB,2025-07,5720.0
30800,MEDICAL_LAB,2025-08,5720.0
30800,MEDICAL_LAB,2025-09,5720.0
30800,MEDICAL_LAB,2025-10,5720.0
30800,MEDICAL_LAB,2025-11,5720.0
30800,MEDICAL_LAB,2025-12,5720.0
30800,MEDICAL_LAB,2026-01,5720.0
30800,MEDICAL_LAB,2026-02,5720.0
30800,MEDICAL_LAB,2026-03,5720.0
30800,MEDICAL_LAB,2026-04,5720.0
30800,MEDICAL_LAB,2026-05,5720.0
30800,MEDICAL_LAB,2026-06,5720.0
30800,MEDICAL_LAB,2026-07,5720.0
30800,MEDICAL_LAB,2026-08,5720.0
30800,OFFICE_PRINT,2025-07,4180.0
30800,OFFICE_PRINT,2025-08,4180.0
30800,OFFICE_PRINT,2025-09,4180.0
30800,OFFICE_PRINT,2025-10,4180.0
30800,OFFICE_PRINT,2025-11,4180.0
30800,OFFICE_PRINT,2025-12,4180.0
30800,OFFICE_PRINT,2026-01,4180.0
30800,OFFICE_PRINT,2026-02,4180.0
30800,OFFICE_PRINT,2026-03,4180.0
30800,OFFICE_PRINT,2026-04,4180.0
30800,OFFICE_PRINT,2026-05,4180.0
30800,OFFICE_PRINT,2026-06,4180.0
30800,OFFICE_PRINT,2026-07,4180.0
30800,OFFICE_PRINT,2026-08,4180.0
30800,PROF_SERVICES,2025-07,5000.0
30800,PROF_SERVICES,2025-08,5000.0
30800,PROF_SERVICES,2025-09,5000.0
30800,PROF_SERVICES,2025-10,5000.0
30800,PROF_SERVICES,2025-11,5000.0
30800,PROF_SERVICES,2025-12,5000.0
30800,PROF_SERVICES,2026-01,5000.0
30800,PROF_SERVICES,2026-02,5000.0
30800,PROF_SERVICES,2026-03,5000.0
30800,PROF_SERVICES,2026-04,5000.0
30800,PROF_SERVICES,2026-05,5000.0
30800,PROF_SERVICES,2026-06,5000.0
30800,PROF_SERVICES,2026-07,5000.0
30800,PROF_SERVICES,2026-08,5000.0
30800,RETAIL_GENERAL,2025-07,14790.0
30800,RETAIL_GENERAL,2025-08,14790.0
30800,RETAIL_GENERAL,2025-09,14790.0
30800,RETAIL_GENERAL,2025-10,14790.0
30800,RETAIL_GENERAL,2025-11,14790.0
30800,RETAIL_GENERAL,2025-12,14790.0
30800,RETAIL_GENERAL,2026-01,14790.0
30800,RETAIL_GENERAL,2026-02,14790.0
30800,RETAIL_GENERAL,2026-03,14790.0
30800,RETAIL_GENERAL,2026-04,14790.0
30800,RETAIL_GENERAL,2026-05,14790.0
30800,RETAIL_GENERAL,2026-06,14790.0
30800,RETAIL_GENERAL,2026-07,14790.0
30800,RETAIL_GENERAL,2026-08,14790.0
30800,UTILITIES,2025-07,2460.0
30800,UTILITIES,2025-08,2460.0
30800,UTILITIES,2025-09,2460.0
30800,UTILITIES,2025-10,2460.0
30800,UTILITIES,2025-11,2460.0
30800,UTILITIES,2025-12,2460.0
30800,UTILITIES,2026-01,2460.0
30800,UTILITIES,2026-02,2460.0
30800,UTILITIES,2026-03,2460.0
30800,UTILITIES,2026-04,2460.0
30800,UTILITIES,2026-05,2460.0
30800,UTILITIES,2026-06,2460.0
30800,UTILITIES,2026-07,2460.0
30800,UTILITIES,2026-08,2460.0
30900,AIR_TRAVEL,2025-07,4770.0
30900,AIR_TRAVEL,2025-08,4770.0
30900,AIR_TRAVEL,2025-09,4770.0
30900,AIR_TRAVEL,2025-10,4770.0
30900,AIR_TRAVEL,2025-11,4770.0
30900,AIR_TRAVEL,2025-12,4770.0
30900,AIR_TRAVEL,2026-01,4770.0
30900,AIR_TRAVEL,2026-02,4770.0
30900,AIR_TRAVEL,2026-03,4770.0
30900,AIR_TRAVEL,2026-04,4770.0
30900,AIR_TRAVEL,2026-05,4770.0
30900,AIR_TRAVEL,2026-06,4770.0
30900,AIR_TRAVEL,2026-07,4770.0
30900,AIR_TRAVEL,2026-08,4770.0
30900,FACILITIES_MRO,2025-07,2590.0
30900,FACILITIES_MRO,2025-08,2590.0
30900,FACILITIES_MRO,2025-09,2590.0
30900,FACILITIES_MRO,2025-10,2590.0
30900,FACILITIES_MRO,2025-11,2590.0
30900,FACILITIES_MRO,2025-12,2590.0
30900,FACILITIES_MRO,2026-01,2590.0
30900,FACILITIES_MRO,2026-02,2590.0
30900,FACILITIES_MRO,2026-03,2590.0
30900,FACILITIES_MRO,2026-04,2590.0
30900,FACILITIES_MRO,2026-05,2590.0
30900,FACILITIES_MRO,2026-06,2590.0
30900,FACILITIES_MRO,2026-07,2590.0
30900,FACILITIES_MRO,2026-08,2590.0
30900,FEES_EDU_EVENTS,2025-07,6650.0
30900,FEES_EDU_EVENTS,2025-08,6650.0
30900,FEES_EDU_EVENTS,2025-09,6650.0
30900,FEES_EDU_EVENTS,2025-10,6650.0
30900,FEES_EDU_EVENTS,2025-11,6650.0
30900,FEES_EDU_EVENTS,2025-12,6650.0
30900,FEES_EDU_EVENTS,2026-01,6650.0
30900,FEES_EDU_EVENTS,2026-02,6650.0
30900,FEES_EDU_EVENTS,2026-03,6650.0
30900,FEES_EDU_EVENTS,2026-04,6650.0
30900,FEES_EDU_EVENTS,2026-05,6650.0
30900,FEES_EDU_EVENTS,2026-06,6650.0
30900,FEES_EDU_EVENTS,2026-07,6650.0
30900,FEES_EDU_EVENTS,2026-08,6650.0
30900,FOOD,2025-07,1130.0
30900,FOOD,2025-08,1130.0
30900,FOOD,2025-09,1130.0
30900,FOOD,2025-10,1130.0
30900,FOOD,2025-11,1130.0
30900,FOOD,2025-12,1130.0
30900,FOOD,2026-01,1130.0
30900,FOOD,2026-02,1130.0
30900,FOOD,2026-03,1130.0
30900,FOOD,2026-04,1130.0
30900,FOOD,2026-05,1130.0
30900,FOOD,2026-06,1130.0
30900,FOOD,2026-07,1130.0
30900,FOOD,2026-08,1130.0
30900,IT_TELECOM,2025-07,8590.0
30900,IT_TELECOM,2025-08,8590.0
30900,IT_TELECOM,2025-09,8590.0
30900,IT_TELECOM,2025-10,8590.0
30900,IT_TELECOM,2025-11,8590.0
30900,IT_TELECOM,2025-12,8590.0
30900,IT_TELECOM,2026-01,8590.0
30900,IT_TELECOM,2026-02,8590.0
30900,IT_TELECOM,2026-03,8590.0
30900,IT_TELECOM,2026-04,8590.0
30900,IT_TELECOM,2026-05,8590.0
30900,IT_TELECOM,2026-06,8590.0
30900,IT_TELECOM,2026-07,8590.0
30900,IT_TELECOM,2026-08,8590.0
30900,LODGING,2025-07,9100.0
30900,LODGING,2025-08,9100.0
30900,LODGING,2025-09,9100.0
30900,LODGING,2025-10,9100.0
30900,LODGING,2025-11,9100.0
30900,LODGING,2025-12,9100.0
30900,LODGING,2026-01,9100.0
30900,LODGING,2026-02,9100.0
30900,LODGING,2026-03,9100.0
30900,LODGING,2026-04,9100.0
30900,LODGING,2026-05,9100.0
30900,LODGING,2026-06,9100.0
30900,LODGING,2026-07,9100.0
30900,LODGING,2026-08,9100.0
30900,PROF_SERVICES,2025-07,4430.0
30900,PROF_SERVICES,2025-08,4430.0
30900,PROF_SERVICES,2025-09,4430.0
30900,PROF_SERVICES,2025-10,4430.0
30900,PROF_SERVICES,2025-11,4430.0
30900,PROF_SERVICES,2025-12,4430.0
30900,PROF_SERVICES,2026-01,4430.0
30900,PROF_SERVICES,2026-02,4430.0
30900,PROF_SERVICES,2026-03,4430.0
30900,PROF_SERVICES,2026-04,4430.0
30900,PROF_SERVICES,2026-05,4430.0
30900,PROF_SERVICES,2026-06,4430.0
30900,PROF_SERVICES,2026-07,4430.0
30900,PROF_SERVICES,2026-08,4430.0
30900,RETAIL_GENERAL,2025-07,2120.0
30900,RETAIL_GENERAL,2025-08,2120.0
30900,RETAIL_GENERAL,2025-09,2120.0
30900,RETAIL_GENERAL,2025-10,2120.0
30900,RETAIL_GENERAL,2025-11,2120.0
30900,RETAIL_GENERAL,2025-12,2120.0
30900,RETAIL_GENERAL,2026-01,2120.0
30900,RETAIL_GENERAL,2026-02,2120.0
30900,RETAIL_GENERAL,2026-03,2120.0
30900,RETAIL_GENERAL,2026-04,2120.0
30900,RETAIL_GENERAL,2026-05,2120.0
30900,RETAIL_GENERAL,2026-06,2120.0
30900,RETAIL_GENERAL,2026-07,2120.0
30900,RETAIL_GENERAL,2026-08,2120.0
30900,UTILITIES,2025-07,110.0
30900,UTILITIES,2025-08,110.0
30900,UTILITIES,2025-09,110.0
30900,UTILITIES,2025-10,110.0
30900,UTILITIES,2025-11,110.0
30900,UTILITIES,2025-12,110.0
30900,UTILITIES,2026-01,110.0
30900,UTILITIES,2026-02,110.0
30900,UTILITIES,2026-03,110.0
30900,UTILITIES,2026-04,110.0
30900,UTILITIES,2026-05,110.0
30900,UTILITIES,2026-06,110.0
30900,UTILITIES,2026-07,110.0
30900,UTILITIES,2026-08,110.0
31000,AGRI_ANIMAL,2025-07,270.0
31000,AGRI_ANIMAL,2025-08,270.0
31000,AGRI_ANIMAL,2025-09,270.0
31000,AGRI_ANIMAL,2025-10,270.0
31000,AGRI_ANIMAL,2025-11,270.0
31000,AGRI_ANIMAL,2025-12,270.0
31000,AGRI_ANIMAL,2026-01,270.0
31000,AGRI_ANIMAL,2026-02,270.0
31000,AGRI_ANIMAL,2026-03,270.0
31000,AGRI_ANIMAL,2026-04,270.0
31000,AGRI_ANIMAL,2026-05,270.0
31000,AGRI_ANIMAL,2026-06,270.0
31000,AGRI_ANIMAL,2026-07,270.0
31000,AGRI_ANIMAL,2026-08,270.0
31000,AIR_TRAVEL,2025-07,1140.0
31000,AIR_TRAVEL,2025-08,1140.0
31000,AIR_TRAVEL,2025-09,1140.0
31000,AIR_TRAVEL,2025-10,1140.0
31000,AIR_TRAVEL,2025-11,1140.0
31000,AIR_TRAVEL,2025-12,1140.0
31000,AIR_TRAVEL,2026-01,1140.0
31000,AIR_TRAVEL,2026-02,1140.0
31000,AIR_TRAVEL,2026-03,1140.0
31000,AIR_TRAVEL,2026-04,1140.0
31000,AIR_TRAVEL,2026-05,1140.0
31000,AIR_TRAVEL,2026-06,1140.0
31000,AIR_TRAVEL,2026-07,1140.0
31000,AIR_TRAVEL,2026-08,1140.0
31000,FEES_EDU_EVENTS,2025-07,2170.0
31000,FEES_EDU_EVENTS,2025-08,2170.0
31000,FEES_EDU_EVENTS,2025-09,2170.0
31000,FEES_EDU_EVENTS,2025-10,2170.0
31000,FEES_EDU_EVENTS,2025-11,2170.0
31000,FEES_EDU_EVENTS,2025-12,2170.0
31000,FEES_EDU_EVENTS,2026-01,2170.0
31000,FEES_EDU_EVENTS,2026-02,2170.0
31000,FEES_EDU_EVENTS,2026-03,2170.0
31000,FEES_EDU_EVENTS,2026-04,2170.0
31000,FEES_EDU_EVENTS,2026-05,2170.0
31000,FEES_EDU_EVENTS,2026-06,2170.0
31000,FEES_EDU_EVENTS,2026-07,2170.0
31000,FEES_EDU_EVENTS,2026-08,2170.0
31000,FOOD,2025-07,170.0
31000,FOOD,2025-08,170.0
31000,FOOD,2025-09,170.0
31000,FOOD,2025-10,170.0
31000,FOOD,2025-11,170.0
31000,FOOD,2025-12,170.0
31000,FOOD,2026-01,170.0
31000,FOOD,2026-02,170.0
31000,FOOD,2026-03,170.0
31000,FOOD,2026-04,170.0
31000,FOOD,2026-05,170.0
31000,FOOD,2026-06,170.0
31000,FOOD,2026-07,170.0
31000,FOOD,2026-08,170.0
31000,IT_TELECOM,2025-07,670.0
31000,IT_TELECOM,2025-08,670.0
31000,IT_TELECOM,2025-09,670.0
31000,IT_TELECOM,2025-10,670.0
31000,IT_TELECOM,2025-11,670.0
31000,IT_TELECOM,2025-12,670.0
31000,IT_TELECOM,2026-01,670.0
31000,IT_TELECOM,2026-02,670.0
31000,IT_TELECOM,2026-03,670.0
31000,IT_TELECOM,2026-04,670.0
31000,IT_TELECOM,2026-05,670.0
31000,IT_TELECOM,2026-06,670.0
31000,IT_TELECOM,2026-07,670.0
31000,IT_TELECOM,2026-08,670.0
31000,LODGING,2025-07,3160.0
31000,LODGING,2025-08,3160.0
31000,LODGING,2025-09,3160.0
31000,LODGING,2025-10,3160.0
31000,LODGING,2025-11,3160.0
31000,LODGING,2025-12,3160.0
31000,LODGING,2026-01,3160.0
31000,LODGING,2026-02,3160.0
31000,LODGING,2026-03,3160.0
31000,LODGING,2026-04,3160.0
31000,LODGING,2026-05,3160.0
31000,LODGING,2026-06,3160.0
31000,LODGING,2026-07,3160.0
31000,LODGING,2026-08,3160.0
31000,OFFICE_PRINT,2025-07,750.0
31000,OFFICE_PRINT,2025-08,750.0
31000,OFFICE_PRINT,2025-09,750.0
31000,OFFICE_PRINT,2025-10,750.0
31000,OFFICE_PRINT,2025-11,750.0
31000,OFFICE_PRINT,2025-12,750.0
31000,OFFICE_PRINT,2026-01,750.0
31000,OFFICE_PRINT,2026-02,750.0
31000,OFFICE_PRINT,2026-03,750.0
31000,OFFICE_PRINT,2026-04,750.0
31000,OFFICE_PRINT,2026-05,750.0
31000,OFFICE_PRINT,2026-06,750.0
31000,OFFICE_PRINT,2026-07,750.0
31000,OFFICE_PRINT,2026-08,750.0
31000,RETAIL_GENERAL,2025-07,1290.0
31000,RETAIL_GENERAL,2025-08,1290.0
31000,RETAIL_GENERAL,2025-09,1290.0
31000,RETAIL_GENERAL,2025-10,1290.0
31000,RETAIL_GENERAL,2025-11,1290.0
31000,RETAIL_GENERAL,2025-12,1290.0
31000,RETAIL_GENERAL,2026-01,1290.0
31000,RETAIL_GENERAL,2026-02,1290.0
31000,RETAIL_GENERAL,2026-03,1290.0
31000,RETAIL_GENERAL,2026-04,1290.0
31000,RETAIL_GENERAL,2026-05,1290.0
31000,RETAIL_GENERAL,2026-06,1290.0
31000,RETAIL_GENERAL,2026-07,1290.0
31000,RETAIL_GENERAL,2026-08,1290.0
31500,AIR_TRAVEL,2025-07,490.0
31500,AIR_TRAVEL,2025-08,490.0
31500,AIR_TRAVEL,2025-09,490.0
31500,AIR_TRAVEL,2025-10,490.0
31500,AIR_TRAVEL,2025-11,490.0
31500,AIR_TRAVEL,2025-12,490.0
31500,AIR_TRAVEL,2026-01,490.0
31500,AIR_TRAVEL,2026-02,490.0
31500,AIR_TRAVEL,2026-03,490.0
31500,AIR_TRAVEL,2026-04,490.0
31500,AIR_TRAVEL,2026-05,490.0
31500,AIR_TRAVEL,2026-06,490.0
31500,AIR_TRAVEL,2026-07,490.0
31500,AIR_TRAVEL,2026-08,490.0
31500,FACILITIES_MRO,2025-07,1250.0
31500,FACILITIES_MRO,2025-08,1250.0
31500,FACILITIES_MRO,2025-09,1250.0
31500,FACILITIES_MRO,2025-10,1250.0
31500,FACILITIES_MRO,2025-11,1250.0
31500,FACILITIES_MRO,2025-12,1250.0
31500,FACILITIES_MRO,2026-01,1250.0
31500,FACILITIES_MRO,2026-02,1250.0
31500,FACILITIES_MRO,2026-03,1250.0
31500,FACILITIES_MRO,2026-04,1250.0
31500,FACILITIES_MRO,2026-05,1250.0
31500,FACILITIES_MRO,2026-06,1250.0
31500,FACILITIES_MRO,2026-07,1250.0
31500,FACILITIES_MRO,2026-08,1250.0
31500,FEES_EDU_EVENTS,2025-07,1190.0
31500,FEES_EDU_EVENTS,2025-08,1190.0
31500,FEES_EDU_EVENTS,2025-09,1190.0
31500,FEES_EDU_EVENTS,2025-10,1190.0
31500,FEES_EDU_EVENTS,2025-11,1190.0
31500,FEES_EDU_EVENTS,2025-12,1190.0
31500,FEES_EDU_EVENTS,2026-01,1190.0
31500,FEES_EDU_EVENTS,2026-02,1190.0
31500,FEES_EDU_EVENTS,2026-03,1190.0
31500,FEES_EDU_EVENTS,2026-04,1190.0
31500,FEES_EDU_EVENTS,2026-05,1190.0
31500,FEES_EDU_EVENTS,2026-06,1190.0
31500,FEES_EDU_EVENTS,2026-07,1190.0
31500,FEES_EDU_EVENTS,2026-08,1190.0
31500,FOOD,2025-07,330.0
31500,FOOD,2025-08,330.0
31500,FOOD,2025-09,330.0
31500,FOOD,2025-10,330.0
31500,FOOD,2025-11,330.0
31500,FOOD,2025-12,330.0
31500,FOOD,2026-01,330.0
31500,FOOD,2026-02,330.0
31500,FOOD,2026-03,330.0
31500,FOOD,2026-04,330.0
31500,FOOD,2026-05,330.0
31500,FOOD,2026-06,330.0
31500,FOOD,2026-07,330.0
31500,FOOD,2026-08,330.0
31500,IT_TELECOM,2025-07,1600.0
31500,IT_TELECOM,2025-08,1600.0
31500,IT_TELECOM,2025-09,1600.0
31500,IT_TELECOM,2025-10,1600.0
31500,IT_TELECOM,2025-11,1600.0
31500,IT_TELECOM,2025-12,1600.0
31500,IT_TELECOM,2026-01,1600.0
31500,IT_TELECOM,2026-02,1600.0
31500,IT_TELECOM,2026-03,1600.0
31500,IT_TELECOM,2026-04,1600.0
31500,IT_TELECOM,2026-05,1600.0
31500,IT_TELECOM,2026-06,1600.0
31500,IT_TELECOM,2026-07,1600.0
31500,IT_TELECOM,2026-08,1600.0
31500,OFFICE_PRINT,2025-07,1070.0
31500,OFFICE_PRINT,2025-08,1070.0
31500,OFFICE_PRINT,2025-09,1070.0
31500,OFFICE_PRINT,2025-10,1070.0
31500,OFFICE_PRINT,2025-11,1070.0
31500,OFFICE_PRINT,2025-12,1070.0
31500,OFFICE_PRINT,2026-01,1070.0
31500,OFFICE_PRINT,2026-02,1070.0
31500,OFFICE_PRINT,2026-03,1070.0
31500,OFFICE_PRINT,2026-04,1070.0
31500,OFFICE_PRINT,2026-05,1070.0
31500,OFFICE_PRINT,2026-06,1070.0
31500,OFFICE_PRINT,2026-07,1070.0
31500,OFFICE_PRINT,2026-08,1070.0
31500,PROF_SERVICES,2025-07,110.0
31500,PROF_SERVICES,2025-08,110.0
31500,PROF_SERVICES,2025-09,110.0
31500,PROF_SERVICES,2025-10,110.0
31500,PROF_SERVICES,2025-11,110.0
31500,PROF_SERVICES,2025-12,110.0
31500,PROF_SERVICES,2026-01,110.0
31500,PROF_SERVICES,2026-02,110.0
31500,PROF_SERVICES,2026-03,110.0
31500,PROF_SERVICES,2026-04,110.0
31500,PROF_SERVICES,2026-05,110.0
31500,PROF_SERVICES,2026-06,110.0
31500,PROF_SERVICES,2026-07,110.0
31500,PROF_SERVICES,2026-08,110.0
31500,RETAIL_GENERAL,2025-07,530.0
31500,RETAIL_GENERAL,2025-08,530.0
31500,RETAIL_GENERAL,2025-09,530.0
31500,RETAIL_GENERAL,2025-10,530.0
31500,RETAIL_GENERAL,2025-11,530.0
31500,RETAIL_GENERAL,2025-12,530.0
31500,RETAIL_GENERAL,2026-01,530.0
31500,RETAIL_GENERAL,2026-02,530.0
31500,RETAIL_GENERAL,2026-03,530.0
31500,RETAIL_GENERAL,2026-04,530.0
31500,RETAIL_GENERAL,2026-05,530.0
31500,RETAIL_GENERAL,2026-06,530.0
31500,RETAIL_GENERAL,2026-07,530.0
31500,RETAIL_GENERAL,2026-08,530.0
32000,AGRI_ANIMAL,2025-07,14310.0
32000,AGRI_ANIMAL,2025-08,14310.0
32000,AGRI_ANIMAL,2025-09,14310.0
32000,AGRI_ANIMAL,2025-10,14310.0
32000,AGRI_ANIMAL,2025-11,14310.0
32000,AGRI_ANIMAL,2025-12,14310.0
32000,AGRI_ANIMAL,2026-01,14310.0
32000,AGRI_ANIMAL,2026-02,14310.0
32000,AGRI_ANIMAL,2026-03,14310.0
32000,AGRI_ANIMAL,2026-04,14310.0
32000,AGRI_ANIMAL,2026-05,14310.0
32000,AGRI_ANIMAL,2026-06,14310.0
32000,AGRI_ANIMAL,2026-07,14310.0
32000,AGRI_ANIMAL,2026-08,14310.0
32000,AIR_TRAVEL,2025-07,3270.0
32000,AIR_TRAVEL,2025-08,3270.0
32000,AIR_TRAVEL,2025-09,3270.0
32000,AIR_TRAVEL,2025-10,3270.0
32000,AIR_TRAVEL,2025-11,3270.0
32000,AIR_TRAVEL,2025-12,3270.0
32000,AIR_TRAVEL,2026-01,3270.0
32000,AIR_TRAVEL,2026-02,3270.0
32000,AIR_TRAVEL,2026-03,3270.0
32000,AIR_TRAVEL,2026-04,3270.0
32000,AIR_TRAVEL,2026-05,3270.0
32000,AIR_TRAVEL,2026-06,3270.0
32000,AIR_TRAVEL,2026-07,3270.0
32000,AIR_TRAVEL,2026-08,3270.0
32000,APPAREL_SPORTS,2025-07,10010.0
32000,APPAREL_SPORTS,2025-08,10010.0
32000,APPAREL_SPORTS,2025-09,10010.0
32000,APPAREL_SPORTS,2025-10,10010.0
32000,APPAREL_SPORTS,2025-11,10010.0
32000,APPAREL_SPORTS,2025-12,10010.0
32000,APPAREL_SPORTS,2026-01,10010.0
32000,APPAREL_SPORTS,2026-02,10010.0
32000,APPAREL_SPORTS,2026-03,10010.0
32000,APPAREL_SPORTS,2026-04,10010.0
32000,APPAREL_SPORTS,2026-05,10010.0
32000,APPAREL_SPORTS,2026-06,10010.0
32000,APPAREL_SPORTS,2026-07,10010.0
32000,APPAREL_SPORTS,2026-08,10010.0
32000,FACILITIES_MRO,2025-07,89870.0
32000,FACILITIES_MRO,2025-08,89870.0
32000,FACILITIES_MRO,2025-09,89870.0
32000,FACILITIES_MRO,2025-10,89870.0
32000,FACILITIES_MRO,2025-11,89870.0
32000,FACILITIES_MRO,2025-12,89870.0
32000,FACILITIES_MRO,2026-01,89870.0
32000,FACILITIES_MRO,2026-02,89870.0
32000,FACILITIES_MRO,2026-03,89870.0
32000,FACILITIES_MRO,2026-04,89870.0
32000,FACILITIES_MRO,2026-05,89870.0
32000,FACILITIES_MRO,2026-06,89870.0
32000,FACILITIES_MRO,2026-07,89870.0
32000,FACILITIES_MRO,2026-08,89870.0
32000,FEES_EDU_EVENTS,2025-07,16970.0
32000,FEES_EDU_EVENTS,2025-08,16970.0
32000,FEES_EDU_EVENTS,2025-09,16970.0
32000,FEES_EDU_EVENTS,2025-10,16970.0
32000,FEES_EDU_EVENTS,2025-11,16970.0
32000,FEES_EDU_EVENTS,2025-12,16970.0
32000,FEES_EDU_EVENTS,2026-01,16970.0
32000,FEES_EDU_EVENTS,2026-02,16970.0
32000,FEES_EDU_EVENTS,2026-03,16970.0
32000,FEES_EDU_EVENTS,2026-04,16970.0
32000,FEES_EDU_EVENTS,2026-05,16970.0
32000,FEES_EDU_EVENTS,2026-06,16970.0
32000,FEES_EDU_EVENTS,2026-07,16970.0
32000,FEES_EDU_EVENTS,2026-08,16970.0
32000,FOOD,2025-07,3080.0
32000,FOOD,2025-08,3080.0
32000,FOOD,2025-09,3080.0
32000,FOOD,2025-10,3080.0
32000,FOOD,2025-11,3080.0
32000,FOOD,2025-12,3080.0
32000,FOOD,2026-01,3080.0
32000,FOOD,2026-02,3080.0
32000,FOOD,2026-03,3080.0
32000,FOOD,2026-04,3080.0
32000,FOOD,2026-05,3080.0
32000,FOOD,2026-06,3080.0
32000,FOOD,2026-07,3080.0
32000,FOOD,2026-08,3080.0
32000,GROUND_TRANSPORT,2025-07,4100.0
32000,GROUND_TRANSPORT,2025-08,4100.0
32000,GROUND_TRANSPORT,2025-09,4100.0
32000,GROUND_TRANSPORT,2025-10,4100.0
32000,GROUND_TRANSPORT,2025-11,4100.0
32000,GROUND_TRANSPORT,2025-12,4100.0
32000,GROUND_TRANSPORT,2026-01,4100.0
32000,GROUND_TRANSPORT,2026-02,4100.0
32000,GROUND_TRANSPORT,2026-03,4100.0
32000,GROUND_TRANSPORT,2026-04,4100.0
32000,GROUND_TRANSPORT,2026-05,4100.0
32000,GROUND_TRANSPORT,2026-06,4100.0
32000,GROUND_TRANSPORT,2026-07,4100.0
32000,GROUND_TRANSPORT,2026-08,4100.0
32000,IT_TELECOM,2025-07,9150.0
32000,IT_TELECOM,2025-08,9150.0
32000,IT_TELECOM,2025-09,9150.0
32000,IT_TELECOM,2025-10,9150.0
32000,IT_TELECOM,2025-11,9150.0
32000,IT_TELECOM,2025-12,9150.0
32000,IT_TELECOM,2026-01,9150.0
32000,IT_TELECOM,2026-02,9150.0
32000,IT_TELECOM,2026-03,9150.0
32000,IT_TELECOM,2026-04,9150.0
32000,IT_TELECOM,2026-05,9150.0
32000,IT_TELECOM,2026-06,9150.0
32000,IT_TELECOM,2026-07,9150.0
32000,IT_TELECOM,2026-08,9150.0
32000,LODGING,2025-07,10590.0
32000,LODGING,2025-08,10590.0
32000,LODGING,2025-09,10590.0
32000,LODGING,2025-10,10590.0
32000,LODGING,2025-11,10590.0
32000,LODGING,2025-12,10590.0
32000,LODGING,2026-01,10590.0
32000,LODGING,2026-02,10590.0
32000,LODGING,2026-03,10590.0
32000,LODGING,2026-04,10590.0
32000,LODGING,2026-05,10590.0
32000,LODGING,2026-06,10590.0
32000,LODGING,2026-07,10590.0
32000,LODGING,2026-08,10590.0
32000,MEDICAL_LAB,2025-07,2250.0
32000,MEDICAL_LAB,2025-08,2250.0
32000,MEDICAL_LAB,2025-09,2250.0
32000,MEDICAL_LAB,2025-10,2250.0
32000,MEDICAL_LAB,2025-11,2250.0
32000,MEDICAL_LAB,2025-12,2250.0
32000,MEDICAL_LAB,2026-01,2250.0
32000,MEDICAL_LAB,2026-02,2250.0
32000,MEDICAL_LAB,2026-03,2250.0
32000,MEDICAL_LAB,2026-04,2250.0
32000,MEDICAL_LAB,2026-05,2250.0
32000,MEDICAL_LAB,2026-06,2250.0
32000,MEDICAL_LAB,2026-07,2250.0
32000,MEDICAL_LAB,2026-08,2250.0
32000,OFFICE_PRINT,2025-07,9890.0
32000,OFFICE_PRINT,2025-08,9890.0
32000,OFFICE_PRINT,2025-09,9890.0
32000,OFFICE_PRINT,2025-10,9890.0
32000,OFFICE_PRINT,2025-11,9890.0
32000,OFFICE_PRINT,2025-12,9890.0
32000,OFFICE_PRINT,2026-01,9890.0
32000,OFFICE_PRINT,2026-02,9890.0
32000,OFFICE_PRINT,2026-03,9890.0
32000,OFFICE_PRINT,2026-04,9890.0
32000,OFFICE_PRINT,2026-05,9890.0
32000,OFFICE_PRINT,2026-06,9890.0
32000,OFFICE_PRINT,2026-07,9890.0
32000,OFFICE_PRINT,2026-08,9890.0
32000,PROF_SERVICES,2025-07,26730.0
32000,PROF_SERVICES,2025-08,26730.0
32000,PROF_SERVICES,2025-09,26730.0
32000,PROF_SERVICES,2025-10,26730.0
32000,PROF_SERVICES,2025-11,26730.0
32000,PROF_SERVICES,2025-12,26730.0
32000,PROF_SERVICES,2026-01,26730.0
32000,PROF_SERVICES,2026-02,26730.0
32000,PROF_SERVICES,2026-03,26730.0
32000,PROF_SERVICES,2026-04,26730.0
32000,PROF_SERVICES,2026-05,26730.0
32000,PROF_SERVICES,2026-06,26730.0
32000,PROF_SERVICES,2026-07,26730.0
32000,PROF_SERVICES,2026-08,26730.0
32000,RETAIL_GENERAL,2025-07,56380.0
32000,RETAIL_GENERAL,2025-08,56380.0
32000,RETAIL_GENERAL,2025-09,56380.0
32000,RETAIL_GENERAL,2025-10,56380.0
32000,RETAIL_GENERAL,2025-11,56380.0
32000,RETAIL_GENERAL,2025-12,56380.0
32000,RETAIL_GENERAL,2026-01,56380.0
32000,RETAIL_GENERAL,2026-02,56380.0
32000,RETAIL_GENERAL,2026-03,56380.0
32000,RETAIL_GENERAL,2026-04,56380.0
32000,RETAIL_GENERAL,2026-05,56380.0
32000,RETAIL_GENERAL,2026-06,56380.0
32000,RETAIL_GENERAL,2026-07,56380.0
32000,RETAIL_GENERAL,2026-08,56380.0
32000,UTILITIES,2025-07,30150.0
32000,UTILITIES,2025-08,30150.0
32000,UTILITIES,2025-09,30150.0
32000,UTILITIES,2025-10,30150.0
32000,UTILITIES,2025-11,30150.0
32000,UTILITIES,2025-12,30150.0
32000,UTILITIES,2026-01,30150.0
32000,UTILITIES,2026-02,30150.0
32000,UTILITIES,2026-03,30150.0
32000,UTILITIES,2026-04,30150.0
32000,UTILITIES,2026-05,30150.0
32000,UTILITIES,2026-06,30150.0
32000,UTILITIES,2026-07,30150.0
32000,UTILITIES,2026-08,30150.0
32000,VEHICLE_FUEL,2025-07,70430.0
32000,VEHICLE_FUEL,2025-08,70430.0
32000,VEHICLE_FUEL,2025-09,70430.0
32000,VEHICLE_FUEL,2025-10,70430.0
32000,VEHICLE_FUEL,2025-11,70430.0
32000,VEHICLE_FUEL,2025-12,70430.0
32000,VEHICLE_FUEL,2026-01,70430.0
32000,VEHICLE_FUEL,2026-02,70430.0
32000,VEHICLE_FUEL,2026-03,70430.0
32000,VEHICLE_FUEL,2026-04,70430.0
32000,VEHICLE_FUEL,2026-05,70430.0
32000,VEHICLE_FUEL,2026-06,70430.0
32000,VEHICLE_FUEL,2026-07,70430.0
32000,VEHICLE_FUEL,2026-08,70430.0
34000,AIR_TRAVEL,2025-07,5640.0
34000,AIR_TRAVEL,2025-08,5640.0
34000,AIR_TRAVEL,2025-09,5640.0
34000,AIR_TRAVEL,2025-10,5640.0
34000,AIR_TRAVEL,2025-11,5640.0
34000,AIR_TRAVEL,2025-12,5640.0
34000,AIR_TRAVEL,2026-01,5640.0
34000,AIR_TRAVEL,2026-02,5640.0
34000,AIR_TRAVEL,2026-03,5640.0
34000,AIR_TRAVEL,2026-04,5640.0
34000,AIR_TRAVEL,2026-05,5640.0
34000,AIR_TRAVEL,2026-06,5640.0
34000,AIR_TRAVEL,2026-07,5640.0
34000,AIR_TRAVEL,2026-08,5640.0
34000,FACILITIES_MRO,2025-07,8350.0
34000,FACILITIES_MRO,2025-08,8350.0
34000,FACILITIES_MRO,2025-09,8350.0
34000,FACILITIES_MRO,2025-10,8350.0
34000,FACILITIES_MRO,2025-11,8350.0
34000,FACILITIES_MRO,2025-12,8350.0
34000,FACILITIES_MRO,2026-01,8350.0
34000,FACILITIES_MRO,2026-02,8350.0
34000,FACILITIES_MRO,2026-03,8350.0
34000,FACILITIES_MRO,2026-04,8350.0
34000,FACILITIES_MRO,2026-05,8350.0
34000,FACILITIES_MRO,2026-06,8350.0
34000,FACILITIES_MRO,2026-07,8350.0
34000,FACILITIES_MRO,2026-08,8350.0
34000,FEES_EDU_EVENTS,2025-07,50400.0
34000,FEES_EDU_EVENTS,2025-08,50400.0
34000,FEES_EDU_EVENTS,2025-09,50400.0
34000,FEES_EDU_EVENTS,2025-10,50400.0
34000,FEES_EDU_EVENTS,2025-11,50400.0
34000,FEES_EDU_EVENTS,2025-12,50400.0
34000,FEES_EDU_EVENTS,2026-01,50400.0
34000,FEES_EDU_EVENTS,2026-02,50400.0
34000,FEES_EDU_EVENTS,2026-03,50400.0
34000,FEES_EDU_EVENTS,2026-04,50400.0
34000,FEES_EDU_EVENTS,2026-05,50400.0
34000,FEES_EDU_EVENTS,2026-06,50400.0
34000,FEES_EDU_EVENTS,2026-07,50400.0
34000,FEES_EDU_EVENTS,2026-08,50400.0
34000,FOOD,2025-07,1280.0
34000,FOOD,2025-08,1280.0
34000,FOOD,2025-09,1280.0
34000,FOOD,2025-10,1280.0
34000,FOOD,2025-11,1280.0
34000,FOOD,2025-12,1280.0
34000,FOOD,2026-01,1280.0
34000,FOOD,2026-02,1280.0
34000,FOOD,2026-03,1280.0
34000,FOOD,2026-04,1280.0
34000,FOOD,2026-05,1280.0
34000,FOOD,2026-06,1280.0
34000,FOOD,2026-07,1280.0
34000,FOOD,2026-08,1280.0
34000,GROUND_TRANSPORT,2025-07,620.0
34000,GROUND_TRANSPORT,2025-08,620.0
34000,GROUND_TRANSPORT,2025-09,620.0
34000,GROUND_TRANSPORT,2025-10,620.0
34000,GROUND_TRANSPORT,2025-11,620.0
34000,GROUND_TRANSPORT,2025-12,620.0
34000,GROUND_TRANSPORT,2026-01,620.0
34000,GROUND_TRANSPORT,2026-02,620.0
34000,GROUND_TRANSPORT,2026-03,620.0
34000,GROUND_TRANSPORT,2026-04,620.0
34000,GROUND_TRANSPORT,2026-05,620.0
34000,GROUND_TRANSPORT,2026-06,620.0
34000,GROUND_TRANSPORT,2026-07,620.0
34000,GROUND_TRANSPORT,2026-08,620.0
34000,IT_TELECOM,2025-07,8000.0
34000,IT_TELECOM,2025-08,8000.0
34000,IT_TELECOM,2025-09,8000.0
34000,IT_TELECOM,2025-10,8000.0
34000,IT_TELECOM,2025-11,8000.0
34000,IT_TELECOM,2025-12,8000.0
34000,IT_TELECOM,2026-01,8000.0
34000,IT_TELECOM,2026-02,8000.0
34000,IT_TELECOM,2026-03,8000.0
34000,IT_TELECOM,2026-04,8000.0
34000,IT_TELECOM,2026-05,8000.0
34000,IT_TELECOM,2026-06,8000.0
34000,IT_TELECOM,2026-07,8000.0
34000,IT_TELECOM,2026-08,8000.0
34000,LODGING,2025-07,27510.0
34000,LODGING,2025-08,27510.0
34000,LODGING,2025-09,27510.0
34000,LODGING,2025-10,27510.0
34000,LODGING,2025-11,27510.0
34000,LODGING,2025-12,27510.0
34000,LODGING,2026-01,27510.0
34000,LODGING,2026-02,27510.0
34000,LODGING,2026-03,27510.0
34000,LODGING,2026-04,27510.0
34000,LODGING,2026-05,27510.0
34000,LODGING,2026-06,27510.0
34000,LODGING,2026-07,27510.0
34000,LODGING,2026-08,27510.0
34000,MEDICAL_LAB,2025-07,23750.0
34000,MEDICAL_LAB,2025-08,23750.0
34000,MEDICAL_LAB,2025-09,23750.0
34000,MEDICAL_LAB,2025-10,23750.0
34000,MEDICAL_LAB,2025-11,23750.0
34000,MEDICAL_LAB,2025-12,23750.0
34000,MEDICAL_LAB,2026-01,23750.0
34000,MEDICAL_LAB,2026-02,23750.0
34000,MEDICAL_LAB,2026-03,23750.0
34000,MEDICAL_LAB,2026-04,23750.0
34000,MEDICAL_LAB,2026-05,23750.0
34000,MEDICAL_LAB,2026-06,23750.0
34000,MEDICAL_LAB,2026-07,23750.0
34000,MEDICAL_LAB,2026-08,23750.0
34000,OFFICE_PRINT,2025-07,16480.0
34000,OFFICE_PRINT,2025-08,16480.0
34000,OFFICE_PRINT,2025-09,16480.0
34000,OFFICE_PRINT,2025-10,16480.0
34000,OFFICE_PRINT,2025-11,16480.0
34000,OFFICE_PRINT,2025-12,16480.0
34000,OFFICE_PRINT,2026-01,16480.0
34000,OFFICE_PRINT,2026-02,16480.0
34000,OFFICE_PRINT,2026-03,16480.0
34000,OFFICE_PRINT,2026-04,16480.0
34000,OFFICE_PRINT,2026-05,16480.0
34000,OFFICE_PRINT,2026-06,16480.0
34000,OFFICE_PRINT,2026-07,16480.0
34000,OFFICE_PRINT,2026-08,16480.0
34000,PROF_SERVICES,2025-07,13960.0
34000,PROF_SERVICES,2025-08,13960.0
34000,PROF_SERVICES,2025-09,13960.0
34000,PROF_SERVICES,2025-10,13960.0
34000,PROF_SERVICES,2025-11,13960.0
34000,PROF_SERVICES,2025-12,13960.0
34000,PROF_SERVICES,2026-01,13960.0
34000,PROF_SERVICES,2026-02,13960.0
34000,PROF_SERVICES,2026-03,13960.0
34000,PROF_SERVICES,2026-04,13960.0
34000,PROF_SERVICES,2026-05,13960.0
34000,PROF_SERVICES,2026-06,13960.0
34000,PROF_SERVICES,2026-07,13960.0
34000,PROF_SERVICES,2026-08,13960.0
34000,RETAIL_GENERAL,2025-07,31700.0
34000,RETAIL_GENERAL,2025-08,31700.0
34000,RETAIL_GENERAL,2025-09,31700.0
34000,RETAIL_GENERAL,2025-10,31700.0
34000,RETAIL_GENERAL,2025-11,31700.0
34000,RETAIL_GENERAL,2025-12,31700.0
34000,RETAIL_GENERAL,2026-01,31700.0
34000,RETAIL_GENERAL,2026-02,31700.0
34000,RETAIL_GENERAL,2026-03,31700.0
34000,RETAIL_GENERAL,2026-04,31700.0
34000,RETAIL_GENERAL,2026-05,31700.0
34000,RETAIL_GENERAL,2026-06,31700.0
34000,RETAIL_GENERAL,2026-07,31700.0
34000,RETAIL_GENERAL,2026-08,31700.0
34200,AIR_TRAVEL,2025-07,1750.0
34200,AIR_TRAVEL,2025-08,1750.0
34200,AIR_TRAVEL,2025-09,1750.0
34200,AIR_TRAVEL,2025-10,1750.0
34200,AIR_TRAVEL,2025-11,1750.0
34200,AIR_TRAVEL,2025-12,1750.0
34200,AIR_TRAVEL,2026-01,1750.0
34200,AIR_TRAVEL,2026-02,1750.0
34200,AIR_TRAVEL,2026-03,1750.0
34200,AIR_TRAVEL,2026-04,1750.0
34200,AIR_TRAVEL,2026-05,1750.0
34200,AIR_TRAVEL,2026-06,1750.0
34200,AIR_TRAVEL,2026-07,1750.0
34200,AIR_TRAVEL,2026-08,1750.0
34200,FACILITIES_MRO,2025-07,21890.0
34200,FACILITIES_MRO,2025-08,21890.0
34200,FACILITIES_MRO,2025-09,21890.0
34200,FACILITIES_MRO,2025-10,21890.0
34200,FACILITIES_MRO,2025-11,21890.0
34200,FACILITIES_MRO,2025-12,21890.0
34200,FACILITIES_MRO,2026-01,21890.0
34200,FACILITIES_MRO,2026-02,21890.0
34200,FACILITIES_MRO,2026-03,21890.0
34200,FACILITIES_MRO,2026-04,21890.0
34200,FACILITIES_MRO,2026-05,21890.0
34200,FACILITIES_MRO,2026-06,21890.0
34200,FACILITIES_MRO,2026-07,21890.0
34200,FACILITIES_MRO,2026-08,21890.0
34200,FEES_EDU_EVENTS,2025-07,8360.0
34200,FEES_EDU_EVENTS,2025-08,8360.0
34200,FEES_EDU_EVENTS,2025-09,8360.0
34200,FEES_EDU_EVENTS,2025-10,8360.0
34200,FEES_EDU_EVENTS,2025-11,8360.0
34200,FEES_EDU_EVENTS,2025-12,8360.0
34200,FEES_EDU_EVENTS,2026-01,8360.0
34200,FEES_EDU_EVENTS,2026-02,8360.0
34200,FEES_EDU_EVENTS,2026-03,8360.0
34200,FEES_EDU_EVENTS,2026-04,8360.0
34200,FEES_EDU_EVENTS,2026-05,8360.0
34200,FEES_EDU_EVENTS,2026-06,8360.0
34200,FEES_EDU_EVENTS,2026-07,8360.0
34200,FEES_EDU_EVENTS,2026-08,8360.0
34200,IT_TELECOM,2025-07,1760.0
34200,IT_TELECOM,2025-08,1760.0
34200,IT_TELECOM,2025-09,1760.0
34200,IT_TELECOM,2025-10,1760.0
34200,IT_TELECOM,2025-11,1760.0
34200,IT_TELECOM,2025-12,1760.0
34200,IT_TELECOM,2026-01,1760.0
34200,IT_TELECOM,2026-02,1760.0
34200,IT_TELECOM,2026-03,1760.0
34200,IT_TELECOM,2026-04,1760.0
34200,IT_TELECOM,2026-05,1760.0
34200,IT_TELECOM,2026-06,1760.0
34200,IT_TELECOM,2026-07,1760.0
34200,IT_TELECOM,2026-08,1760.0
34200,LODGING,2025-07,4140.0
34200,LODGING,2025-08,4140.0
34200,LODGING,2025-09,4140.0
34200,LODGING,2025-10,4140.0
34200,LODGING,2025-11,4140.0
34200,LODGING,2025-12,4140.0
34200,LODGING,2026-01,4140.0
34200,LODGING,2026-02,4140.0
34200,LODGING,2026-03,4140.0
34200,LODGING,2026-04,4140.0
34200,LODGING,2026-05,4140.0
34200,LODGING,2026-06,4140.0
34200,LODGING,2026-07,4140.0
34200,LODGING,2026-08,4140.0
34200,MEDICAL_LAB,2025-07,34340.0
34200,MEDICAL_LAB,2025-08,34340.0
34200,MEDICAL_LAB,2025-09,34340.0
34200,MEDICAL_LAB,2025-10,34340.0
34200,MEDICAL_LAB,2025-11,34340.0
34200,MEDICAL_LAB,2025-12,34340.0
34200,MEDICAL_LAB,2026-01,34340.0
34200,MEDICAL_LAB,2026-02,34340.0
34200,MEDICAL_LAB,2026-03,34340.0
34200,MEDICAL_LAB,2026-04,34340.0
34200,MEDICAL_LAB,2026-05,34340.0
34200,MEDICAL_LAB,2026-06,34340.0
34200,MEDICAL_LAB,2026-07,34340.0
34200,MEDICAL_LAB,2026-08,34340.0
34200,OFFICE_PRINT,2025-07,1840.0
34200,OFFICE_PRINT,2025-08,1840.0
34200,OFFICE_PRINT,2025-09,1840.0
34200,OFFICE_PRINT,2025-10,1840.0
34200,OFFICE_PRINT,2025-11,1840.0
34200,OFFICE_PRINT,2025-12,1840.0
34200,OFFICE_PRINT,2026-01,1840.0
34200,OFFICE_PRINT,2026-02,1840.0
34200,OFFICE_PRINT,2026-03,1840.0
34200,OFFICE_PRINT,2026-04,1840.0
34200,OFFICE_PRINT,2026-05,1840.0
34200,OFFICE_PRINT,2026-06,1840.0
34200,OFFICE_PRINT,2026-07,1840.0
34200,OFFICE_PRINT,2026-08,1840.0
34200,PROF_SERVICES,2025-07,1840.0
34200,PROF_SERVICES,2025-08,1840.0
34200,PROF_SERVICES,2025-09,1840.0
34200,PROF_SERVICES,2025-10,1840.0
34200,PROF_SERVICES,2025-11,1840.0
34200,PROF_SERVICES,2025-12,1840.0
34200,PROF_SERVICES,2026-01,1840.0
34200,PROF_SERVICES,2026-02,1840.0
34200,PROF_SERVICES,2026-03,1840.0
34200,PROF_SERVICES,2026-04,1840.0
34200,PROF_SERVICES,2026-05,1840.0
34200,PROF_SERVICES,2026-06,1840.0
34200,PROF_SERVICES,2026-07,1840.0
34200,PROF_SERVICES,2026-08,1840.0
34200,RETAIL_GENERAL,2025-07,12220.0
34200,RETAIL_GENERAL,2025-08,12220.0
34200,RETAIL_GENERAL,2025-09,12220.0
34200,RETAIL_GENERAL,2025-10,12220.0
34200,RETAIL_GENERAL,2025-11,12220.0
34200,RETAIL_GENERAL,2025-12,12220.0
34200,RETAIL_GENERAL,2026-01,12220.0
34200,RETAIL_GENERAL,2026-02,12220.0
34200,RETAIL_GENERAL,2026-03,12220.0
34200,RETAIL_GENERAL,2026-04,12220.0
34200,RETAIL_GENERAL,2026-05,12220.0
34200,RETAIL_GENERAL,2026-06,12220.0
34200,RETAIL_GENERAL,2026-07,12220.0
34200,RETAIL_GENERAL,2026-08,12220.0
34500,AGRI_ANIMAL,2025-07,33160.0
34500,AGRI_ANIMAL,2025-08,33160.0
34500,AGRI_ANIMAL,2025-09,33160.0
34500,AGRI_ANIMAL,2025-10,33160.0
34500,AGRI_ANIMAL,2025-11,33160.0
34500,AGRI_ANIMAL,2025-12,33160.0
34500,AGRI_ANIMAL,2026-01,33160.0
34500,AGRI_ANIMAL,2026-02,33160.0
34500,AGRI_ANIMAL,2026-03,33160.0
34500,AGRI_ANIMAL,2026-04,33160.0
34500,AGRI_ANIMAL,2026-05,33160.0
34500,AGRI_ANIMAL,2026-06,33160.0
34500,AGRI_ANIMAL,2026-07,33160.0
34500,AGRI_ANIMAL,2026-08,33160.0
34500,AIR_TRAVEL,2025-07,13890.0
34500,AIR_TRAVEL,2025-08,13890.0
34500,AIR_TRAVEL,2025-09,13890.0
34500,AIR_TRAVEL,2025-10,13890.0
34500,AIR_TRAVEL,2025-11,13890.0
34500,AIR_TRAVEL,2025-12,13890.0
34500,AIR_TRAVEL,2026-01,13890.0
34500,AIR_TRAVEL,2026-02,13890.0
34500,AIR_TRAVEL,2026-03,13890.0
34500,AIR_TRAVEL,2026-04,13890.0
34500,AIR_TRAVEL,2026-05,13890.0
34500,AIR_TRAVEL,2026-06,13890.0
34500,AIR_TRAVEL,2026-07,13890.0
34500,AIR_TRAVEL,2026-08,13890.0
34500,APPAREL_SPORTS,2025-07,3540.0
34500,APPAREL_SPORTS,2025-08,3540.0
34500,APPAREL_SPORTS,2025-09,3540.0
34500,APPAREL_SPORTS,2025-10,3540.0
34500,APPAREL_SPORTS,2025-11,3540.0
34500,APPAREL_SPORTS,2025-12,3540.0
34500,APPAREL_SPORTS,2026-01,3540.0
34500,APPAREL_SPORTS,2026-02,3540.0
34500,APPAREL_SPORTS,2026-03,3540.0
34500,APPAREL_SPORTS,2026-04,3540.0
34500,APPAREL_SPORTS,2026-05,3540.0
34500,APPAREL_SPORTS,2026-06,3540.0
34500,APPAREL_SPORTS,2026-07,3540.0
34500,APPAREL_SPORTS,2026-08,3540.0
34500,FACILITIES_MRO,2025-07,574250.0
34500,FACILITIES_MRO,2025-08,574250.0
34500,FACILITIES_MRO,2025-09,574250.0
34500,FACILITIES_MRO,2025-10,574250.0
34500,FACILITIES_MRO,2025-11,574250.0
34500,FACILITIES_MRO,2025-12,574250.0
34500,FACILITIES_MRO,2026-01,574250.0
34500,FACILITIES_MRO,2026-02,574250.0
34500,FACILITIES_MRO,2026-03,574250.0
34500,FACILITIES_MRO,2026-04,574250.0
34500,FACILITIES_MRO,2026-05,574250.0
34500,FACILITIES_MRO,2026-06,574250.0
34500,FACILITIES_MRO,2026-07,574250.0
34500,FACILITIES_MRO,2026-08,574250.0
34500,FEES_EDU_EVENTS,2025-07,59180.0
34500,FEES_EDU_EVENTS,2025-08,59180.0
34500,FEES_EDU_EVENTS,2025-09,59180.0
34500,FEES_EDU_EVENTS,2025-10,59180.0
34500,FEES_EDU_EVENTS,2025-11,59180.0
34500,FEES_EDU_EVENTS,2025-12,59180.0
34500,FEES_EDU_EVENTS,2026-01,59180.0
34500,FEES_EDU_EVENTS,2026-02,59180.0
34500,FEES_EDU_EVENTS,2026-03,59180.0
34500,FEES_EDU_EVENTS,2026-04,59180.0
34500,FEES_EDU_EVENTS,2026-05,59180.0
34500,FEES_EDU_EVENTS,2026-06,59180.0
34500,FEES_EDU_EVENTS,2026-07,59180.0
34500,FEES_EDU_EVENTS,2026-08,59180.0
34500,FOOD,2025-07,8780.0
34500,FOOD,2025-08,8780.0
34500,FOOD,2025-09,8780.0
34500,FOOD,2025-10,8780.0
34500,FOOD,2025-11,8780.0
34500,FOOD,2025-12,8780.0
34500,FOOD,2026-01,8780.0
34500,FOOD,2026-02,8780.0
34500,FOOD,2026-03,8780.0
34500,FOOD,2026-04,8780.0
34500,FOOD,2026-05,8780.0
34500,FOOD,2026-06,8780.0
34500,FOOD,2026-07,8780.0
34500,FOOD,2026-08,8780.0
34500,GROUND_TRANSPORT,2025-07,1730.0
34500,GROUND_TRANSPORT,2025-08,1730.0
34500,GROUND_TRANSPORT,2025-09,1730.0
34500,GROUND_TRANSPORT,2025-10,1730.0
34500,GROUND_TRANSPORT,2025-11,1730.0
34500,GROUND_TRANSPORT,2025-12,1730.0
34500,GROUND_TRANSPORT,2026-01,1730.0
34500,GROUND_TRANSPORT,2026-02,1730.0
34500,GROUND_TRANSPORT,2026-03,1730.0
34500,GROUND_TRANSPORT,2026-04,1730.0
34500,GROUND_TRANSPORT,2026-05,1730.0
34500,GROUND_TRANSPORT,2026-06,1730.0
34500,GROUND_TRANSPORT,2026-07,1730.0
34500,GROUND_TRANSPORT,2026-08,1730.0
34500,IT_TELECOM,2025-07,156750.0
34500,IT_TELECOM,2025-08,156750.0
34500,IT_TELECOM,2025-09,156750.0
34500,IT_TELECOM,2025-10,156750.0
34500,IT_TELECOM,2025-11,156750.0
34500,IT_TELECOM,2025-12,156750.0
34500,IT_TELECOM,2026-01,156750.0
34500,IT_TELECOM,2026-02,156750.0
34500,IT_TELECOM,2026-03,156750.0
34500,IT_TELECOM,2026-04,156750.0
34500,IT_TELECOM,2026-05,156750.0
34500,IT_TELECOM,2026-06,156750.0
34500,IT_TELECOM,2026-07,156750.0
34500,IT_TELECOM,2026-08,156750.0
34500,LODGING,2025-07,64550.0
34500,LODGING,2025-08,64550.0
34500,LODGING,2025-09,64550.0
34500,LODGING,2025-10,64550.0
34500,LODGING,2025-11,64550.0
34500,LODGING,2025-12,64550.0
34500,LODGING,2026-01,64550.0
34500,LODGING,2026-02,64550.0
34500,LODGING,2026-03,64550.0
34500,LODGING,2026-04,64550.0
34500,LODGING,2026-05,64550.0
34500,LODGING,2026-06,64550.0
34500,LODGING,2026-07,64550.0
34500,LODGING,2026-08,64550.0
34500,MEDICAL_LAB,2025-07,48080.0
34500,MEDICAL_LAB,2025-08,48080.0
34500,MEDICAL_LAB,2025-09,48080.0
34500,MEDICAL_LAB,2025-10,48080.0
34500,MEDICAL_LAB,2025-11,48080.0
34500,MEDICAL_LAB,2025-12,48080.0
34500,MEDICAL_LAB,2026-01,48080.0
34500,MEDICAL_LAB,2026-02,48080.0
34500,MEDICAL_LAB,2026-03,48080.0
34500,MEDICAL_LAB,2026-04,48080.0
34500,MEDICAL_LAB,2026-05,48080.0
34500,MEDICAL_LAB,2026-06,48080.0
34500,MEDICAL_LAB,2026-07,48080.0
34500,MEDICAL_LAB,2026-08,48080.0
34500,OFFICE_PRINT,2025-07,14750.0
34500,OFFICE_PRINT,2025-08,14750.0
34500,OFFICE_PRINT,2025-09,14750.0
34500,OFFICE_PRINT,2025-10,14750.0
34500,OFFICE_PRINT,2025-11,14750.0
34500,OFFICE_PRINT,2025-12,14750.0
34500,OFFICE_PRINT,2026-01,14750.0
34500,OFFICE_PRINT,2026-02,14750.0
34500,OFFICE_PRINT,2026-03,14750.0
34500,OFFICE_PRINT,2026-04,14750.0
34500,OFFICE_PRINT,2026-05,14750.0
34500,OFFICE_PRINT,2026-06,14750.0
34500,OFFICE_PRINT,2026-07,14750.0
34500,OFFICE_PRINT,2026-08,14750.0
34500,PROF_SERVICES,2025-07,81740.0
34500,PROF_SERVICES,2025-08,81740.0
34500,PROF_SERVICES,2025-09,81740.0
34500,PROF_SERVICES,2025-10,81740.0
34500,PROF_SERVICES,2025-11,81740.0
34500,PROF_SERVICES,2025-12,81740.0
34500,PROF_SERVICES,2026-01,81740.0
34500,PROF_SERVICES,2026-02,81740.0
34500,PROF_SERVICES,2026-03,81740.0
34500,PROF_SERVICES,2026-04,81740.0
34500,PROF_SERVICES,2026-05,81740.0
34500,PROF_SERVICES,2026-06,81740.0
34500,PROF_SERVICES,2026-07,81740.0
34500,PROF_SERVICES,2026-08,81740.0
34500,RETAIL_GENERAL,2025-07,102020.0
34500,RETAIL_GENERAL,2025-08,102020.0
34500,RETAIL_GENERAL,2025-09,102020.0
34500,RETAIL_GENERAL,2025-10,102020.0
34500,RETAIL_GENERAL,2025-11,102020.0
34500,RETAIL_GENERAL,2025-12,102020.0
34500,RETAIL_GENERAL,2026-01,102020.0
34500,RETAIL_GENERAL,2026-02,102020.0
34500,RETAIL_GENERAL,2026-03,102020.0
34500,RETAIL_GENERAL,2026-04,102020.0
34500,RETAIL_GENERAL,2026-05,102020.0
34500,RETAIL_GENERAL,2026-06,102020.0
34500,RETAIL_GENERAL,2026-07,102020.0
34500,RETAIL_GENERAL,2026-08,102020.0
34500,UTILITIES,2025-07,138390.0
34500,UTILITIES,2025-08,138390.0
34500,UTILITIES,2025-09,138390.0
34500,UTILITIES,2025-10,138390.0
34500,UTILITIES,2025-11,138390.0
34500,UTILITIES,2025-12,138390.0
34500,UTILITIES,2026-01,138390.0
34500,UTILITIES,2026-02,138390.0
34500,UTILITIES,2026-03,138390.0
34500,UTILITIES,2026-04,138390.0
34500,UTILITIES,2026-05,138390.0
34500,UTILITIES,2026-06,138390.0
34500,UTILITIES,2026-07,138390.0
34500,UTILITIES,2026-08,138390.0
34500,VEHICLE_FUEL,2025-07,254870.0
34500,VEHICLE_FUEL,2025-08,254870.0
34500,VEHICLE_FUEL,2025-09,254870.0
34500,VEHICLE_FUEL,2025-10,254870.0
34500,VEHICLE_FUEL,2025-11,254870.0
34500,VEHICLE_FUEL,2025-12,254870.0
34500,VEHICLE_FUEL,2026-01,254870.0
34500,VEHICLE_FUEL,2026-02,254870.0
34500,VEHICLE_FUEL,2026-03,254870.0
34500,VEHICLE_FUEL,2026-04,254870.0
34500,VEHICLE_FUEL,2026-05,254870.0
34500,VEHICLE_FUEL,2026-06,254870.0
34500,VEHICLE_FUEL,2026-07,254870.0
34500,VEHICLE_FUEL,2026-08,254870.0
34600,FACILITIES_MRO,2025-07,4040.0
34600,FACILITIES_MRO,2025-08,4040.0
34600,FACILITIES_MRO,2025-09,4040.0
34600,FACILITIES_MRO,2025-10,4040.0
34600,FACILITIES_MRO,2025-11,4040.0
34600,FACILITIES_MRO,2025-12,4040.0
34600,FACILITIES_MRO,2026-01,4040.0
34600,FACILITIES_MRO,2026-02,4040.0
34600,FACILITIES_MRO,2026-03,4040.0
34600,FACILITIES_MRO,2026-04,4040.0
34600,FACILITIES_MRO,2026-05,4040.0
34600,FACILITIES_MRO,2026-06,4040.0
34600,FACILITIES_MRO,2026-07,4040.0
34600,FACILITIES_MRO,2026-08,4040.0
34600,OFFICE_PRINT,2025-07,80.0
34600,OFFICE_PRINT,2025-08,80.0
34600,OFFICE_PRINT,2025-09,80.0
34600,OFFICE_PRINT,2025-10,80.0
34600,OFFICE_PRINT,2025-11,80.0
34600,OFFICE_PRINT,2025-12,80.0
34600,OFFICE_PRINT,2026-01,80.0
34600,OFFICE_PRINT,2026-02,80.0
34600,OFFICE_PRINT,2026-03,80.0
34600,OFFICE_PRINT,2026-04,80.0
34600,OFFICE_PRINT,2026-05,80.0
34600,OFFICE_PRINT,2026-06,80.0
34600,OFFICE_PRINT,2026-07,80.0
34600,OFFICE_PRINT,2026-08,80.0
34600,RETAIL_GENERAL,2025-07,780.0
34600,RETAIL_GENERAL,2025-08,780.0
34600,RETAIL_GENERAL,2025-09,780.0
34600,RETAIL_GENERAL,2025-10,780.0
34600,RETAIL_GENERAL,2025-11,780.0
34600,RETAIL_GENERAL,2025-12,780.0
34600,RETAIL_GENERAL,2026-01,780.0
34600,RETAIL_GENERAL,2026-02,780.0
34600,RETAIL_GENERAL,2026-03,780.0
34600,RETAIL_GENERAL,2026-04,780.0
34600,RETAIL_GENERAL,2026-05,780.0
34600,RETAIL_GENERAL,2026-06,780.0
34600,RETAIL_GENERAL,2026-07,780.0
34600,RETAIL_GENERAL,2026-08,780.0
34600,VEHICLE_FUEL,2025-07,1760.0
34600,VEHICLE_FUEL,2025-08,1760.0
34600,VEHICLE_FUEL,2025-09,1760.0
34600,VEHICLE_FUEL,2025-10,1760.0
34600,VEHICLE_FUEL,2025-11,1760.0
34600,VEHICLE_FUEL,2025-12,1760.0
34600,VEHICLE_FUEL,2026-01,1760.0
34600,VEHICLE_FUEL,2026-02,1760.0
34600,VEHICLE_FUEL,2026-03,1760.0
34600,VEHICLE_FUEL,2026-04,1760.0
34600,VEHICLE_FUEL,2026-05,1760.0
34600,VEHICLE_FUEL,2026-06,1760.0
34600,VEHICLE_FUEL,2026-07,1760.0
34600,VEHICLE_FUEL,2026-08,1760.0
35000,AGRI_ANIMAL,2025-07,2770.0
35000,AGRI_ANIMAL,2025-08,2770.0
35000,AGRI_ANIMAL,2025-09,2770.0
35000,AGRI_ANIMAL,2025-10,2770.0
35000,AGRI_ANIMAL,2025-11,2770.0
35000,AGRI_ANIMAL,2025-12,2770.0
35000,AGRI_ANIMAL,2026-01,2770.0
35000,AGRI_ANIMAL,2026-02,2770.0
35000,AGRI_ANIMAL,2026-03,2770.0
35000,AGRI_ANIMAL,2026-04,2770.0
35000,AGRI_ANIMAL,2026-05,2770.0
35000,AGRI_ANIMAL,2026-06,2770.0
35000,AGRI_ANIMAL,2026-07,2770.0
35000,AGRI_ANIMAL,2026-08,2770.0
35000,FACILITIES_MRO,2025-07,29550.0
35000,FACILITIES_MRO,2025-08,29550.0
35000,FACILITIES_MRO,2025-09,29550.0
35000,FACILITIES_MRO,2025-10,29550.0
35000,FACILITIES_MRO,2025-11,29550.0
35000,FACILITIES_MRO,2025-12,29550.0
35000,FACILITIES_MRO,2026-01,29550.0
35000,FACILITIES_MRO,2026-02,29550.0
35000,FACILITIES_MRO,2026-03,29550.0
35000,FACILITIES_MRO,2026-04,29550.0
35000,FACILITIES_MRO,2026-05,29550.0
35000,FACILITIES_MRO,2026-06,29550.0
35000,FACILITIES_MRO,2026-07,29550.0
35000,FACILITIES_MRO,2026-08,29550.0
35000,FEES_EDU_EVENTS,2025-07,10600.0
35000,FEES_EDU_EVENTS,2025-08,10600.0
35000,FEES_EDU_EVENTS,2025-09,10600.0
35000,FEES_EDU_EVENTS,2025-10,10600.0
35000,FEES_EDU_EVENTS,2025-11,10600.0
35000,FEES_EDU_EVENTS,2025-12,10600.0
35000,FEES_EDU_EVENTS,2026-01,10600.0
35000,FEES_EDU_EVENTS,2026-02,10600.0
35000,FEES_EDU_EVENTS,2026-03,10600.0
35000,FEES_EDU_EVENTS,2026-04,10600.0
35000,FEES_EDU_EVENTS,2026-05,10600.0
35000,FEES_EDU_EVENTS,2026-06,10600.0
35000,FEES_EDU_EVENTS,2026-07,10600.0
35000,FEES_EDU_EVENTS,2026-08,10600.0
35000,FOOD,2025-07,1380.0
35000,FOOD,2025-08,1380.0
35000,FOOD,2025-09,1380.0
35000,FOOD,2025-10,1380.0
35000,FOOD,2025-11,1380.0
35000,FOOD,2025-12,1380.0
35000,FOOD,2026-01,1380.0
35000,FOOD,2026-02,1380.0
35000,FOOD,2026-03,1380.0
35000,FOOD,2026-04,1380.0
35000,FOOD,2026-05,1380.0
35000,FOOD,2026-06,1380.0
35000,FOOD,2026-07,1380.0
35000,FOOD,2026-08,1380.0
35000,GROUND_TRANSPORT,2025-07,230.0
35000,GROUND_TRANSPORT,2025-08,230.0
35000,GROUND_TRANSPORT,2025-09,230.0
35000,GROUND_TRANSPORT,2025-10,230.0
35000,GROUND_TRANSPORT,2025-11,230.0
35000,GROUND_TRANSPORT,2025-12,230.0
35000,GROUND_TRANSPORT,2026-01,230.0
35000,GROUND_TRANSPORT,2026-02,230.0
35000,GROUND_TRANSPORT,2026-03,230.0
35000,GROUND_TRANSPORT,2026-04,230.0
35000,GROUND_TRANSPORT,2026-05,230.0
35000,GROUND_TRANSPORT,2026-06,230.0
35000,GROUND_TRANSPORT,2026-07,230.0
35000,GROUND_TRANSPORT,2026-08,230.0
35000,IT_TELECOM,2025-07,18590.0
35000,IT_TELECOM,2025-08,18590.0
35000,IT_TELECOM,2025-09,18590.0
35000,IT_TELECOM,2025-10,18590.0
35000,IT_TELECOM,2025-11,18590.0
35000,IT_TELECOM,2025-12,18590.0
35000,IT_TELECOM,2026-01,18590.0
35000,IT_TELECOM,2026-02,18590.0
35000,IT_TELECOM,2026-03,18590.0
35000,IT_TELECOM,2026-04,18590.0
35000,IT_TELECOM,2026-05,18590.0
35000,IT_TELECOM,2026-06,18590.0
35000,IT_TELECOM,2026-07,18590.0
35000,IT_TELECOM,2026-08,18590.0
35000,LODGING,2025-07,2690.0
35000,LODGING,2025-08,2690.0
35000,LODGING,2025-09,2690.0
35000,LODGING,2025-10,2690.0
35000,LODGING,2025-11,2690.0
35000,LODGING,2025-12,2690.0
35000,LODGING,2026-01,2690.0
35000,LODGING,2026-02,2690.0
35000,LODGING,2026-03,2690.0
35000,LODGING,2026-04,2690.0
35000,LODGING,2026-05,2690.0
35000,LODGING,2026-06,2690.0
35000,LODGING,2026-07,2690.0
35000,LODGING,2026-08,2690.0
35000,OFFICE_PRINT,2025-07,7490.0
35000,OFFICE_PRINT,2025-08,7490.0
35000,OFFICE_PRINT,2025-09,7490.0
35000,OFFICE_PRINT,2025-10,7490.0
35000,OFFICE_PRINT,2025-11,7490.0
35000,OFFICE_PRINT,2025-12,7490.0
35000,OFFICE_PRINT,2026-01,7490.0
35000,OFFICE_PRINT,2026-02,7490.0
35000,OFFICE_PRINT,2026-03,7490.0
35000,OFFICE_PRINT,2026-04,7490.0
35000,OFFICE_PRINT,2026-05,7490.0
35000,OFFICE_PRINT,2026-06,7490.0
35000,OFFICE_PRINT,2026-07,7490.0
35000,OFFICE_PRINT,2026-08,7490.0
35000,OTHER,2025-07,2060.0
35000,OTHER,2025-08,2060.0
35000,OTHER,2025-09,2060.0
35000,OTHER,2025-10,2060.0
35000,OTHER,2025-11,2060.0
35000,OTHER,2025-12,2060.0
35000,OTHER,2026-01,2060.0
35000,OTHER,2026-02,2060.0
35000,OTHER,2026-03,2060.0
35000,OTHER,2026-04,2060.0
35000,OTHER,2026-05,2060.0
35000,OTHER,2026-06,2060.0
35000,OTHER,2026-07,2060.0
35000,OTHER,2026-08,2060.0
35000,PROF_SERVICES,2025-07,21270.0
35000,PROF_SERVICES,2025-08,21270.0
35000,PROF_SERVICES,2025-09,21270.0
35000,PROF_SERVICES,2025-10,21270.0
35000,PROF_SERVICES,2025-11,21270.0
35000,PROF_SERVICES,2025-12,21270.0
35000,PROF_SERVICES,2026-01,21270.0
35000,PROF_SERVICES,2026-02,21270.0
35000,PROF_SERVICES,2026-03,21270.0
35000,PROF_SERVICES,2026-04,21270.0
35000,PROF_SERVICES,2026-05,21270.0
35000,PROF_SERVICES,2026-06,21270.0
35000,PROF_SERVICES,2026-07,21270.0
35000,PROF_SERVICES,2026-08,21270.0
35000,RETAIL_GENERAL,2025-07,10050.0
35000,RETAIL_GENERAL,2025-08,10050.0
35000,RETAIL_GENERAL,2025-09,10050.0
35000,RETAIL_GENERAL,2025-10,10050.0
35000,RETAIL_GENERAL,2025-11,10050.0
35000,RETAIL_GENERAL,2025-12,10050.0
35000,RETAIL_GENERAL,2026-01,10050.0
35000,RETAIL_GENERAL,2026-02,10050.0
35000,RETAIL_GENERAL,2026-03,10050.0
35000,RETAIL_GENERAL,2026-04,10050.0
35000,RETAIL_GENERAL,2026-05,10050.0
35000,RETAIL_GENERAL,2026-06,10050.0
35000,RETAIL_GENERAL,2026-07,10050.0
35000,RETAIL_GENERAL,2026-08,10050.0
35000,UTILITIES,2025-07,16270.0
35000,UTILITIES,2025-08,16270.0
35000,UTILITIES,2025-09,16270.0
35000,UTILITIES,2025-10,16270.0
35000,UTILITIES,2025-11,16270.0
35000,UTILITIES,2025-12,16270.0
35000,UTILITIES,2026-01,16270.0
35000,UTILITIES,2026-02,16270.0
35000,UTILITIES,2026-03,16270.0
35000,UTILITIES,2026-04,16270.0
35000,UTILITIES,2026-05,16270.0
35000,UTILITIES,2026-06,16270.0
35000,UTILITIES,2026-07,16270.0
35000,UTILITIES,2026-08,16270.0
35300,FACILITIES_MRO,2025-07,1200.0
35300,FACILITIES_MRO,2025-08,1200.0
35300,FACILITIES_MRO,2025-09,1200.0
35300,FACILITIES_MRO,2025-10,1200.0
35300,FACILITIES_MRO,2025-11,1200.0
35300,FACILITIES_MRO,2025-12,1200.0
35300,FACILITIES_MRO,2026-01,1200.0
35300,FACILITIES_MRO,2026-02,1200.0
35300,FACILITIES_MRO,2026-03,1200.0
35300,FACILITIES_MRO,2026-04,1200.0
35300,FACILITIES_MRO,2026-05,1200.0
35300,FACILITIES_MRO,2026-06,1200.0
35300,FACILITIES_MRO,2026-07,1200.0
35300,FACILITIES_MRO,2026-08,1200.0
35300,GROUND_TRANSPORT,2025-07,50.0
35300,GROUND_TRANSPORT,2025-08,50.0
35300,GROUND_TRANSPORT,2025-09,50.0
35300,GROUND_TRANSPORT,2025-10,50.0
35300,GROUND_TRANSPORT,2025-11,50.0
35300,GROUND_TRANSPORT,2025-12,50.0
35300,GROUND_TRANSPORT,2026-01,50.0
35300,GROUND_TRANSPORT,2026-02,50.0
35300,GROUND_TRANSPORT,2026-03,50.0
35300,GROUND_TRANSPORT,2026-04,50.0
35300,GROUND_TRANSPORT,2026-05,50.0
35300,GROUND_TRANSPORT,2026-06,50.0
35300,GROUND_TRANSPORT,2026-07,50.0
35300,GROUND_TRANSPORT,2026-08,50.0
35300,IT_TELECOM,2025-07,1860.0
35300,IT_TELECOM,2025-08,1860.0
35300,IT_TELECOM,2025-09,1860.0
35300,IT_TELECOM,2025-10,1860.0
35300,IT_TELECOM,2025-11,1860.0
35300,IT_TELECOM,2025-12,1860.0
35300,IT_TELECOM,2026-01,1860.0
35300,IT_TELECOM,2026-02,1860.0
35300,IT_TELECOM,2026-03,1860.0
35300,IT_TELECOM,2026-04,1860.0
35300,IT_TELECOM,2026-05,1860.0
35300,IT_TELECOM,2026-06,1860.0
35300,IT_TELECOM,2026-07,1860.0
35300,IT_TELECOM,2026-08,1860.0
35300,OFFICE_PRINT,2025-07,960.0
35300,OFFICE_PRINT,2025-08,960.0
35300,OFFICE_PRINT,2025-09,960.0
35300,OFFICE_PRINT,2025-10,960.0
35300,OFFICE_PRINT,2025-11,960.0
35300,OFFICE_PRINT,2025-12,960.0
35300,OFFICE_PRINT,2026-01,960.0
35300,OFFICE_PRINT,2026-02,960.0
35300,OFFICE_PRINT,2026-03,960.0
35300,OFFICE_PRINT,2026-04,960.0
35300,OFFICE_PRINT,2026-05,960.0
35300,OFFICE_PRINT,2026-06,960.0
35300,OFFICE_PRINT,2026-07,960.0
35300,OFFICE_PRINT,2026-08,960.0
35300,RETAIL_GENERAL,2025-07,480.0
35300,RETAIL_GENERAL,2025-08,480.0
35300,RETAIL_GENERAL,2025-09,480.0
35300,RETAIL_GENERAL,2025-10,480.0
35300,RETAIL_GENERAL,2025-11,480.0
35300,RETAIL_GENERAL,2025-12,480.0
35300,RETAIL_GENERAL,2026-01,480.0
35300,RETAIL_GENERAL,2026-02,480.0
35300,RETAIL_GENERAL,2026-03,480.0
35300,RETAIL_GENERAL,2026-04,480.0
35300,RETAIL_GENERAL,2026-05,480.0
35300,RETAIL_GENERAL,2026-06,480.0
35300,RETAIL_GENERAL,2026-07,480.0
35300,RETAIL_GENERAL,2026-08,480.0
38500,AIR_TRAVEL,2025-07,6260.0
38500,AIR_TRAVEL,2025-08,6260.0
38500,AIR_TRAVEL,2025-09,6260.0
38500,AIR_TRAVEL,2025-10,6260.0
38500,AIR_TRAVEL,2025-11,6260.0
38500,AIR_TRAVEL,2025-12,6260.0
38500,AIR_TRAVEL,2026-01,6260.0
38500,AIR_TRAVEL,2026-02,6260.0
38500,AIR_TRAVEL,2026-03,6260.0
38500,AIR_TRAVEL,2026-04,6260.0
38500,AIR_TRAVEL,2026-05,6260.0
38500,AIR_TRAVEL,2026-06,6260.0
38500,AIR_TRAVEL,2026-07,6260.0
38500,AIR_TRAVEL,2026-08,6260.0
38500,FACILITIES_MRO,2025-07,11150.0
38500,FACILITIES_MRO,2025-08,11150.0
38500,FACILITIES_MRO,2025-09,11150.0
38500,FACILITIES_MRO,2025-10,11150.0
38500,FACILITIES_MRO,2025-11,11150.0
38500,FACILITIES_MRO,2025-12,11150.0
38500,FACILITIES_MRO,2026-01,11150.0
38500,FACILITIES_MRO,2026-02,11150.0
38500,FACILITIES_MRO,2026-03,11150.0
38500,FACILITIES_MRO,2026-04,11150.0
38500,FACILITIES_MRO,2026-05,11150.0
38500,FACILITIES_MRO,2026-06,11150.0
38500,FACILITIES_MRO,2026-07,11150.0
38500,FACILITIES_MRO,2026-08,11150.0
38500,FEES_EDU_EVENTS,2025-07,11990.0
38500,FEES_EDU_EVENTS,2025-08,11990.0
38500,FEES_EDU_EVENTS,2025-09,11990.0
38500,FEES_EDU_EVENTS,2025-10,11990.0
38500,FEES_EDU_EVENTS,2025-11,11990.0
38500,FEES_EDU_EVENTS,2025-12,11990.0
38500,FEES_EDU_EVENTS,2026-01,11990.0
38500,FEES_EDU_EVENTS,2026-02,11990.0
38500,FEES_EDU_EVENTS,2026-03,11990.0
38500,FEES_EDU_EVENTS,2026-04,11990.0
38500,FEES_EDU_EVENTS,2026-05,11990.0
38500,FEES_EDU_EVENTS,2026-06,11990.0
38500,FEES_EDU_EVENTS,2026-07,11990.0
38500,FEES_EDU_EVENTS,2026-08,11990.0
38500,FOOD,2025-07,1020.0
38500,FOOD,2025-08,1020.0
38500,FOOD,2025-09,1020.0
38500,FOOD,2025-10,1020.0
38500,FOOD,2025-11,1020.0
38500,FOOD,2025-12,1020.0
38500,FOOD,2026-01,1020.0
38500,FOOD,2026-02,1020.0
38500,FOOD,2026-03,1020.0
38500,FOOD,2026-04,1020.0
38500,FOOD,2026-05,1020.0
38500,FOOD,2026-06,1020.0
38500,FOOD,2026-07,1020.0
38500,FOOD,2026-08,1020.0
38500,IT_TELECOM,2025-07,9970.0
38500,IT_TELECOM,2025-08,9970.0
38500,IT_TELECOM,2025-09,9970.0
38500,IT_TELECOM,2025-10,9970.0
38500,IT_TELECOM,2025-11,9970.0
38500,IT_TELECOM,2025-12,9970.0
38500,IT_TELECOM,2026-01,9970.0
38500,IT_TELECOM,2026-02,9970.0
38500,IT_TELECOM,2026-03,9970.0
38500,IT_TELECOM,2026-04,9970.0
38500,IT_TELECOM,2026-05,9970.0
38500,IT_TELECOM,2026-06,9970.0
38500,IT_TELECOM,2026-07,9970.0
38500,IT_TELECOM,2026-08,9970.0
38500,LODGING,2025-07,11520.0
38500,LODGING,2025-08,11520.0
38500,LODGING,2025-09,11520.0
38500,LODGING,2025-10,11520.0
38500,LODGING,2025-11,11520.0
38500,LODGING,2025-12,11520.0
38500,LODGING,2026-01,11520.0
38500,LODGING,2026-02,11520.0
38500,LODGING,2026-03,11520.0
38500,LODGING,2026-04,11520.0
38500,LODGING,2026-05,11520.0
38500,LODGING,2026-06,11520.0
38500,LODGING,2026-07,11520.0
38500,LODGING,2026-08,11520.0
38500,OFFICE_PRINT,2025-07,3210.0
38500,OFFICE_PRINT,2025-08,3210.0
38500,OFFICE_PRINT,2025-09,3210.0
38500,OFFICE_PRINT,2025-10,3210.0
38500,OFFICE_PRINT,2025-11,3210.0
38500,OFFICE_PRINT,2025-12,3210.0
38500,OFFICE_PRINT,2026-01,3210.0
38500,OFFICE_PRINT,2026-02,3210.0
38500,OFFICE_PRINT,2026-03,3210.0
38500,OFFICE_PRINT,2026-04,3210.0
38500,OFFICE_PRINT,2026-05,3210.0
38500,OFFICE_PRINT,2026-06,3210.0
38500,OFFICE_PRINT,2026-07,3210.0
38500,OFFICE_PRINT,2026-08,3210.0
38500,PROF_SERVICES,2025-07,14270.0
38500,PROF_SERVICES,2025-08,14270.0
38500,PROF_SERVICES,2025-09,14270.0
38500,PROF_SERVICES,2025-10,14270.0
38500,PROF_SERVICES,2025-11,14270.0
38500,PROF_SERVICES,2025-12,14270.0
38500,PROF_SERVICES,2026-01,14270.0
38500,PROF_SERVICES,2026-02,14270.0
38500,PROF_SERVICES,2026-03,14270.0
38500,PROF_SERVICES,2026-04,14270.0
38500,PROF_SERVICES,2026-05,14270.0
38500,PROF_SERVICES,2026-06,14270.0
38500,PROF_SERVICES,2026-07,14270.0
38500,PROF_SERVICES,2026-08,14270.0
38500,RETAIL_GENERAL,2025-07,2570.0
38500,RETAIL_GENERAL,2025-08,2570.0
38500,RETAIL_GENERAL,2025-09,2570.0
38500,RETAIL_GENERAL,2025-10,2570.0
38500,RETAIL_GENERAL,2025-11,2570.0
38500,RETAIL_GENERAL,2025-12,2570.0
38500,RETAIL_GENERAL,2026-01,2570.0
38500,RETAIL_GENERAL,2026-02,2570.0
38500,RETAIL_GENERAL,2026-03,2570.0
38500,RETAIL_GENERAL,2026-04,2570.0
38500,RETAIL_GENERAL,2026-05,2570.0
38500,RETAIL_GENERAL,2026-06,2570.0
38500,RETAIL_GENERAL,2026-07,2570.0
38500,RETAIL_GENERAL,2026-08,2570.0
38500,UTILITIES,2025-07,1130.0
38500,UTILITIES,2025-08,1130.0
38500,UTILITIES,2025-09,1130.0
38500,UTILITIES,2025-10,1130.0
38500,UTILITIES,2025-11,1130.0
38500,UTILITIES,2025-12,1130.0
38500,UTILITIES,2026-01,1130.0
38500,UTILITIES,2026-02,1130.0
38500,UTILITIES,2026-03,1130.0
38500,UTILITIES,2026-04,1130.0
38500,UTILITIES,2026-05,1130.0
38500,UTILITIES,2026-06,1130.0
38500,UTILITIES,2026-07,1130.0
38500,UTILITIES,2026-08,1130.0
39100,FEES_EDU_EVENTS,2025-07,90.0
39100,FEES_EDU_EVENTS,2025-08,90.0
39100,FEES_EDU_EVENTS,2025-09,90.0
39100,FEES_EDU_EVENTS,2025-10,90.0
39100,FEES_EDU_EVENTS,2025-11,90.0
39100,FEES_EDU_EVENTS,2025-12,90.0
39100,FEES_EDU_EVENTS,2026-01,90.0
39100,FEES_EDU_EVENTS,2026-02,90.0
39100,FEES_EDU_EVENTS,2026-03,90.0
39100,FEES_EDU_EVENTS,2026-04,90.0
39100,FEES_EDU_EVENTS,2026-05,90.0
39100,FEES_EDU_EVENTS,2026-06,90.0
39100,FEES_EDU_EVENTS,2026-07,90.0
39100,FEES_EDU_EVENTS,2026-08,90.0
40000,AIR_TRAVEL,2025-07,2780.0
40000,AIR_TRAVEL,2025-08,2780.0
40000,AIR_TRAVEL,2025-09,2780.0
40000,AIR_TRAVEL,2025-10,2780.0
40000,AIR_TRAVEL,2025-11,2780.0
40000,AIR_TRAVEL,2025-12,2780.0
40000,AIR_TRAVEL,2026-01,2780.0
40000,AIR_TRAVEL,2026-02,2780.0
40000,AIR_TRAVEL,2026-03,2780.0
40000,AIR_TRAVEL,2026-04,2780.0
40000,AIR_TRAVEL,2026-05,2780.0
40000,AIR_TRAVEL,2026-06,2780.0
40000,AIR_TRAVEL,2026-07,2780.0
40000,AIR_TRAVEL,2026-08,2780.0
40000,APPAREL_SPORTS,2025-07,5760.0
40000,APPAREL_SPORTS,2025-08,5760.0
40000,APPAREL_SPORTS,2025-09,5760.0
40000,APPAREL_SPORTS,2025-10,5760.0
40000,APPAREL_SPORTS,2025-11,5760.0
40000,APPAREL_SPORTS,2025-12,5760.0
40000,APPAREL_SPORTS,2026-01,5760.0
40000,APPAREL_SPORTS,2026-02,5760.0
40000,APPAREL_SPORTS,2026-03,5760.0
40000,APPAREL_SPORTS,2026-04,5760.0
40000,APPAREL_SPORTS,2026-05,5760.0
40000,APPAREL_SPORTS,2026-06,5760.0
40000,APPAREL_SPORTS,2026-07,5760.0
40000,APPAREL_SPORTS,2026-08,5760.0
40000,FACILITIES_MRO,2025-07,22220.0
40000,FACILITIES_MRO,2025-08,22220.0
40000,FACILITIES_MRO,2025-09,22220.0
40000,FACILITIES_MRO,2025-10,22220.0
40000,FACILITIES_MRO,2025-11,22220.0
40000,FACILITIES_MRO,2025-12,22220.0
40000,FACILITIES_MRO,2026-01,22220.0
40000,FACILITIES_MRO,2026-02,22220.0
40000,FACILITIES_MRO,2026-03,22220.0
40000,FACILITIES_MRO,2026-04,22220.0
40000,FACILITIES_MRO,2026-05,22220.0
40000,FACILITIES_MRO,2026-06,22220.0
40000,FACILITIES_MRO,2026-07,22220.0
40000,FACILITIES_MRO,2026-08,22220.0
40000,FEES_EDU_EVENTS,2025-07,7780.0
40000,FEES_EDU_EVENTS,2025-08,7780.0
40000,FEES_EDU_EVENTS,2025-09,7780.0
40000,FEES_EDU_EVENTS,2025-10,7780.0
40000,FEES_EDU_EVENTS,2025-11,7780.0
40000,FEES_EDU_EVENTS,2025-12,7780.0
40000,FEES_EDU_EVENTS,2026-01,7780.0
40000,FEES_EDU_EVENTS,2026-02,7780.0
40000,FEES_EDU_EVENTS,2026-03,7780.0
40000,FEES_EDU_EVENTS,2026-04,7780.0
40000,FEES_EDU_EVENTS,2026-05,7780.0
40000,FEES_EDU_EVENTS,2026-06,7780.0
40000,FEES_EDU_EVENTS,2026-07,7780.0
40000,FEES_EDU_EVENTS,2026-08,7780.0
40000,FOOD,2025-07,1000.0
40000,FOOD,2025-08,1000.0
40000,FOOD,2025-09,1000.0
40000,FOOD,2025-10,1000.0
40000,FOOD,2025-11,1000.0
40000,FOOD,2025-12,1000.0
40000,FOOD,2026-01,1000.0
40000,FOOD,2026-02,1000.0
40000,FOOD,2026-03,1000.0
40000,FOOD,2026-04,1000.0
40000,FOOD,2026-05,1000.0
40000,FOOD,2026-06,1000.0
40000,FOOD,2026-07,1000.0
40000,FOOD,2026-08,1000.0
40000,GROUND_TRANSPORT,2025-07,2500.0
40000,GROUND_TRANSPORT,2025-08,2500.0
40000,GROUND_TRANSPORT,2025-09,2500.0
40000,GROUND_TRANSPORT,2025-10,2500.0
40000,GROUND_TRANSPORT,2025-11,2500.0
40000,GROUND_TRANSPORT,2025-12,2500.0
40000,GROUND_TRANSPORT,2026-01,2500.0
40000,GROUND_TRANSPORT,2026-02,2500.0
40000,GROUND_TRANSPORT,2026-03,2500.0
40000,GROUND_TRANSPORT,2026-04,2500.0
40000,GROUND_TRANSPORT,2026-05,2500.0
40000,GROUND_TRANSPORT,2026-06,2500.0
40000,GROUND_TRANSPORT,2026-07,2500.0
40000,GROUND_TRANSPORT,2026-08,2500.0
40000,IT_TELECOM,2025-07,40450.0
40000,IT_TELECOM,2025-08,40450.0
40000,IT_TELECOM,2025-09,40450.0
40000,IT_TELECOM,2025-10,40450.0
40000,IT_TELECOM,2025-11,40450.0
40000,IT_TELECOM,2025-12,40450.0
40000,IT_TELECOM,2026-01,40450.0
40000,IT_TELECOM,2026-02,40450.0
40000,IT_TELECOM,2026-03,40450.0
40000,IT_TELECOM,2026-04,40450.0
40000,IT_TELECOM,2026-05,40450.0
40000,IT_TELECOM,2026-06,40450.0
40000,IT_TELECOM,2026-07,40450.0
40000,IT_TELECOM,2026-08,40450.0
40000,LODGING,2025-07,6510.0
40000,LODGING,2025-08,6510.0
40000,LODGING,2025-09,6510.0
40000,LODGING,2025-10,6510.0
40000,LODGING,2025-11,6510.0
40000,LODGING,2025-12,6510.0
40000,LODGING,2026-01,6510.0
40000,LODGING,2026-02,6510.0
40000,LODGING,2026-03,6510.0
40000,LODGING,2026-04,6510.0
40000,LODGING,2026-05,6510.0
40000,LODGING,2026-06,6510.0
40000,LODGING,2026-07,6510.0
40000,LODGING,2026-08,6510.0
40000,MEDICAL_LAB,2025-07,4150.0
40000,MEDICAL_LAB,2025-08,4150.0
40000,MEDICAL_LAB,2025-09,4150.0
40000,MEDICAL_LAB,2025-10,4150.0
40000,MEDICAL_LAB,2025-11,4150.0
40000,MEDICAL_LAB,2025-12,4150.0
40000,MEDICAL_LAB,2026-01,4150.0
40000,MEDICAL_LAB,2026-02,4150.0
40000,MEDICAL_LAB,2026-03,4150.0
40000,MEDICAL_LAB,2026-04,4150.0
40000,MEDICAL_LAB,2026-05,4150.0
40000,MEDICAL_LAB,2026-06,4150.0
40000,MEDICAL_LAB,2026-07,4150.0
40000,MEDICAL_LAB,2026-08,4150.0
40000,OFFICE_PRINT,2025-07,4390.0
40000,OFFICE_PRINT,2025-08,4390.0
40000,OFFICE_PRINT,2025-09,4390.0
40000,OFFICE_PRINT,2025-10,4390.0
40000,OFFICE_PRINT,2025-11,4390.0
40000,OFFICE_PRINT,2025-12,4390.0
40000,OFFICE_PRINT,2026-01,4390.0
40000,OFFICE_PRINT,2026-02,4390.0
40000,OFFICE_PRINT,2026-03,4390.0
40000,OFFICE_PRINT,2026-04,4390.0
40000,OFFICE_PRINT,2026-05,4390.0
40000,OFFICE_PRINT,2026-06,4390.0
40000,OFFICE_PRINT,2026-07,4390.0
40000,OFFICE_PRINT,2026-08,4390.0
40000,PROF_SERVICES,2025-07,11150.0
40000,PROF_SERVICES,2025-08,11150.0
40000,PROF_SERVICES,2025-09,11150.0
40000,PROF_SERVICES,2025-10,11150.0
40000,PROF_SERVICES,2025-11,11150.0
40000,PROF_SERVICES,2025-12,11150.0
40000,PROF_SERVICES,2026-01,11150.0
40000,PROF_SERVICES,2026-02,11150.0
40000,PROF_SERVICES,2026-03,11150.0
40000,PROF_SERVICES,2026-04,11150.0
40000,PROF_SERVICES,2026-05,11150.0
40000,PROF_SERVICES,2026-06,11150.0
40000,PROF_SERVICES,2026-07,11150.0
40000,PROF_SERVICES,2026-08,11150.0
40000,RETAIL_GENERAL,2025-07,52060.0
40000,RETAIL_GENERAL,2025-08,52060.0
40000,RETAIL_GENERAL,2025-09,52060.0
40000,RETAIL_GENERAL,2025-10,52060.0
40000,RETAIL_GENERAL,2025-11,52060.0
40000,RETAIL_GENERAL,2025-12,52060.0
40000,RETAIL_GENERAL,2026-01,52060.0
40000,RETAIL_GENERAL,2026-02,52060.0
40000,RETAIL_GENERAL,2026-03,52060.0
40000,RETAIL_GENERAL,2026-04,52060.0
40000,RETAIL_GENERAL,2026-05,52060.0
40000,RETAIL_GENERAL,2026-06,52060.0
40000,RETAIL_GENERAL,2026-07,52060.0
40000,RETAIL_GENERAL,2026-08,52060.0
40000,UTILITIES,2025-07,6450.0
40000,UTILITIES,2025-08,6450.0
40000,UTILITIES,2025-09,6450.0
40000,UTILITIES,2025-10,6450.0
40000,UTILITIES,2025-11,6450.0
40000,UTILITIES,2025-12,6450.0
40000,UTILITIES,2026-01,6450.0
40000,UTILITIES,2026-02,6450.0
40000,UTILITIES,2026-03,6450.0
40000,UTILITIES,2026-04,6450.0
40000,UTILITIES,2026-05,6450.0
40000,UTILITIES,2026-06,6450.0
40000,UTILITIES,2026-07,6450.0
40000,UTILITIES,2026-08,6450.0
40000,VEHICLE_FUEL,2025-07,1350.0
40000,VEHICLE_FUEL,2025-08,1350.0
40000,VEHICLE_FUEL,2025-09,1350.0
40000,VEHICLE_FUEL,2025-10,1350.0
40000,VEHICLE_FUEL,2025-11,1350.0
40000,VEHICLE_FUEL,2025-12,1350.0
40000,VEHICLE_FUEL,2026-01,1350.0
40000,VEHICLE_FUEL,2026-02,1350.0
40000,VEHICLE_FUEL,2026-03,1350.0
40000,VEHICLE_FUEL,2026-04,1350.0
40000,VEHICLE_FUEL,2026-05,1350.0
40000,VEHICLE_FUEL,2026-06,1350.0
40000,VEHICLE_FUEL,2026-07,1350.0
40000,VEHICLE_FUEL,2026-08,1350.0
40500,AIR_TRAVEL,2025-07,1490.0
40500,AIR_TRAVEL,2025-08,1490.0
40500,AIR_TRAVEL,2025-09,1490.0
40500,AIR_TRAVEL,2025-10,1490.0
40500,AIR_TRAVEL,2025-11,1490.0
40500,AIR_TRAVEL,2025-12,1490.0
40500,AIR_TRAVEL,2026-01,1490.0
40500,AIR_TRAVEL,2026-02,1490.0
40500,AIR_TRAVEL,2026-03,1490.0
40500,AIR_TRAVEL,2026-04,1490.0
40500,AIR_TRAVEL,2026-05,1490.0
40500,AIR_TRAVEL,2026-06,1490.0
40500,AIR_TRAVEL,2026-07,1490.0
40500,AIR_TRAVEL,2026-08,1490.0
40500,APPAREL_SPORTS,2025-07,1840.0
40500,APPAREL_SPORTS,2025-08,1840.0
40500,APPAREL_SPORTS,2025-09,1840.0
40500,APPAREL_SPORTS,2025-10,1840.0
40500,APPAREL_SPORTS,2025-11,1840.0
40500,APPAREL_SPORTS,2025-12,1840.0
40500,APPAREL_SPORTS,2026-01,1840.0
40500,APPAREL_SPORTS,2026-02,1840.0
40500,APPAREL_SPORTS,2026-03,1840.0
40500,APPAREL_SPORTS,2026-04,1840.0
40500,APPAREL_SPORTS,2026-05,1840.0
40500,APPAREL_SPORTS,2026-06,1840.0
40500,APPAREL_SPORTS,2026-07,1840.0
40500,APPAREL_SPORTS,2026-08,1840.0
40500,FACILITIES_MRO,2025-07,1050.0
40500,FACILITIES_MRO,2025-08,1050.0
40500,FACILITIES_MRO,2025-09,1050.0
40500,FACILITIES_MRO,2025-10,1050.0
40500,FACILITIES_MRO,2025-11,1050.0
40500,FACILITIES_MRO,2025-12,1050.0
40500,FACILITIES_MRO,2026-01,1050.0
40500,FACILITIES_MRO,2026-02,1050.0
40500,FACILITIES_MRO,2026-03,1050.0
40500,FACILITIES_MRO,2026-04,1050.0
40500,FACILITIES_MRO,2026-05,1050.0
40500,FACILITIES_MRO,2026-06,1050.0
40500,FACILITIES_MRO,2026-07,1050.0
40500,FACILITIES_MRO,2026-08,1050.0
40500,FEES_EDU_EVENTS,2025-07,3560.0
40500,FEES_EDU_EVENTS,2025-08,3560.0
40500,FEES_EDU_EVENTS,2025-09,3560.0
40500,FEES_EDU_EVENTS,2025-10,3560.0
40500,FEES_EDU_EVENTS,2025-11,3560.0
40500,FEES_EDU_EVENTS,2025-12,3560.0
40500,FEES_EDU_EVENTS,2026-01,3560.0
40500,FEES_EDU_EVENTS,2026-02,3560.0
40500,FEES_EDU_EVENTS,2026-03,3560.0
40500,FEES_EDU_EVENTS,2026-04,3560.0
40500,FEES_EDU_EVENTS,2026-05,3560.0
40500,FEES_EDU_EVENTS,2026-06,3560.0
40500,FEES_EDU_EVENTS,2026-07,3560.0
40500,FEES_EDU_EVENTS,2026-08,3560.0
40500,LODGING,2025-07,3170.0
40500,LODGING,2025-08,3170.0
40500,LODGING,2025-09,3170.0
40500,LODGING,2025-10,3170.0
40500,LODGING,2025-11,3170.0
40500,LODGING,2025-12,3170.0
40500,LODGING,2026-01,3170.0
40500,LODGING,2026-02,3170.0
40500,LODGING,2026-03,3170.0
40500,LODGING,2026-04,3170.0
40500,LODGING,2026-05,3170.0
40500,LODGING,2026-06,3170.0
40500,LODGING,2026-07,3170.0
40500,LODGING,2026-08,3170.0
40500,OFFICE_PRINT,2025-07,790.0
40500,OFFICE_PRINT,2025-08,790.0
40500,OFFICE_PRINT,2025-09,790.0
40500,OFFICE_PRINT,2025-10,790.0
40500,OFFICE_PRINT,2025-11,790.0
40500,OFFICE_PRINT,2025-12,790.0
40500,OFFICE_PRINT,2026-01,790.0
40500,OFFICE_PRINT,2026-02,790.0
40500,OFFICE_PRINT,2026-03,790.0
40500,OFFICE_PRINT,2026-04,790.0
40500,OFFICE_PRINT,2026-05,790.0
40500,OFFICE_PRINT,2026-06,790.0
40500,OFFICE_PRINT,2026-07,790.0
40500,OFFICE_PRINT,2026-08,790.0
40500,PROF_SERVICES,2025-07,1650.0
40500,PROF_SERVICES,2025-08,1650.0
40500,PROF_SERVICES,2025-09,1650.0
40500,PROF_SERVICES,2025-10,1650.0
40500,PROF_SERVICES,2025-11,1650.0
40500,PROF_SERVICES,2025-12,1650.0
40500,PROF_SERVICES,2026-01,1650.0
40500,PROF_SERVICES,2026-02,1650.0
40500,PROF_SERVICES,2026-03,1650.0
40500,PROF_SERVICES,2026-04,1650.0
40500,PROF_SERVICES,2026-05,1650.0
40500,PROF_SERVICES,2026-06,1650.0
40500,PROF_SERVICES,2026-07,1650.0
40500,PROF_SERVICES,2026-08,1650.0
40500,RETAIL_GENERAL,2025-07,1420.0
40500,RETAIL_GENERAL,2025-08,1420.0
40500,RETAIL_GENERAL,2025-09,1420.0
40500,RETAIL_GENERAL,2025-10,1420.0
40500,RETAIL_GENERAL,2025-11,1420.0
40500,RETAIL_GENERAL,2025-12,1420.0
40500,RETAIL_GENERAL,2026-01,1420.0
40500,RETAIL_GENERAL,2026-02,1420.0
40500,RETAIL_GENERAL,2026-03,1420.0
40500,RETAIL_GENERAL,2026-04,1420.0
40500,RETAIL_GENERAL,2026-05,1420.0
40500,RETAIL_GENERAL,2026-06,1420.0
40500,RETAIL_GENERAL,2026-07,1420.0
40500,RETAIL_GENERAL,2026-08,1420.0
41000,FACILITIES_MRO,2025-07,860.0
41000,FACILITIES_MRO,2025-08,860.0
41000,FACILITIES_MRO,2025-09,860.0
41000,FACILITIES_MRO,2025-10,860.0
41000,FACILITIES_MRO,2025-11,860.0
41000,FACILITIES_MRO,2025-12,860.0
41000,FACILITIES_MRO,2026-01,860.0
41000,FACILITIES_MRO,2026-02,860.0
41000,FACILITIES_MRO,2026-03,860.0
41000,FACILITIES_MRO,2026-04,860.0
41000,FACILITIES_MRO,2026-05,860.0
41000,FACILITIES_MRO,2026-06,860.0
41000,FACILITIES_MRO,2026-07,860.0
41000,FACILITIES_MRO,2026-08,860.0
41000,FEES_EDU_EVENTS,2025-07,3290.0
41000,FEES_EDU_EVENTS,2025-08,3290.0
41000,FEES_EDU_EVENTS,2025-09,3290.0
41000,FEES_EDU_EVENTS,2025-10,3290.0
41000,FEES_EDU_EVENTS,2025-11,3290.0
41000,FEES_EDU_EVENTS,2025-12,3290.0
41000,FEES_EDU_EVENTS,2026-01,3290.0
41000,FEES_EDU_EVENTS,2026-02,3290.0
41000,FEES_EDU_EVENTS,2026-03,3290.0
41000,FEES_EDU_EVENTS,2026-04,3290.0
41000,FEES_EDU_EVENTS,2026-05,3290.0
41000,FEES_EDU_EVENTS,2026-06,3290.0
41000,FEES_EDU_EVENTS,2026-07,3290.0
41000,FEES_EDU_EVENTS,2026-08,3290.0
41000,IT_TELECOM,2025-07,1920.0
41000,IT_TELECOM,2025-08,1920.0
41000,IT_TELECOM,2025-09,1920.0
41000,IT_TELECOM,2025-10,1920.0
41000,IT_TELECOM,2025-11,1920.0
41000,IT_TELECOM,2025-12,1920.0
41000,IT_TELECOM,2026-01,1920.0
41000,IT_TELECOM,2026-02,1920.0
41000,IT_TELECOM,2026-03,1920.0
41000,IT_TELECOM,2026-04,1920.0
41000,IT_TELECOM,2026-05,1920.0
41000,IT_TELECOM,2026-06,1920.0
41000,IT_TELECOM,2026-07,1920.0
41000,IT_TELECOM,2026-08,1920.0
41000,LODGING,2025-07,2800.0
41000,LODGING,2025-08,2800.0
41000,LODGING,2025-09,2800.0
41000,LODGING,2025-10,2800.0
41000,LODGING,2025-11,2800.0
41000,LODGING,2025-12,2800.0
41000,LODGING,2026-01,2800.0
41000,LODGING,2026-02,2800.0
41000,LODGING,2026-03,2800.0
41000,LODGING,2026-04,2800.0
41000,LODGING,2026-05,2800.0
41000,LODGING,2026-06,2800.0
41000,LODGING,2026-07,2800.0
41000,LODGING,2026-08,2800.0
41000,OFFICE_PRINT,2025-07,410.0
41000,OFFICE_PRINT,2025-08,410.0
41000,OFFICE_PRINT,2025-09,410.0
41000,OFFICE_PRINT,2025-10,410.0
41000,OFFICE_PRINT,2025-11,410.0
41000,OFFICE_PRINT,2025-12,410.0
41000,OFFICE_PRINT,2026-01,410.0
41000,OFFICE_PRINT,2026-02,410.0
41000,OFFICE_PRINT,2026-03,410.0
41000,OFFICE_PRINT,2026-04,410.0
41000,OFFICE_PRINT,2026-05,410.0
41000,OFFICE_PRINT,2026-06,410.0
41000,OFFICE_PRINT,2026-07,410.0
41000,OFFICE_PRINT,2026-08,410.0
41000,PROF_SERVICES,2025-07,3620.0
41000,PROF_SERVICES,2025-08,3620.0
41000,PROF_SERVICES,2025-09,3620.0
41000,PROF_SERVICES,2025-10,3620.0
41000,PROF_SERVICES,2025-11,3620.0
41000,PROF_SERVICES,2025-12,3620.0
41000,PROF_SERVICES,2026-01,3620.0
41000,PROF_SERVICES,2026-02,3620.0
41000,PROF_SERVICES,2026-03,3620.0
41000,PROF_SERVICES,2026-04,3620.0
41000,PROF_SERVICES,2026-05,3620.0
41000,PROF_SERVICES,2026-06,3620.0
41000,PROF_SERVICES,2026-07,3620.0
41000,PROF_SERVICES,2026-08,3620.0
41000,RETAIL_GENERAL,2025-07,290.0
41000,RETAIL_GENERAL,2025-08,290.0
41000,RETAIL_GENERAL,2025-09,290.0
41000,RETAIL_GENERAL,2025-10,290.0
41000,RETAIL_GENERAL,2025-11,290.0
41000,RETAIL_GENERAL,2025-12,290.0
41000,RETAIL_GENERAL,2026-01,290.0
41000,RETAIL_GENERAL,2026-02,290.0
41000,RETAIL_GENERAL,2026-03,290.0
41000,RETAIL_GENERAL,2026-04,290.0
41000,RETAIL_GENERAL,2026-05,290.0
41000,RETAIL_GENERAL,2026-06,290.0
41000,RETAIL_GENERAL,2026-07,290.0
41000,RETAIL_GENERAL,2026-08,290.0
41500,FACILITIES_MRO,2025-07,11220.0
41500,FACILITIES_MRO,2025-08,11220.0
41500,FACILITIES_MRO,2025-09,11220.0
41500,FACILITIES_MRO,2025-10,11220.0
41500,FACILITIES_MRO,2025-11,11220.0
41500,FACILITIES_MRO,2025-12,11220.0
41500,FACILITIES_MRO,2026-01,11220.0
41500,FACILITIES_MRO,2026-02,11220.0
41500,FACILITIES_MRO,2026-03,11220.0
41500,FACILITIES_MRO,2026-04,11220.0
41500,FACILITIES_MRO,2026-05,11220.0
41500,FACILITIES_MRO,2026-06,11220.0
41500,FACILITIES_MRO,2026-07,11220.0
41500,FACILITIES_MRO,2026-08,11220.0
41500,FEES_EDU_EVENTS,2025-07,3470.0
41500,FEES_EDU_EVENTS,2025-08,3470.0
41500,FEES_EDU_EVENTS,2025-09,3470.0
41500,FEES_EDU_EVENTS,2025-10,3470.0
41500,FEES_EDU_EVENTS,2025-11,3470.0
41500,FEES_EDU_EVENTS,2025-12,3470.0
41500,FEES_EDU_EVENTS,2026-01,3470.0
41500,FEES_EDU_EVENTS,2026-02,3470.0
41500,FEES_EDU_EVENTS,2026-03,3470.0
41500,FEES_EDU_EVENTS,2026-04,3470.0
41500,FEES_EDU_EVENTS,2026-05,3470.0
41500,FEES_EDU_EVENTS,2026-06,3470.0
41500,FEES_EDU_EVENTS,2026-07,3470.0
41500,FEES_EDU_EVENTS,2026-08,3470.0
41500,OFFICE_PRINT,2025-07,1060.0
41500,OFFICE_PRINT,2025-08,1060.0
41500,OFFICE_PRINT,2025-09,1060.0
41500,OFFICE_PRINT,2025-10,1060.0
41500,OFFICE_PRINT,2025-11,1060.0
41500,OFFICE_PRINT,2025-12,1060.0
41500,OFFICE_PRINT,2026-01,1060.0
41500,OFFICE_PRINT,2026-02,1060.0
41500,OFFICE_PRINT,2026-03,1060.0
41500,OFFICE_PRINT,2026-04,1060.0
41500,OFFICE_PRINT,2026-05,1060.0
41500,OFFICE_PRINT,2026-06,1060.0
41500,OFFICE_PRINT,2026-07,1060.0
41500,OFFICE_PRINT,2026-08,1060.0
41500,PROF_SERVICES,2025-07,3530.0
41500,PROF_SERVICES,2025-08,3530.0
41500,PROF_SERVICES,2025-09,3530.0
41500,PROF_SERVICES,2025-10,3530.0
41500,PROF_SERVICES,2025-11,3530.0
41500,PROF_SERVICES,2025-12,3530.0
41500,PROF_SERVICES,2026-01,3530.0
41500,PROF_SERVICES,2026-02,3530.0
41500,PROF_SERVICES,2026-03,3530.0
41500,PROF_SERVICES,2026-04,3530.0
41500,PROF_SERVICES,2026-05,3530.0
41500,PROF_SERVICES,2026-06,3530.0
41500,PROF_SERVICES,2026-07,3530.0
41500,PROF_SERVICES,2026-08,3530.0
41500,RETAIL_GENERAL,2025-07,8660.0
41500,RETAIL_GENERAL,2025-08,8660.0
41500,RETAIL_GENERAL,2025-09,8660.0
41500,RETAIL_GENERAL,2025-10,8660.0
41500,RETAIL_GENERAL,2025-11,8660.0
41500,RETAIL_GENERAL,2025-12,8660.0
41500,RETAIL_GENERAL,2026-01,8660.0
41500,RETAIL_GENERAL,2026-02,8660.0
41500,RETAIL_GENERAL,2026-03,8660.0
41500,RETAIL_GENERAL,2026-04,8660.0
41500,RETAIL_GENERAL,2026-05,8660.0
41500,RETAIL_GENERAL,2026-06,8660.0
41500,RETAIL_GENERAL,2026-07,8660.0
41500,RETAIL_GENERAL,2026-08,8660.0
41500,VEHICLE_FUEL,2025-07,3150.0
41500,VEHICLE_FUEL,2025-08,3150.0
41500,VEHICLE_FUEL,2025-09,3150.0
41500,VEHICLE_FUEL,2025-10,3150.0
41500,VEHICLE_FUEL,2025-11,3150.0
41500,VEHICLE_FUEL,2025-12,3150.0
41500,VEHICLE_FUEL,2026-01,3150.0
41500,VEHICLE_FUEL,2026-02,3150.0
41500,VEHICLE_FUEL,2026-03,3150.0
41500,VEHICLE_FUEL,2026-04,3150.0
41500,VEHICLE_FUEL,2026-05,3150.0
41500,VEHICLE_FUEL,2026-06,3150.0
41500,VEHICLE_FUEL,2026-07,3150.0
41500,VEHICLE_FUEL,2026-08,3150.0
41600,FEES_EDU_EVENTS,2025-07,1270.0
41600,FEES_EDU_EVENTS,2025-08,1270.0
41600,FEES_EDU_EVENTS,2025-09,1270.0
41600,FEES_EDU_EVENTS,2025-10,1270.0
41600,FEES_EDU_EVENTS,2025-11,1270.0
41600,FEES_EDU_EVENTS,2025-12,1270.0
41600,FEES_EDU_EVENTS,2026-01,1270.0
41600,FEES_EDU_EVENTS,2026-02,1270.0
41600,FEES_EDU_EVENTS,2026-03,1270.0
41600,FEES_EDU_EVENTS,2026-04,1270.0
41600,FEES_EDU_EVENTS,2026-05,1270.0
41600,FEES_EDU_EVENTS,2026-06,1270.0
41600,FEES_EDU_EVENTS,2026-07,1270.0
41600,FEES_EDU_EVENTS,2026-08,1270.0
41600,FOOD,2025-07,680.0
41600,FOOD,2025-08,680.0
41600,FOOD,2025-09,680.0
41600,FOOD,2025-10,680.0
41600,FOOD,2025-11,680.0
41600,FOOD,2025-12,680.0
41600,FOOD,2026-01,680.0
41600,FOOD,2026-02,680.0
41600,FOOD,2026-03,680.0
41600,FOOD,2026-04,680.0
41600,FOOD,2026-05,680.0
41600,FOOD,2026-06,680.0
41600,FOOD,2026-07,680.0
41600,FOOD,2026-08,680.0
41600,IT_TELECOM,2025-07,1140.0
41600,IT_TELECOM,2025-08,1140.0
41600,IT_TELECOM,2025-09,1140.0
41600,IT_TELECOM,2025-10,1140.0
41600,IT_TELECOM,2025-11,1140.0
41600,IT_TELECOM,2025-12,1140.0
41600,IT_TELECOM,2026-01,1140.0
41600,IT_TELECOM,2026-02,1140.0
41600,IT_TELECOM,2026-03,1140.0
41600,IT_TELECOM,2026-04,1140.0
41600,IT_TELECOM,2026-05,1140.0
41600,IT_TELECOM,2026-06,1140.0
41600,IT_TELECOM,2026-07,1140.0
41600,IT_TELECOM,2026-08,1140.0
41600,PROF_SERVICES,2025-07,450.0
41600,PROF_SERVICES,2025-08,450.0
41600,PROF_SERVICES,2025-09,450.0
41600,PROF_SERVICES,2025-10,450.0
41600,PROF_SERVICES,2025-11,450.0
41600,PROF_SERVICES,2025-12,450.0
41600,PROF_SERVICES,2026-01,450.0
41600,PROF_SERVICES,2026-02,450.0
41600,PROF_SERVICES,2026-03,450.0
41600,PROF_SERVICES,2026-04,450.0
41600,PROF_SERVICES,2026-05,450.0
41600,PROF_SERVICES,2026-06,450.0
41600,PROF_SERVICES,2026-07,450.0
41600,PROF_SERVICES,2026-08,450.0
41600,RETAIL_GENERAL,2025-07,770.0
41600,RETAIL_GENERAL,2025-08,770.0
41600,RETAIL_GENERAL,2025-09,770.0
41600,RETAIL_GENERAL,2025-10,770.0
41600,RETAIL_GENERAL,2025-11,770.0
41600,RETAIL_GENERAL,2025-12,770.0
41600,RETAIL_GENERAL,2026-01,770.0
41600,RETAIL_GENERAL,2026-02,770.0
41600,RETAIL_GENERAL,2026-03,770.0
41600,RETAIL_GENERAL,2026-04,770.0
41600,RETAIL_GENERAL,2026-05,770.0
41600,RETAIL_GENERAL,2026-06,770.0
41600,RETAIL_GENERAL,2026-07,770.0
41600,RETAIL_GENERAL,2026-08,770.0
42000,AGRI_ANIMAL,2025-07,1430.0
42000,AGRI_ANIMAL,2025-08,1430.0
42000,AGRI_ANIMAL,2025-09,1430.0
42000,AGRI_ANIMAL,2025-10,1430.0
42000,AGRI_ANIMAL,2025-11,1430.0
42000,AGRI_ANIMAL,2025-12,1430.0
42000,AGRI_ANIMAL,2026-01,1430.0
42000,AGRI_ANIMAL,2026-02,1430.0
42000,AGRI_ANIMAL,2026-03,1430.0
42000,AGRI_ANIMAL,2026-04,1430.0
42000,AGRI_ANIMAL,2026-05,1430.0
42000,AGRI_ANIMAL,2026-06,1430.0
42000,AGRI_ANIMAL,2026-07,1430.0
42000,AGRI_ANIMAL,2026-08,1430.0
42000,AIR_TRAVEL,2025-07,23390.0
42000,AIR_TRAVEL,2025-08,23390.0
42000,AIR_TRAVEL,2025-09,23390.0
42000,AIR_TRAVEL,2025-10,23390.0
42000,AIR_TRAVEL,2025-11,23390.0
42000,AIR_TRAVEL,2025-12,23390.0
42000,AIR_TRAVEL,2026-01,23390.0
42000,AIR_TRAVEL,2026-02,23390.0
42000,AIR_TRAVEL,2026-03,23390.0
42000,AIR_TRAVEL,2026-04,23390.0
42000,AIR_TRAVEL,2026-05,23390.0
42000,AIR_TRAVEL,2026-06,23390.0
42000,AIR_TRAVEL,2026-07,23390.0
42000,AIR_TRAVEL,2026-08,23390.0
42000,APPAREL_SPORTS,2025-07,1480.0
42000,APPAREL_SPORTS,2025-08,1480.0
42000,APPAREL_SPORTS,2025-09,1480.0
42000,APPAREL_SPORTS,2025-10,1480.0
42000,APPAREL_SPORTS,2025-11,1480.0
42000,APPAREL_SPORTS,2025-12,1480.0
42000,APPAREL_SPORTS,2026-01,1480.0
42000,APPAREL_SPORTS,2026-02,1480.0
42000,APPAREL_SPORTS,2026-03,1480.0
42000,APPAREL_SPORTS,2026-04,1480.0
42000,APPAREL_SPORTS,2026-05,1480.0
42000,APPAREL_SPORTS,2026-06,1480.0
42000,APPAREL_SPORTS,2026-07,1480.0
42000,APPAREL_SPORTS,2026-08,1480.0
42000,FACILITIES_MRO,2025-07,1160.0
42000,FACILITIES_MRO,2025-08,1160.0
42000,FACILITIES_MRO,2025-09,1160.0
42000,FACILITIES_MRO,2025-10,1160.0
42000,FACILITIES_MRO,2025-11,1160.0
42000,FACILITIES_MRO,2025-12,1160.0
42000,FACILITIES_MRO,2026-01,1160.0
42000,FACILITIES_MRO,2026-02,1160.0
42000,FACILITIES_MRO,2026-03,1160.0
42000,FACILITIES_MRO,2026-04,1160.0
42000,FACILITIES_MRO,2026-05,1160.0
42000,FACILITIES_MRO,2026-06,1160.0
42000,FACILITIES_MRO,2026-07,1160.0
42000,FACILITIES_MRO,2026-08,1160.0
42000,FEES_EDU_EVENTS,2025-07,14630.0
42000,FEES_EDU_EVENTS,2025-08,14630.0
42000,FEES_EDU_EVENTS,2025-09,14630.0
42000,FEES_EDU_EVENTS,2025-10,14630.0
42000,FEES_EDU_EVENTS,2025-11,14630.0
42000,FEES_EDU_EVENTS,2025-12,14630.0
42000,FEES_EDU_EVENTS,2026-01,14630.0
42000,FEES_EDU_EVENTS,2026-02,14630.0
42000,FEES_EDU_EVENTS,2026-03,14630.0
42000,FEES_EDU_EVENTS,2026-04,14630.0
42000,FEES_EDU_EVENTS,2026-05,14630.0
42000,FEES_EDU_EVENTS,2026-06,14630.0
42000,FEES_EDU_EVENTS,2026-07,14630.0
42000,FEES_EDU_EVENTS,2026-08,14630.0
42000,FOOD,2025-07,34440.0
42000,FOOD,2025-08,34440.0
42000,FOOD,2025-09,34440.0
42000,FOOD,2025-10,34440.0
42000,FOOD,2025-11,34440.0
42000,FOOD,2025-12,34440.0
42000,FOOD,2026-01,34440.0
42000,FOOD,2026-02,34440.0
42000,FOOD,2026-03,34440.0
42000,FOOD,2026-04,34440.0
42000,FOOD,2026-05,34440.0
42000,FOOD,2026-06,34440.0
42000,FOOD,2026-07,34440.0
42000,FOOD,2026-08,34440.0
42000,GROUND_TRANSPORT,2025-07,2810.0
42000,GROUND_TRANSPORT,2025-08,2810.0
42000,GROUND_TRANSPORT,2025-09,2810.0
42000,GROUND_TRANSPORT,2025-10,2810.0
42000,GROUND_TRANSPORT,2025-11,2810.0
42000,GROUND_TRANSPORT,2025-12,2810.0
42000,GROUND_TRANSPORT,2026-01,2810.0
42000,GROUND_TRANSPORT,2026-02,2810.0
42000,GROUND_TRANSPORT,2026-03,2810.0
42000,GROUND_TRANSPORT,2026-04,2810.0
42000,GROUND_TRANSPORT,2026-05,2810.0
42000,GROUND_TRANSPORT,2026-06,2810.0
42000,GROUND_TRANSPORT,2026-07,2810.0
42000,GROUND_TRANSPORT,2026-08,2810.0
42000,IT_TELECOM,2025-07,5140.0
42000,IT_TELECOM,2025-08,5140.0
42000,IT_TELECOM,2025-09,5140.0
42000,IT_TELECOM,2025-10,5140.0
42000,IT_TELECOM,2025-11,5140.0
42000,IT_TELECOM,2025-12,5140.0
42000,IT_TELECOM,2026-01,5140.0
42000,IT_TELECOM,2026-02,5140.0
42000,IT_TELECOM,2026-03,5140.0
42000,IT_TELECOM,2026-04,5140.0
42000,IT_TELECOM,2026-05,5140.0
42000,IT_TELECOM,2026-06,5140.0
42000,IT_TELECOM,2026-07,5140.0
42000,IT_TELECOM,2026-08,5140.0
42000,LODGING,2025-07,43410.0
42000,LODGING,2025-08,43410.0
42000,LODGING,2025-09,43410.0
42000,LODGING,2025-10,43410.0
42000,LODGING,2025-11,43410.0
42000,LODGING,2025-12,43410.0
42000,LODGING,2026-01,43410.0
42000,LODGING,2026-02,43410.0
42000,LODGING,2026-03,43410.0
42000,LODGING,2026-04,43410.0
42000,LODGING,2026-05,43410.0
42000,LODGING,2026-06,43410.0
42000,LODGING,2026-07,43410.0
42000,LODGING,2026-08,43410.0
42000,MEDICAL_LAB,2025-07,890.0
42000,MEDICAL_LAB,2025-08,890.0
42000,MEDICAL_LAB,2025-09,890.0
42000,MEDICAL_LAB,2025-10,890.0
42000,MEDICAL_LAB,2025-11,890.0
42000,MEDICAL_LAB,2025-12,890.0
42000,MEDICAL_LAB,2026-01,890.0
42000,MEDICAL_LAB,2026-02,890.0
42000,MEDICAL_LAB,2026-03,890.0
42000,MEDICAL_LAB,2026-04,890.0
42000,MEDICAL_LAB,2026-05,890.0
42000,MEDICAL_LAB,2026-06,890.0
42000,MEDICAL_LAB,2026-07,890.0
42000,MEDICAL_LAB,2026-08,890.0
42000,OFFICE_PRINT,2025-07,1420.0
42000,OFFICE_PRINT,2025-08,1420.0
42000,OFFICE_PRINT,2025-09,1420.0
42000,OFFICE_PRINT,2025-10,1420.0
42000,OFFICE_PRINT,2025-11,1420.0
42000,OFFICE_PRINT,2025-12,1420.0
42000,OFFICE_PRINT,2026-01,1420.0
42000,OFFICE_PRINT,2026-02,1420.0
42000,OFFICE_PRINT,2026-03,1420.0
42000,OFFICE_PRINT,2026-04,1420.0
42000,OFFICE_PRINT,2026-05,1420.0
42000,OFFICE_PRINT,2026-06,1420.0
42000,OFFICE_PRINT,2026-07,1420.0
42000,OFFICE_PRINT,2026-08,1420.0
42000,PROF_SERVICES,2025-07,3690.0
42000,PROF_SERVICES,2025-08,3690.0
42000,PROF_SERVICES,2025-09,3690.0
42000,PROF_SERVICES,2025-10,3690.0
42000,PROF_SERVICES,2025-11,3690.0
42000,PROF_SERVICES,2025-12,3690.0
42000,PROF_SERVICES,2026-01,3690.0
42000,PROF_SERVICES,2026-02,3690.0
42000,PROF_SERVICES,2026-03,3690.0
42000,PROF_SERVICES,2026-04,3690.0
42000,PROF_SERVICES,2026-05,3690.0
42000,PROF_SERVICES,2026-06,3690.0
42000,PROF_SERVICES,2026-07,3690.0
42000,PROF_SERVICES,2026-08,3690.0
42000,RETAIL_GENERAL,2025-07,11320.0
42000,RETAIL_GENERAL,2025-08,11320.0
42000,RETAIL_GENERAL,2025-09,11320.0
42000,RETAIL_GENERAL,2025-10,11320.0
42000,RETAIL_GENERAL,2025-11,11320.0
42000,RETAIL_GENERAL,2025-12,11320.0
42000,RETAIL_GENERAL,2026-01,11320.0
42000,RETAIL_GENERAL,2026-02,11320.0
42000,RETAIL_GENERAL,2026-03,11320.0
42000,RETAIL_GENERAL,2026-04,11320.0
42000,RETAIL_GENERAL,2026-05,11320.0
42000,RETAIL_GENERAL,2026-06,11320.0
42000,RETAIL_GENERAL,2026-07,11320.0
42000,RETAIL_GENERAL,2026-08,11320.0
42000,VEHICLE_FUEL,2025-07,630.0
42000,VEHICLE_FUEL,2025-08,630.0
42000,VEHICLE_FUEL,2025-09,630.0
42000,VEHICLE_FUEL,2025-10,630.0
42000,VEHICLE_FUEL,2025-11,630.0
42000,VEHICLE_FUEL,2025-12,630.0
42000,VEHICLE_FUEL,2026-01,630.0
42000,VEHICLE_FUEL,2026-02,630.0
42000,VEHICLE_FUEL,2026-03,630.0
42000,VEHICLE_FUEL,2026-04,630.0
42000,VEHICLE_FUEL,2026-05,630.0
42000,VEHICLE_FUEL,2026-06,630.0
42000,VEHICLE_FUEL,2026-07,630.0
42000,VEHICLE_FUEL,2026-08,630.0
42200,IT_TELECOM,2025-07,1090.0
42200,IT_TELECOM,2025-08,1090.0
42200,IT_TELECOM,2025-09,1090.0
42200,IT_TELECOM,2025-10,1090.0
42200,IT_TELECOM,2025-11,1090.0
42200,IT_TELECOM,2025-12,1090.0
42200,IT_TELECOM,2026-01,1090.0
42200,IT_TELECOM,2026-02,1090.0
42200,IT_TELECOM,2026-03,1090.0
42200,IT_TELECOM,2026-04,1090.0
42200,IT_TELECOM,2026-05,1090.0
42200,IT_TELECOM,2026-06,1090.0
42200,IT_TELECOM,2026-07,1090.0
42200,IT_TELECOM,2026-08,1090.0
42200,OFFICE_PRINT,2025-07,30.0
42200,OFFICE_PRINT,2025-08,30.0
42200,OFFICE_PRINT,2025-09,30.0
42200,OFFICE_PRINT,2025-10,30.0
42200,OFFICE_PRINT,2025-11,30.0
42200,OFFICE_PRINT,2025-12,30.0
42200,OFFICE_PRINT,2026-01,30.0
42200,OFFICE_PRINT,2026-02,30.0
42200,OFFICE_PRINT,2026-03,30.0
42200,OFFICE_PRINT,2026-04,30.0
42200,OFFICE_PRINT,2026-05,30.0
42200,OFFICE_PRINT,2026-06,30.0
42200,OFFICE_PRINT,2026-07,30.0
42200,OFFICE_PRINT,2026-08,30.0
42200,PROF_SERVICES,2025-07,50.0
42200,PROF_SERVICES,2025-08,50.0
42200,PROF_SERVICES,2025-09,50.0
42200,PROF_SERVICES,2025-10,50.0
42200,PROF_SERVICES,2025-11,50.0
42200,PROF_SERVICES,2025-12,50.0
42200,PROF_SERVICES,2026-01,50.0
42200,PROF_SERVICES,2026-02,50.0
42200,PROF_SERVICES,2026-03,50.0
42200,PROF_SERVICES,2026-04,50.0
42200,PROF_SERVICES,2026-05,50.0
42200,PROF_SERVICES,2026-06,50.0
42200,PROF_SERVICES,2026-07,50.0
42200,PROF_SERVICES,2026-08,50.0
42200,RETAIL_GENERAL,2025-07,1220.0
42200,RETAIL_GENERAL,2025-08,1220.0
42200,RETAIL_GENERAL,2025-09,1220.0
42200,RETAIL_GENERAL,2025-10,1220.0
42200,RETAIL_GENERAL,2025-11,1220.0
42200,RETAIL_GENERAL,2025-12,1220.0
42200,RETAIL_GENERAL,2026-01,1220.0
42200,RETAIL_GENERAL,2026-02,1220.0
42200,RETAIL_GENERAL,2026-03,1220.0
42200,RETAIL_GENERAL,2026-04,1220.0
42200,RETAIL_GENERAL,2026-05,1220.0
42200,RETAIL_GENERAL,2026-06,1220.0
42200,RETAIL_GENERAL,2026-07,1220.0
42200,RETAIL_GENERAL,2026-08,1220.0
43000,AIR_TRAVEL,2025-07,1080.0
43000,AIR_TRAVEL,2025-08,1080.0
43000,AIR_TRAVEL,2025-09,1080.0
43000,AIR_TRAVEL,2025-10,1080.0
43000,AIR_TRAVEL,2025-11,1080.0
43000,AIR_TRAVEL,2025-12,1080.0
43000,AIR_TRAVEL,2026-01,1080.0
43000,AIR_TRAVEL,2026-02,1080.0
43000,AIR_TRAVEL,2026-03,1080.0
43000,AIR_TRAVEL,2026-04,1080.0
43000,AIR_TRAVEL,2026-05,1080.0
43000,AIR_TRAVEL,2026-06,1080.0
43000,AIR_TRAVEL,2026-07,1080.0
43000,AIR_TRAVEL,2026-08,1080.0
43000,FEES_EDU_EVENTS,2025-07,2040.0
43000,FEES_EDU_EVENTS,2025-08,2040.0
43000,FEES_EDU_EVENTS,2025-09,2040.0
43000,FEES_EDU_EVENTS,2025-10,2040.0
43000,FEES_EDU_EVENTS,2025-11,2040.0
43000,FEES_EDU_EVENTS,2025-12,2040.0
43000,FEES_EDU_EVENTS,2026-01,2040.0
43000,FEES_EDU_EVENTS,2026-02,2040.0
43000,FEES_EDU_EVENTS,2026-03,2040.0
43000,FEES_EDU_EVENTS,2026-04,2040.0
43000,FEES_EDU_EVENTS,2026-05,2040.0
43000,FEES_EDU_EVENTS,2026-06,2040.0
43000,FEES_EDU_EVENTS,2026-07,2040.0
43000,FEES_EDU_EVENTS,2026-08,2040.0
43000,IT_TELECOM,2025-07,1060.0
43000,IT_TELECOM,2025-08,1060.0
43000,IT_TELECOM,2025-09,1060.0
43000,IT_TELECOM,2025-10,1060.0
43000,IT_TELECOM,2025-11,1060.0
43000,IT_TELECOM,2025-12,1060.0
43000,IT_TELECOM,2026-01,1060.0
43000,IT_TELECOM,2026-02,1060.0
43000,IT_TELECOM,2026-03,1060.0
43000,IT_TELECOM,2026-04,1060.0
43000,IT_TELECOM,2026-05,1060.0
43000,IT_TELECOM,2026-06,1060.0
43000,IT_TELECOM,2026-07,1060.0
43000,IT_TELECOM,2026-08,1060.0
43000,LODGING,2025-07,1270.0
43000,LODGING,2025-08,1270.0
43000,LODGING,2025-09,1270.0
43000,LODGING,2025-10,1270.0
43000,LODGING,2025-11,1270.0
43000,LODGING,2025-12,1270.0
43000,LODGING,2026-01,1270.0
43000,LODGING,2026-02,1270.0
43000,LODGING,2026-03,1270.0
43000,LODGING,2026-04,1270.0
43000,LODGING,2026-05,1270.0
43000,LODGING,2026-06,1270.0
43000,LODGING,2026-07,1270.0
43000,LODGING,2026-08,1270.0
43000,OFFICE_PRINT,2025-07,440.0
43000,OFFICE_PRINT,2025-08,440.0
43000,OFFICE_PRINT,2025-09,440.0
43000,OFFICE_PRINT,2025-10,440.0
43000,OFFICE_PRINT,2025-11,440.0
43000,OFFICE_PRINT,2025-12,440.0
43000,OFFICE_PRINT,2026-01,440.0
43000,OFFICE_PRINT,2026-02,440.0
43000,OFFICE_PRINT,2026-03,440.0
43000,OFFICE_PRINT,2026-04,440.0
43000,OFFICE_PRINT,2026-05,440.0
43000,OFFICE_PRINT,2026-06,440.0
43000,OFFICE_PRINT,2026-07,440.0
43000,OFFICE_PRINT,2026-08,440.0
43000,PROF_SERVICES,2025-07,1960.0
43000,PROF_SERVICES,2025-08,1960.0
43000,PROF_SERVICES,2025-09,1960.0
43000,PROF_SERVICES,2025-10,1960.0
43000,PROF_SERVICES,2025-11,1960.0
43000,PROF_SERVICES,2025-12,1960.0
43000,PROF_SERVICES,2026-01,1960.0
43000,PROF_SERVICES,2026-02,1960.0
43000,PROF_SERVICES,2026-03,1960.0
43000,PROF_SERVICES,2026-04,1960.0
43000,PROF_SERVICES,2026-05,1960.0
43000,PROF_SERVICES,2026-06,1960.0
43000,PROF_SERVICES,2026-07,1960.0
43000,PROF_SERVICES,2026-08,1960.0
43000,RETAIL_GENERAL,2025-07,520.0
43000,RETAIL_GENERAL,2025-08,520.0
43000,RETAIL_GENERAL,2025-09,520.0
43000,RETAIL_GENERAL,2025-10,520.0
43000,RETAIL_GENERAL,2025-11,520.0
43000,RETAIL_GENERAL,2025-12,520.0
43000,RETAIL_GENERAL,2026-01,520.0
43000,RETAIL_GENERAL,2026-02,520.0
43000,RETAIL_GENERAL,2026-03,520.0
43000,RETAIL_GENERAL,2026-04,520.0
43000,RETAIL_GENERAL,2026-05,520.0
43000,RETAIL_GENERAL,2026-06,520.0
43000,RETAIL_GENERAL,2026-07,520.0
43000,RETAIL_GENERAL,2026-08,520.0
43500,FACILITIES_MRO,2025-07,2600.0
43500,FACILITIES_MRO,2025-08,2600.0
43500,FACILITIES_MRO,2025-09,2600.0
43500,FACILITIES_MRO,2025-10,2600.0
43500,FACILITIES_MRO,2025-11,2600.0
43500,FACILITIES_MRO,2025-12,2600.0
43500,FACILITIES_MRO,2026-01,2600.0
43500,FACILITIES_MRO,2026-02,2600.0
43500,FACILITIES_MRO,2026-03,2600.0
43500,FACILITIES_MRO,2026-04,2600.0
43500,FACILITIES_MRO,2026-05,2600.0
43500,FACILITIES_MRO,2026-06,2600.0
43500,FACILITIES_MRO,2026-07,2600.0
43500,FACILITIES_MRO,2026-08,2600.0
43500,FEES_EDU_EVENTS,2025-07,420.0
43500,FEES_EDU_EVENTS,2025-08,420.0
43500,FEES_EDU_EVENTS,2025-09,420.0
43500,FEES_EDU_EVENTS,2025-10,420.0
43500,FEES_EDU_EVENTS,2025-11,420.0
43500,FEES_EDU_EVENTS,2025-12,420.0
43500,FEES_EDU_EVENTS,2026-01,420.0
43500,FEES_EDU_EVENTS,2026-02,420.0
43500,FEES_EDU_EVENTS,2026-03,420.0
43500,FEES_EDU_EVENTS,2026-04,420.0
43500,FEES_EDU_EVENTS,2026-05,420.0
43500,FEES_EDU_EVENTS,2026-06,420.0
43500,FEES_EDU_EVENTS,2026-07,420.0
43500,FEES_EDU_EVENTS,2026-08,420.0
43500,FOOD,2025-07,370.0
43500,FOOD,2025-08,370.0
43500,FOOD,2025-09,370.0
43500,FOOD,2025-10,370.0
43500,FOOD,2025-11,370.0
43500,FOOD,2025-12,370.0
43500,FOOD,2026-01,370.0
43500,FOOD,2026-02,370.0
43500,FOOD,2026-03,370.0
43500,FOOD,2026-04,370.0
43500,FOOD,2026-05,370.0
43500,FOOD,2026-06,370.0
43500,FOOD,2026-07,370.0
43500,FOOD,2026-08,370.0
43500,IT_TELECOM,2025-07,4650.0
43500,IT_TELECOM,2025-08,4650.0
43500,IT_TELECOM,2025-09,4650.0
43500,IT_TELECOM,2025-10,4650.0
43500,IT_TELECOM,2025-11,4650.0
43500,IT_TELECOM,2025-12,4650.0
43500,IT_TELECOM,2026-01,4650.0
43500,IT_TELECOM,2026-02,4650.0
43500,IT_TELECOM,2026-03,4650.0
43500,IT_TELECOM,2026-04,4650.0
43500,IT_TELECOM,2026-05,4650.0
43500,IT_TELECOM,2026-06,4650.0
43500,IT_TELECOM,2026-07,4650.0
43500,IT_TELECOM,2026-08,4650.0
43500,OFFICE_PRINT,2025-07,880.0
43500,OFFICE_PRINT,2025-08,880.0
43500,OFFICE_PRINT,2025-09,880.0
43500,OFFICE_PRINT,2025-10,880.0
43500,OFFICE_PRINT,2025-11,880.0
43500,OFFICE_PRINT,2025-12,880.0
43500,OFFICE_PRINT,2026-01,880.0
43500,OFFICE_PRINT,2026-02,880.0
43500,OFFICE_PRINT,2026-03,880.0
43500,OFFICE_PRINT,2026-04,880.0
43500,OFFICE_PRINT,2026-05,880.0
43500,OFFICE_PRINT,2026-06,880.0
43500,OFFICE_PRINT,2026-07,880.0
43500,OFFICE_PRINT,2026-08,880.0
43500,PROF_SERVICES,2025-07,2520.0
43500,PROF_SERVICES,2025-08,2520.0
43500,PROF_SERVICES,2025-09,2520.0
43500,PROF_SERVICES,2025-10,2520.0
43500,PROF_SERVICES,2025-11,2520.0
43500,PROF_SERVICES,2025-12,2520.0
43500,PROF_SERVICES,2026-01,2520.0
43500,PROF_SERVICES,2026-02,2520.0
43500,PROF_SERVICES,2026-03,2520.0
43500,PROF_SERVICES,2026-04,2520.0
43500,PROF_SERVICES,2026-05,2520.0
43500,PROF_SERVICES,2026-06,2520.0
43500,PROF_SERVICES,2026-07,2520.0
43500,PROF_SERVICES,2026-08,2520.0
43500,RETAIL_GENERAL,2025-07,4330.0
43500,RETAIL_GENERAL,2025-08,4330.0
43500,RETAIL_GENERAL,2025-09,4330.0
43500,RETAIL_GENERAL,2025-10,4330.0
43500,RETAIL_GENERAL,2025-11,4330.0
43500,RETAIL_GENERAL,2025-12,4330.0
43500,RETAIL_GENERAL,2026-01,4330.0
43500,RETAIL_GENERAL,2026-02,4330.0
43500,RETAIL_GENERAL,2026-03,4330.0
43500,RETAIL_GENERAL,2026-04,4330.0
43500,RETAIL_GENERAL,2026-05,4330.0
43500,RETAIL_GENERAL,2026-06,4330.0
43500,RETAIL_GENERAL,2026-07,4330.0
43500,RETAIL_GENERAL,2026-08,4330.0
44000,IT_TELECOM,2025-07,100.0
44000,IT_TELECOM,2025-08,100.0
44000,IT_TELECOM,2025-09,100.0
44000,IT_TELECOM,2025-10,100.0
44000,IT_TELECOM,2025-11,100.0
44000,IT_TELECOM,2025-12,100.0
44000,IT_TELECOM,2026-01,100.0
44000,IT_TELECOM,2026-02,100.0
44000,IT_TELECOM,2026-03,100.0
44000,IT_TELECOM,2026-04,100.0
44000,IT_TELECOM,2026-05,100.0
44000,IT_TELECOM,2026-06,100.0
44000,IT_TELECOM,2026-07,100.0
44000,IT_TELECOM,2026-08,100.0
44000,PROF_SERVICES,2025-07,30.0
44000,PROF_SERVICES,2025-08,30.0
44000,PROF_SERVICES,2025-09,30.0
44000,PROF_SERVICES,2025-10,30.0
44000,PROF_SERVICES,2025-11,30.0
44000,PROF_SERVICES,2025-12,30.0
44000,PROF_SERVICES,2026-01,30.0
44000,PROF_SERVICES,2026-02,30.0
44000,PROF_SERVICES,2026-03,30.0
44000,PROF_SERVICES,2026-04,30.0
44000,PROF_SERVICES,2026-05,30.0
44000,PROF_SERVICES,2026-06,30.0
44000,PROF_SERVICES,2026-07,30.0
44000,PROF_SERVICES,2026-08,30.0
44500,LODGING,2025-07,1340.0
44500,LODGING,2025-08,1340.0
44500,LODGING,2025-09,1340.0
44500,LODGING,2025-10,1340.0
44500,LODGING,2025-11,1340.0
44500,LODGING,2025-12,1340.0
44500,LODGING,2026-01,1340.0
44500,LODGING,2026-02,1340.0
44500,LODGING,2026-03,1340.0
44500,LODGING,2026-04,1340.0
44500,LODGING,2026-05,1340.0
44500,LODGING,2026-06,1340.0
44500,LODGING,2026-07,1340.0
44500,LODGING,2026-08,1340.0
44500,RETAIL_GENERAL,2025-07,450.0
44500,RETAIL_GENERAL,2025-08,450.0
44500,RETAIL_GENERAL,2025-09,450.0
44500,RETAIL_GENERAL,2025-10,450.0
44500,RETAIL_GENERAL,2025-11,450.0
44500,RETAIL_GENERAL,2025-12,450.0
44500,RETAIL_GENERAL,2026-01,450.0
44500,RETAIL_GENERAL,2026-02,450.0
44500,RETAIL_GENERAL,2026-03,450.0
44500,RETAIL_GENERAL,2026-04,450.0
44500,RETAIL_GENERAL,2026-05,450.0
44500,RETAIL_GENERAL,2026-06,450.0
44500,RETAIL_GENERAL,2026-07,450.0
44500,RETAIL_GENERAL,2026-08,450.0
45000,FACILITIES_MRO,2025-07,3510.0
45000,FACILITIES_MRO,2025-08,3510.0
45000,FACILITIES_MRO,2025-09,3510.0
45000,FACILITIES_MRO,2025-10,3510.0
45000,FACILITIES_MRO,2025-11,3510.0
45000,FACILITIES_MRO,2025-12,3510.0
45000,FACILITIES_MRO,2026-01,3510.0
45000,FACILITIES_MRO,2026-02,3510.0
45000,FACILITIES_MRO,2026-03,3510.0
45000,FACILITIES_MRO,2026-04,3510.0
45000,FACILITIES_MRO,2026-05,3510.0
45000,FACILITIES_MRO,2026-06,3510.0
45000,FACILITIES_MRO,2026-07,3510.0
45000,FACILITIES_MRO,2026-08,3510.0
45000,FEES_EDU_EVENTS,2025-07,2490.0
45000,FEES_EDU_EVENTS,2025-08,2490.0
45000,FEES_EDU_EVENTS,2025-09,2490.0
45000,FEES_EDU_EVENTS,2025-10,2490.0
45000,FEES_EDU_EVENTS,2025-11,2490.0
45000,FEES_EDU_EVENTS,2025-12,2490.0
45000,FEES_EDU_EVENTS,2026-01,2490.0
45000,FEES_EDU_EVENTS,2026-02,2490.0
45000,FEES_EDU_EVENTS,2026-03,2490.0
45000,FEES_EDU_EVENTS,2026-04,2490.0
45000,FEES_EDU_EVENTS,2026-05,2490.0
45000,FEES_EDU_EVENTS,2026-06,2490.0
45000,FEES_EDU_EVENTS,2026-07,2490.0
45000,FEES_EDU_EVENTS,2026-08,2490.0
45000,FOOD,2025-07,470.0
45000,FOOD,2025-08,470.0
45000,FOOD,2025-09,470.0
45000,FOOD,2025-10,470.0
45000,FOOD,2025-11,470.0
45000,FOOD,2025-12,470.0
45000,FOOD,2026-01,470.0
45000,FOOD,2026-02,470.0
45000,FOOD,2026-03,470.0
45000,FOOD,2026-04,470.0
45000,FOOD,2026-05,470.0
45000,FOOD,2026-06,470.0
45000,FOOD,2026-07,470.0
45000,FOOD,2026-08,470.0
45000,IT_TELECOM,2025-07,10250.0
45000,IT_TELECOM,2025-08,10250.0
45000,IT_TELECOM,2025-09,10250.0
45000,IT_TELECOM,2025-10,10250.0
45000,IT_TELECOM,2025-11,10250.0
45000,IT_TELECOM,2025-12,10250.0
45000,IT_TELECOM,2026-01,10250.0
45000,IT_TELECOM,2026-02,10250.0
45000,IT_TELECOM,2026-03,10250.0
45000,IT_TELECOM,2026-04,10250.0
45000,IT_TELECOM,2026-05,10250.0
45000,IT_TELECOM,2026-06,10250.0
45000,IT_TELECOM,2026-07,10250.0
45000,IT_TELECOM,2026-08,10250.0
45000,OFFICE_PRINT,2025-07,1230.0
45000,OFFICE_PRINT,2025-08,1230.0
45000,OFFICE_PRINT,2025-09,1230.0
45000,OFFICE_PRINT,2025-10,1230.0
45000,OFFICE_PRINT,2025-11,1230.0
45000,OFFICE_PRINT,2025-12,1230.0
45000,OFFICE_PRINT,2026-01,1230.0
45000,OFFICE_PRINT,2026-02,1230.0
45000,OFFICE_PRINT,2026-03,1230.0
45000,OFFICE_PRINT,2026-04,1230.0
45000,OFFICE_PRINT,2026-05,1230.0
45000,OFFICE_PRINT,2026-06,1230.0
45000,OFFICE_PRINT,2026-07,1230.0
45000,OFFICE_PRINT,2026-08,1230.0
45000,PROF_SERVICES,2025-07,330.0
45000,PROF_SERVICES,2025-08,330.0
45000,PROF_SERVICES,2025-09,330.0
45000,PROF_SERVICES,2025-10,330.0
45000,PROF_SERVICES,2025-11,330.0
45000,PROF_SERVICES,2025-12,330.0
45000,PROF_SERVICES,2026-01,330.0
45000,PROF_SERVICES,2026-02,330.0
45000,PROF_SERVICES,2026-03,330.0
45000,PROF_SERVICES,2026-04,330.0
45000,PROF_SERVICES,2026-05,330.0
45000,PROF_SERVICES,2026-06,330.0
45000,PROF_SERVICES,2026-07,330.0
45000,PROF_SERVICES,2026-08,330.0
45000,RETAIL_GENERAL,2025-07,420.0
45000,RETAIL_GENERAL,2025-08,420.0
45000,RETAIL_GENERAL,2025-09,420.0
45000,RETAIL_GENERAL,2025-10,420.0
45000,RETAIL_GENERAL,2025-11,420.0
45000,RETAIL_GENERAL,2025-12,420.0
45000,RETAIL_GENERAL,2026-01,420.0
45000,RETAIL_GENERAL,2026-02,420.0
45000,RETAIL_GENERAL,2026-03,420.0
45000,RETAIL_GENERAL,2026-04,420.0
45000,RETAIL_GENERAL,2026-05,420.0
45000,RETAIL_GENERAL,2026-06,420.0
45000,RETAIL_GENERAL,2026-07,420.0
45000,RETAIL_GENERAL,2026-08,420.0
45200,AGRI_ANIMAL,2025-07,900.0
45200,AGRI_ANIMAL,2025-08,900.0
45200,AGRI_ANIMAL,2025-09,900.0
45200,AGRI_ANIMAL,2025-10,900.0
45200,AGRI_ANIMAL,2025-11,900.0
45200,AGRI_ANIMAL,2025-12,900.0
45200,AGRI_ANIMAL,2026-01,900.0
45200,AGRI_ANIMAL,2026-02,900.0
45200,AGRI_ANIMAL,2026-03,900.0
45200,AGRI_ANIMAL,2026-04,900.0
45200,AGRI_ANIMAL,2026-05,900.0
45200,AGRI_ANIMAL,2026-06,900.0
45200,AGRI_ANIMAL,2026-07,900.0
45200,AGRI_ANIMAL,2026-08,900.0
45200,APPAREL_SPORTS,2025-07,1380.0
45200,APPAREL_SPORTS,2025-08,1380.0
45200,APPAREL_SPORTS,2025-09,1380.0
45200,APPAREL_SPORTS,2025-10,1380.0
45200,APPAREL_SPORTS,2025-11,1380.0
45200,APPAREL_SPORTS,2025-12,1380.0
45200,APPAREL_SPORTS,2026-01,1380.0
45200,APPAREL_SPORTS,2026-02,1380.0
45200,APPAREL_SPORTS,2026-03,1380.0
45200,APPAREL_SPORTS,2026-04,1380.0
45200,APPAREL_SPORTS,2026-05,1380.0
45200,APPAREL_SPORTS,2026-06,1380.0
45200,APPAREL_SPORTS,2026-07,1380.0
45200,APPAREL_SPORTS,2026-08,1380.0
45200,FACILITIES_MRO,2025-07,76100.0
45200,FACILITIES_MRO,2025-08,76100.0
45200,FACILITIES_MRO,2025-09,76100.0
45200,FACILITIES_MRO,2025-10,76100.0
45200,FACILITIES_MRO,2025-11,76100.0
45200,FACILITIES_MRO,2025-12,76100.0
45200,FACILITIES_MRO,2026-01,76100.0
45200,FACILITIES_MRO,2026-02,76100.0
45200,FACILITIES_MRO,2026-03,76100.0
45200,FACILITIES_MRO,2026-04,76100.0
45200,FACILITIES_MRO,2026-05,76100.0
45200,FACILITIES_MRO,2026-06,76100.0
45200,FACILITIES_MRO,2026-07,76100.0
45200,FACILITIES_MRO,2026-08,76100.0
45200,FEES_EDU_EVENTS,2025-07,13520.0
45200,FEES_EDU_EVENTS,2025-08,13520.0
45200,FEES_EDU_EVENTS,2025-09,13520.0
45200,FEES_EDU_EVENTS,2025-10,13520.0
45200,FEES_EDU_EVENTS,2025-11,13520.0
45200,FEES_EDU_EVENTS,2025-12,13520.0
45200,FEES_EDU_EVENTS,2026-01,13520.0
45200,FEES_EDU_EVENTS,2026-02,13520.0
45200,FEES_EDU_EVENTS,2026-03,13520.0
45200,FEES_EDU_EVENTS,2026-04,13520.0
45200,FEES_EDU_EVENTS,2026-05,13520.0
45200,FEES_EDU_EVENTS,2026-06,13520.0
45200,FEES_EDU_EVENTS,2026-07,13520.0
45200,FEES_EDU_EVENTS,2026-08,13520.0
45200,FOOD,2025-07,1150.0
45200,FOOD,2025-08,1150.0
45200,FOOD,2025-09,1150.0
45200,FOOD,2025-10,1150.0
45200,FOOD,2025-11,1150.0
45200,FOOD,2025-12,1150.0
45200,FOOD,2026-01,1150.0
45200,FOOD,2026-02,1150.0
45200,FOOD,2026-03,1150.0
45200,FOOD,2026-04,1150.0
45200,FOOD,2026-05,1150.0
45200,FOOD,2026-06,1150.0
45200,FOOD,2026-07,1150.0
45200,FOOD,2026-08,1150.0
45200,GROUND_TRANSPORT,2025-07,600.0
45200,GROUND_TRANSPORT,2025-08,600.0
45200,GROUND_TRANSPORT,2025-09,600.0
45200,GROUND_TRANSPORT,2025-10,600.0
45200,GROUND_TRANSPORT,2025-11,600.0
45200,GROUND_TRANSPORT,2025-12,600.0
45200,GROUND_TRANSPORT,2026-01,600.0
45200,GROUND_TRANSPORT,2026-02,600.0
45200,GROUND_TRANSPORT,2026-03,600.0
45200,GROUND_TRANSPORT,2026-04,600.0
45200,GROUND_TRANSPORT,2026-05,600.0
45200,GROUND_TRANSPORT,2026-06,600.0
45200,GROUND_TRANSPORT,2026-07,600.0
45200,GROUND_TRANSPORT,2026-08,600.0
45200,IT_TELECOM,2025-07,62050.0
45200,IT_TELECOM,2025-08,62050.0
45200,IT_TELECOM,2025-09,62050.0
45200,IT_TELECOM,2025-10,62050.0
45200,IT_TELECOM,2025-11,62050.0
45200,IT_TELECOM,2025-12,62050.0
45200,IT_TELECOM,2026-01,62050.0
45200,IT_TELECOM,2026-02,62050.0
45200,IT_TELECOM,2026-03,62050.0
45200,IT_TELECOM,2026-04,62050.0
45200,IT_TELECOM,2026-05,62050.0
45200,IT_TELECOM,2026-06,62050.0
45200,IT_TELECOM,2026-07,62050.0
45200,IT_TELECOM,2026-08,62050.0
45200,LODGING,2025-07,4160.0
45200,LODGING,2025-08,4160.0
45200,LODGING,2025-09,4160.0
45200,LODGING,2025-10,4160.0
45200,LODGING,2025-11,4160.0
45200,LODGING,2025-12,4160.0
45200,LODGING,2026-01,4160.0
45200,LODGING,2026-02,4160.0
45200,LODGING,2026-03,4160.0
45200,LODGING,2026-04,4160.0
45200,LODGING,2026-05,4160.0
45200,LODGING,2026-06,4160.0
45200,LODGING,2026-07,4160.0
45200,LODGING,2026-08,4160.0
45200,MEDICAL_LAB,2025-07,25620.0
45200,MEDICAL_LAB,2025-08,25620.0
45200,MEDICAL_LAB,2025-09,25620.0
45200,MEDICAL_LAB,2025-10,25620.0
45200,MEDICAL_LAB,2025-11,25620.0
45200,MEDICAL_LAB,2025-12,25620.0
45200,MEDICAL_LAB,2026-01,25620.0
45200,MEDICAL_LAB,2026-02,25620.0
45200,MEDICAL_LAB,2026-03,25620.0
45200,MEDICAL_LAB,2026-04,25620.0
45200,MEDICAL_LAB,2026-05,25620.0
45200,MEDICAL_LAB,2026-06,25620.0
45200,MEDICAL_LAB,2026-07,25620.0
45200,MEDICAL_LAB,2026-08,25620.0
45200,OFFICE_PRINT,2025-07,12340.0
45200,OFFICE_PRINT,2025-08,12340.0
45200,OFFICE_PRINT,2025-09,12340.0
45200,OFFICE_PRINT,2025-10,12340.0
45200,OFFICE_PRINT,2025-11,12340.0
45200,OFFICE_PRINT,2025-12,12340.0
45200,OFFICE_PRINT,2026-01,12340.0
45200,OFFICE_PRINT,2026-02,12340.0
45200,OFFICE_PRINT,2026-03,12340.0
45200,OFFICE_PRINT,2026-04,12340.0
45200,OFFICE_PRINT,2026-05,12340.0
45200,OFFICE_PRINT,2026-06,12340.0
45200,OFFICE_PRINT,2026-07,12340.0
45200,OFFICE_PRINT,2026-08,12340.0
45200,OTHER,2025-07,40.0
45200,OTHER,2025-08,40.0
45200,OTHER,2025-09,40.0
45200,OTHER,2025-10,40.0
45200,OTHER,2025-11,40.0
45200,OTHER,2025-12,40.0
45200,OTHER,2026-01,40.0
45200,OTHER,2026-02,40.0
45200,OTHER,2026-03,40.0
45200,OTHER,2026-04,40.0
45200,OTHER,2026-05,40.0
45200,OTHER,2026-06,40.0
45200,OTHER,2026-07,40.0
45200,OTHER,2026-08,40.0
45200,PROF_SERVICES,2025-07,14730.0
45200,PROF_SERVICES,2025-08,14730.0
45200,PROF_SERVICES,2025-09,14730.0
45200,PROF_SERVICES,2025-10,14730.0
45200,PROF_SERVICES,2025-11,14730.0
45200,PROF_SERVICES,2025-12,14730.0
45200,PROF_SERVICES,2026-01,14730.0
45200,PROF_SERVICES,2026-02,14730.0
45200,PROF_SERVICES,2026-03,14730.0
45200,PROF_SERVICES,2026-04,14730.0
45200,PROF_SERVICES,2026-05,14730.0
45200,PROF_SERVICES,2026-06,14730.0
45200,PROF_SERVICES,2026-07,14730.0
45200,PROF_SERVICES,2026-08,14730.0
45200,RETAIL_GENERAL,2025-07,78910.0
45200,RETAIL_GENERAL,2025-08,78910.0
45200,RETAIL_GENERAL,2025-09,78910.0
45200,RETAIL_GENERAL,2025-10,78910.0
45200,RETAIL_GENERAL,2025-11,78910.0
45200,RETAIL_GENERAL,2025-12,78910.0
45200,RETAIL_GENERAL,2026-01,78910.0
45200,RETAIL_GENERAL,2026-02,78910.0
45200,RETAIL_GENERAL,2026-03,78910.0
45200,RETAIL_GENERAL,2026-04,78910.0
45200,RETAIL_GENERAL,2026-05,78910.0
45200,RETAIL_GENERAL,2026-06,78910.0
45200,RETAIL_GENERAL,2026-07,78910.0
45200,RETAIL_GENERAL,2026-08,78910.0
45200,UTILITIES,2025-07,7330.0
45200,UTILITIES,2025-08,7330.0
45200,UTILITIES,2025-09,7330.0
45200,UTILITIES,2025-10,7330.0
45200,UTILITIES,2025-11,7330.0
45200,UTILITIES,2025-12,7330.0
45200,UTILITIES,2026-01,7330.0
45200,UTILITIES,2026-02,7330.0
45200,UTILITIES,2026-03,7330.0
45200,UTILITIES,2026-04,7330.0
45200,UTILITIES,2026-05,7330.0
45200,UTILITIES,2026-06,7330.0
45200,UTILITIES,2026-07,7330.0
45200,UTILITIES,2026-08,7330.0
45200,VEHICLE_FUEL,2025-07,1320.0
45200,VEHICLE_FUEL,2025-08,1320.0
45200,VEHICLE_FUEL,2025-09,1320.0
45200,VEHICLE_FUEL,2025-10,1320.0
45200,VEHICLE_FUEL,2025-11,1320.0
45200,VEHICLE_FUEL,2025-12,1320.0
45200,VEHICLE_FUEL,2026-01,1320.0
45200,VEHICLE_FUEL,2026-02,1320.0
45200,VEHICLE_FUEL,2026-03,1320.0
45200,VEHICLE_FUEL,2026-04,1320.0
45200,VEHICLE_FUEL,2026-05,1320.0
45200,VEHICLE_FUEL,2026-06,1320.0
45200,VEHICLE_FUEL,2026-07,1320.0
45200,VEHICLE_FUEL,2026-08,1320.0
45500,FACILITIES_MRO,2025-07,9870.0
45500,FACILITIES_MRO,2025-08,9870.0
45500,FACILITIES_MRO,2025-09,9870.0
45500,FACILITIES_MRO,2025-10,9870.0
45500,FACILITIES_MRO,2025-11,9870.0
45500,FACILITIES_MRO,2025-12,9870.0
45500,FACILITIES_MRO,2026-01,9870.0
45500,FACILITIES_MRO,2026-02,9870.0
45500,FACILITIES_MRO,2026-03,9870.0
45500,FACILITIES_MRO,2026-04,9870.0
45500,FACILITIES_MRO,2026-05,9870.0
45500,FACILITIES_MRO,2026-06,9870.0
45500,FACILITIES_MRO,2026-07,9870.0
45500,FACILITIES_MRO,2026-08,9870.0
45500,FEES_EDU_EVENTS,2025-07,3270.0
45500,FEES_EDU_EVENTS,2025-08,3270.0
45500,FEES_EDU_EVENTS,2025-09,3270.0
45500,FEES_EDU_EVENTS,2025-10,3270.0
45500,FEES_EDU_EVENTS,2025-11,3270.0
45500,FEES_EDU_EVENTS,2025-12,3270.0
45500,FEES_EDU_EVENTS,2026-01,3270.0
45500,FEES_EDU_EVENTS,2026-02,3270.0
45500,FEES_EDU_EVENTS,2026-03,3270.0
45500,FEES_EDU_EVENTS,2026-04,3270.0
45500,FEES_EDU_EVENTS,2026-05,3270.0
45500,FEES_EDU_EVENTS,2026-06,3270.0
45500,FEES_EDU_EVENTS,2026-07,3270.0
45500,FEES_EDU_EVENTS,2026-08,3270.0
45500,IT_TELECOM,2025-07,3520.0
45500,IT_TELECOM,2025-08,3520.0
45500,IT_TELECOM,2025-09,3520.0
45500,IT_TELECOM,2025-10,3520.0
45500,IT_TELECOM,2025-11,3520.0
45500,IT_TELECOM,2025-12,3520.0
45500,IT_TELECOM,2026-01,3520.0
45500,IT_TELECOM,2026-02,3520.0
45500,IT_TELECOM,2026-03,3520.0
45500,IT_TELECOM,2026-04,3520.0
45500,IT_TELECOM,2026-05,3520.0
45500,IT_TELECOM,2026-06,3520.0
45500,IT_TELECOM,2026-07,3520.0
45500,IT_TELECOM,2026-08,3520.0
45500,LODGING,2025-07,1300.0
45500,LODGING,2025-08,1300.0
45500,LODGING,2025-09,1300.0
45500,LODGING,2025-10,1300.0
45500,LODGING,2025-11,1300.0
45500,LODGING,2025-12,1300.0
45500,LODGING,2026-01,1300.0
45500,LODGING,2026-02,1300.0
45500,LODGING,2026-03,1300.0
45500,LODGING,2026-04,1300.0
45500,LODGING,2026-05,1300.0
45500,LODGING,2026-06,1300.0
45500,LODGING,2026-07,1300.0
45500,LODGING,2026-08,1300.0
45500,MEDICAL_LAB,2025-07,870.0
45500,MEDICAL_LAB,2025-08,870.0
45500,MEDICAL_LAB,2025-09,870.0
45500,MEDICAL_LAB,2025-10,870.0
45500,MEDICAL_LAB,2025-11,870.0
45500,MEDICAL_LAB,2025-12,870.0
45500,MEDICAL_LAB,2026-01,870.0
45500,MEDICAL_LAB,2026-02,870.0
45500,MEDICAL_LAB,2026-03,870.0
45500,MEDICAL_LAB,2026-04,870.0
45500,MEDICAL_LAB,2026-05,870.0
45500,MEDICAL_LAB,2026-06,870.0
45500,MEDICAL_LAB,2026-07,870.0
45500,MEDICAL_LAB,2026-08,870.0
45500,OFFICE_PRINT,2025-07,2730.0
45500,OFFICE_PRINT,2025-08,2730.0
45500,OFFICE_PRINT,2025-09,2730.0
45500,OFFICE_PRINT,2025-10,2730.0
45500,OFFICE_PRINT,2025-11,2730.0
45500,OFFICE_PRINT,2025-12,2730.0
45500,OFFICE_PRINT,2026-01,2730.0
45500,OFFICE_PRINT,2026-02,2730.0
45500,OFFICE_PRINT,2026-03,2730.0
45500,OFFICE_PRINT,2026-04,2730.0
45500,OFFICE_PRINT,2026-05,2730.0
45500,OFFICE_PRINT,2026-06,2730.0
45500,OFFICE_PRINT,2026-07,2730.0
45500,OFFICE_PRINT,2026-08,2730.0
45500,PROF_SERVICES,2025-07,9340.0
45500,PROF_SERVICES,2025-08,9340.0
45500,PROF_SERVICES,2025-09,9340.0
45500,PROF_SERVICES,2025-10,9340.0
45500,PROF_SERVICES,2025-11,9340.0
45500,PROF_SERVICES,2025-12,9340.0
45500,PROF_SERVICES,2026-01,9340.0
45500,PROF_SERVICES,2026-02,9340.0
45500,PROF_SERVICES,2026-03,9340.0
45500,PROF_SERVICES,2026-04,9340.0
45500,PROF_SERVICES,2026-05,9340.0
45500,PROF_SERVICES,2026-06,9340.0
45500,PROF_SERVICES,2026-07,9340.0
45500,PROF_SERVICES,2026-08,9340.0
45500,RETAIL_GENERAL,2025-07,1420.0
45500,RETAIL_GENERAL,2025-08,1420.0
45500,RETAIL_GENERAL,2025-09,1420.0
45500,RETAIL_GENERAL,2025-10,1420.0
45500,RETAIL_GENERAL,2025-11,1420.0
45500,RETAIL_GENERAL,2025-12,1420.0
45500,RETAIL_GENERAL,2026-01,1420.0
45500,RETAIL_GENERAL,2026-02,1420.0
45500,RETAIL_GENERAL,2026-03,1420.0
45500,RETAIL_GENERAL,2026-04,1420.0
45500,RETAIL_GENERAL,2026-05,1420.0
45500,RETAIL_GENERAL,2026-06,1420.0
45500,RETAIL_GENERAL,2026-07,1420.0
45500,RETAIL_GENERAL,2026-08,1420.0
45500,UTILITIES,2025-07,1500.0
45500,UTILITIES,2025-08,1500.0
45500,UTILITIES,2025-09,1500.0
45500,UTILITIES,2025-10,1500.0
45500,UTILITIES,2025-11,1500.0
45500,UTILITIES,2025-12,1500.0
45500,UTILITIES,2026-01,1500.0
45500,UTILITIES,2026-02,1500.0
45500,UTILITIES,2026-03,1500.0
45500,UTILITIES,2026-04,1500.0
45500,UTILITIES,2026-05,1500.0
45500,UTILITIES,2026-06,1500.0
45500,UTILITIES,2026-07,1500.0
45500,UTILITIES,2026-08,1500.0
47700,AGRI_ANIMAL,2025-07,4550.0
47700,AGRI_ANIMAL,2025-08,4550.0
47700,AGRI_ANIMAL,2025-09,4550.0
47700,AGRI_ANIMAL,2025-10,4550.0
47700,AGRI_ANIMAL,2025-11,4550.0
47700,AGRI_ANIMAL,2025-12,4550.0
47700,AGRI_ANIMAL,2026-01,4550.0
47700,AGRI_ANIMAL,2026-02,4550.0
47700,AGRI_ANIMAL,2026-03,4550.0
47700,AGRI_ANIMAL,2026-04,4550.0
47700,AGRI_ANIMAL,2026-05,4550.0
47700,AGRI_ANIMAL,2026-06,4550.0
47700,AGRI_ANIMAL,2026-07,4550.0
47700,AGRI_ANIMAL,2026-08,4550.0
47700,AIR_TRAVEL,2025-07,3400.0
47700,AIR_TRAVEL,2025-08,3400.0
47700,AIR_TRAVEL,2025-09,3400.0
47700,AIR_TRAVEL,2025-10,3400.0
47700,AIR_TRAVEL,2025-11,3400.0
47700,AIR_TRAVEL,2025-12,3400.0
47700,AIR_TRAVEL,2026-01,3400.0
47700,AIR_TRAVEL,2026-02,3400.0
47700,AIR_TRAVEL,2026-03,3400.0
47700,AIR_TRAVEL,2026-04,3400.0
47700,AIR_TRAVEL,2026-05,3400.0
47700,AIR_TRAVEL,2026-06,3400.0
47700,AIR_TRAVEL,2026-07,3400.0
47700,AIR_TRAVEL,2026-08,3400.0
47700,APPAREL_SPORTS,2025-07,4810.0
47700,APPAREL_SPORTS,2025-08,4810.0
47700,APPAREL_SPORTS,2025-09,4810.0
47700,APPAREL_SPORTS,2025-10,4810.0
47700,APPAREL_SPORTS,2025-11,4810.0
47700,APPAREL_SPORTS,2025-12,4810.0
47700,APPAREL_SPORTS,2026-01,4810.0
47700,APPAREL_SPORTS,2026-02,4810.0
47700,APPAREL_SPORTS,2026-03,4810.0
47700,APPAREL_SPORTS,2026-04,4810.0
47700,APPAREL_SPORTS,2026-05,4810.0
47700,APPAREL_SPORTS,2026-06,4810.0
47700,APPAREL_SPORTS,2026-07,4810.0
47700,APPAREL_SPORTS,2026-08,4810.0
47700,FACILITIES_MRO,2025-07,11140.0
47700,FACILITIES_MRO,2025-08,11140.0
47700,FACILITIES_MRO,2025-09,11140.0
47700,FACILITIES_MRO,2025-10,11140.0
47700,FACILITIES_MRO,2025-11,11140.0
47700,FACILITIES_MRO,2025-12,11140.0
47700,FACILITIES_MRO,2026-01,11140.0
47700,FACILITIES_MRO,2026-02,11140.0
47700,FACILITIES_MRO,2026-03,11140.0
47700,FACILITIES_MRO,2026-04,11140.0
47700,FACILITIES_MRO,2026-05,11140.0
47700,FACILITIES_MRO,2026-06,11140.0
47700,FACILITIES_MRO,2026-07,11140.0
47700,FACILITIES_MRO,2026-08,11140.0
47700,FEES_EDU_EVENTS,2025-07,10000.0
47700,FEES_EDU_EVENTS,2025-08,10000.0
47700,FEES_EDU_EVENTS,2025-09,10000.0
47700,FEES_EDU_EVENTS,2025-10,10000.0
47700,FEES_EDU_EVENTS,2025-11,10000.0
47700,FEES_EDU_EVENTS,2025-12,10000.0
47700,FEES_EDU_EVENTS,2026-01,10000.0
47700,FEES_EDU_EVENTS,2026-02,10000.0
47700,FEES_EDU_EVENTS,2026-03,10000.0
47700,FEES_EDU_EVENTS,2026-04,10000.0
47700,FEES_EDU_EVENTS,2026-05,10000.0
47700,FEES_EDU_EVENTS,2026-06,10000.0
47700,FEES_EDU_EVENTS,2026-07,10000.0
47700,FEES_EDU_EVENTS,2026-08,10000.0
47700,IT_TELECOM,2025-07,14250.0
47700,IT_TELECOM,2025-08,14250.0
47700,IT_TELECOM,2025-09,14250.0
47700,IT_TELECOM,2025-10,14250.0
47700,IT_TELECOM,2025-11,14250.0
47700,IT_TELECOM,2025-12,14250.0
47700,IT_TELECOM,2026-01,14250.0
47700,IT_TELECOM,2026-02,14250.0
47700,IT_TELECOM,2026-03,14250.0
47700,IT_TELECOM,2026-04,14250.0
47700,IT_TELECOM,2026-05,14250.0
47700,IT_TELECOM,2026-06,14250.0
47700,IT_TELECOM,2026-07,14250.0
47700,IT_TELECOM,2026-08,14250.0
47700,LODGING,2025-07,16960.0
47700,LODGING,2025-08,16960.0
47700,LODGING,2025-09,16960.0
47700,LODGING,2025-10,16960.0
47700,LODGING,2025-11,16960.0
47700,LODGING,2025-12,16960.0
47700,LODGING,2026-01,16960.0
47700,LODGING,2026-02,16960.0
47700,LODGING,2026-03,16960.0
47700,LODGING,2026-04,16960.0
47700,LODGING,2026-05,16960.0
47700,LODGING,2026-06,16960.0
47700,LODGING,2026-07,16960.0
47700,LODGING,2026-08,16960.0
47700,MEDICAL_LAB,2025-07,2330.0
47700,MEDICAL_LAB,2025-08,2330.0
47700,MEDICAL_LAB,2025-09,2330.0
47700,MEDICAL_LAB,2025-10,2330.0
47700,MEDICAL_LAB,2025-11,2330.0
47700,MEDICAL_LAB,2025-12,2330.0
47700,MEDICAL_LAB,2026-01,2330.0
47700,MEDICAL_LAB,2026-02,2330.0
47700,MEDICAL_LAB,2026-03,2330.0
47700,MEDICAL_LAB,2026-04,2330.0
47700,MEDICAL_LAB,2026-05,2330.0
47700,MEDICAL_LAB,2026-06,2330.0
47700,MEDICAL_LAB,2026-07,2330.0
47700,MEDICAL_LAB,2026-08,2330.0
47700,OFFICE_PRINT,2025-07,2630.0
47700,OFFICE_PRINT,2025-08,2630.0
47700,OFFICE_PRINT,2025-09,2630.0
47700,OFFICE_PRINT,2025-10,2630.0
47700,OFFICE_PRINT,2025-11,2630.0
47700,OFFICE_PRINT,2025-12,2630.0
47700,OFFICE_PRINT,2026-01,2630.0
47700,OFFICE_PRINT,2026-02,2630.0
47700,OFFICE_PRINT,2026-03,2630.0
47700,OFFICE_PRINT,2026-04,2630.0
47700,OFFICE_PRINT,2026-05,2630.0
47700,OFFICE_PRINT,2026-06,2630.0
47700,OFFICE_PRINT,2026-07,2630.0
47700,OFFICE_PRINT,2026-08,2630.0
47700,PROF_SERVICES,2025-07,14280.0
47700,PROF_SERVICES,2025-08,14280.0
47700,PROF_SERVICES,2025-09,14280.0
47700,PROF_SERVICES,2025-10,14280.0
47700,PROF_SERVICES,2025-11,14280.0
47700,PROF_SERVICES,2025-12,14280.0
47700,PROF_SERVICES,2026-01,14280.0
47700,PROF_SERVICES,2026-02,14280.0
47700,PROF_SERVICES,2026-03,14280.0
47700,PROF_SERVICES,2026-04,14280.0
47700,PROF_SERVICES,2026-05,14280.0
47700,PROF_SERVICES,2026-06,14280.0
47700,PROF_SERVICES,2026-07,14280.0
47700,PROF_SERVICES,2026-08,14280.0
47700,RETAIL_GENERAL,2025-07,20130.0
47700,RETAIL_GENERAL,2025-08,20130.0
47700,RETAIL_GENERAL,2025-09,20130.0
47700,RETAIL_GENERAL,2025-10,20130.0
47700,RETAIL_GENERAL,2025-11,20130.0
47700,RETAIL_GENERAL,2025-12,20130.0
47700,RETAIL_GENERAL,2026-01,20130.0
47700,RETAIL_GENERAL,2026-02,20130.0
47700,RETAIL_GENERAL,2026-03,20130.0
47700,RETAIL_GENERAL,2026-04,20130.0
47700,RETAIL_GENERAL,2026-05,20130.0
47700,RETAIL_GENERAL,2026-06,20130.0
47700,RETAIL_GENERAL,2026-07,20130.0
47700,RETAIL_GENERAL,2026-08,20130.0
47700,UTILITIES,2025-07,4160.0
47700,UTILITIES,2025-08,4160.0
47700,UTILITIES,2025-09,4160.0
47700,UTILITIES,2025-10,4160.0
47700,UTILITIES,2025-11,4160.0
47700,UTILITIES,2025-12,4160.0
47700,UTILITIES,2026-01,4160.0
47700,UTILITIES,2026-02,4160.0
47700,UTILITIES,2026-03,4160.0
47700,UTILITIES,2026-04,4160.0
47700,UTILITIES,2026-05,4160.0
47700,UTILITIES,2026-06,4160.0
47700,UTILITIES,2026-07,4160.0
47700,UTILITIES,2026-08,4160.0
48000,AIR_TRAVEL,2025-07,630.0
48000,AIR_TRAVEL,2025-08,630.0
48000,AIR_TRAVEL,2025-09,630.0
48000,AIR_TRAVEL,2025-10,630.0
48000,AIR_TRAVEL,2025-11,630.0
48000,AIR_TRAVEL,2025-12,630.0
48000,AIR_TRAVEL,2026-01,630.0
48000,AIR_TRAVEL,2026-02,630.0
48000,AIR_TRAVEL,2026-03,630.0
48000,AIR_TRAVEL,2026-04,630.0
48000,AIR_TRAVEL,2026-05,630.0
48000,AIR_TRAVEL,2026-06,630.0
48000,AIR_TRAVEL,2026-07,630.0
48000,AIR_TRAVEL,2026-08,630.0
48000,APPAREL_SPORTS,2025-07,380.0
48000,APPAREL_SPORTS,2025-08,380.0
48000,APPAREL_SPORTS,2025-09,380.0
48000,APPAREL_SPORTS,2025-10,380.0
48000,APPAREL_SPORTS,2025-11,380.0
48000,APPAREL_SPORTS,2025-12,380.0
48000,APPAREL_SPORTS,2026-01,380.0
48000,APPAREL_SPORTS,2026-02,380.0
48000,APPAREL_SPORTS,2026-03,380.0
48000,APPAREL_SPORTS,2026-04,380.0
48000,APPAREL_SPORTS,2026-05,380.0
48000,APPAREL_SPORTS,2026-06,380.0
48000,APPAREL_SPORTS,2026-07,380.0
48000,APPAREL_SPORTS,2026-08,380.0
48000,FACILITIES_MRO,2025-07,390.0
48000,FACILITIES_MRO,2025-08,390.0
48000,FACILITIES_MRO,2025-09,390.0
48000,FACILITIES_MRO,2025-10,390.0
48000,FACILITIES_MRO,2025-11,390.0
48000,FACILITIES_MRO,2025-12,390.0
48000,FACILITIES_MRO,2026-01,390.0
48000,FACILITIES_MRO,2026-02,390.0
48000,FACILITIES_MRO,2026-03,390.0
48000,FACILITIES_MRO,2026-04,390.0
48000,FACILITIES_MRO,2026-05,390.0
48000,FACILITIES_MRO,2026-06,390.0
48000,FACILITIES_MRO,2026-07,390.0
48000,FACILITIES_MRO,2026-08,390.0
48000,FEES_EDU_EVENTS,2025-07,5600.0
48000,FEES_EDU_EVENTS,2025-08,5600.0
48000,FEES_EDU_EVENTS,2025-09,5600.0
48000,FEES_EDU_EVENTS,2025-10,5600.0
48000,FEES_EDU_EVENTS,2025-11,5600.0
48000,FEES_EDU_EVENTS,2025-12,5600.0
48000,FEES_EDU_EVENTS,2026-01,5600.0
48000,FEES_EDU_EVENTS,2026-02,5600.0
48000,FEES_EDU_EVENTS,2026-03,5600.0
48000,FEES_EDU_EVENTS,2026-04,5600.0
48000,FEES_EDU_EVENTS,2026-05,5600.0
48000,FEES_EDU_EVENTS,2026-06,5600.0
48000,FEES_EDU_EVENTS,2026-07,5600.0
48000,FEES_EDU_EVENTS,2026-08,5600.0
48000,FOOD,2025-07,10570.0
48000,FOOD,2025-08,10570.0
48000,FOOD,2025-09,10570.0
48000,FOOD,2025-10,10570.0
48000,FOOD,2025-11,10570.0
48000,FOOD,2025-12,10570.0
48000,FOOD,2026-01,10570.0
48000,FOOD,2026-02,10570.0
48000,FOOD,2026-03,10570.0
48000,FOOD,2026-04,10570.0
48000,FOOD,2026-05,10570.0
48000,FOOD,2026-06,10570.0
48000,FOOD,2026-07,10570.0
48000,FOOD,2026-08,10570.0
48000,GROUND_TRANSPORT,2025-07,590.0
48000,GROUND_TRANSPORT,2025-08,590.0
48000,GROUND_TRANSPORT,2025-09,590.0
48000,GROUND_TRANSPORT,2025-10,590.0
48000,GROUND_TRANSPORT,2025-11,590.0
48000,GROUND_TRANSPORT,2025-12,590.0
48000,GROUND_TRANSPORT,2026-01,590.0
48000,GROUND_TRANSPORT,2026-02,590.0
48000,GROUND_TRANSPORT,2026-03,590.0
48000,GROUND_TRANSPORT,2026-04,590.0
48000,GROUND_TRANSPORT,2026-05,590.0
48000,GROUND_TRANSPORT,2026-06,590.0
48000,GROUND_TRANSPORT,2026-07,590.0
48000,GROUND_TRANSPORT,2026-08,590.0
48000,IT_TELECOM,2025-07,2780.0
48000,IT_TELECOM,2025-08,2780.0
48000,IT_TELECOM,2025-09,2780.0
48000,IT_TELECOM,2025-10,2780.0
48000,IT_TELECOM,2025-11,2780.0
48000,IT_TELECOM,2025-12,2780.0
48000,IT_TELECOM,2026-01,2780.0
48000,IT_TELECOM,2026-02,2780.0
48000,IT_TELECOM,2026-03,2780.0
48000,IT_TELECOM,2026-04,2780.0
48000,IT_TELECOM,2026-05,2780.0
48000,IT_TELECOM,2026-06,2780.0
48000,IT_TELECOM,2026-07,2780.0
48000,IT_TELECOM,2026-08,2780.0
48000,LODGING,2025-07,13710.0
48000,LODGING,2025-08,13710.0
48000,LODGING,2025-09,13710.0
48000,LODGING,2025-10,13710.0
48000,LODGING,2025-11,13710.0
48000,LODGING,2025-12,13710.0
48000,LODGING,2026-01,13710.0
48000,LODGING,2026-02,13710.0
48000,LODGING,2026-03,13710.0
48000,LODGING,2026-04,13710.0
48000,LODGING,2026-05,13710.0
48000,LODGING,2026-06,13710.0
48000,LODGING,2026-07,13710.0
48000,LODGING,2026-08,13710.0
48000,PROF_SERVICES,2025-07,1150.0
48000,PROF_SERVICES,2025-08,1150.0
48000,PROF_SERVICES,2025-09,1150.0
48000,PROF_SERVICES,2025-10,1150.0
48000,PROF_SERVICES,2025-11,1150.0
48000,PROF_SERVICES,2025-12,1150.0
48000,PROF_SERVICES,2026-01,1150.0
48000,PROF_SERVICES,2026-02,1150.0
48000,PROF_SERVICES,2026-03,1150.0
48000,PROF_SERVICES,2026-04,1150.0
48000,PROF_SERVICES,2026-05,1150.0
48000,PROF_SERVICES,2026-06,1150.0
48000,PROF_SERVICES,2026-07,1150.0
48000,PROF_SERVICES,2026-08,1150.0
48000,RETAIL_GENERAL,2025-07,310.0
48000,RETAIL_GENERAL,2025-08,310.0
48000,RETAIL_GENERAL,2025-09,310.0
48000,RETAIL_GENERAL,2025-10,310.0
48000,RETAIL_GENERAL,2025-11,310.0
48000,RETAIL_GENERAL,2025-12,310.0
48000,RETAIL_GENERAL,2026-01,310.0
48000,RETAIL_GENERAL,2026-02,310.0
48000,RETAIL_GENERAL,2026-03,310.0
48000,RETAIL_GENERAL,2026-04,310.0
48000,RETAIL_GENERAL,2026-05,310.0
48000,RETAIL_GENERAL,2026-06,310.0
48000,RETAIL_GENERAL,2026-07,310.0
48000,RETAIL_GENERAL,2026-08,310.0
48000,VEHICLE_FUEL,2025-07,900.0
48000,VEHICLE_FUEL,2025-08,900.0
48000,VEHICLE_FUEL,2025-09,900.0
48000,VEHICLE_FUEL,2025-10,900.0
48000,VEHICLE_FUEL,2025-11,900.0
48000,VEHICLE_FUEL,2025-12,900.0
48000,VEHICLE_FUEL,2026-01,900.0
48000,VEHICLE_FUEL,2026-02,900.0
48000,VEHICLE_FUEL,2026-03,900.0
48000,VEHICLE_FUEL,2026-04,900.0
48000,VEHICLE_FUEL,2026-05,900.0
48000,VEHICLE_FUEL,2026-06,900.0
48000,VEHICLE_FUEL,2026-07,900.0
48000,VEHICLE_FUEL,2026-08,900.0
51500,FEES_EDU_EVENTS,2025-07,2430.0
51500,FEES_EDU_EVENTS,2025-08,2430.0
51500,FEES_EDU_EVENTS,2025-09,2430.0
51500,FEES_EDU_EVENTS,2025-10,2430.0
51500,FEES_EDU_EVENTS,2025-11,2430.0
51500,FEES_EDU_EVENTS,2025-12,2430.0
51500,FEES_EDU_EVENTS,2026-01,2430.0
51500,FEES_EDU_EVENTS,2026-02,2430.0
51500,FEES_EDU_EVENTS,2026-03,2430.0
51500,FEES_EDU_EVENTS,2026-04,2430.0
51500,FEES_EDU_EVENTS,2026-05,2430.0
51500,FEES_EDU_EVENTS,2026-06,2430.0
51500,FEES_EDU_EVENTS,2026-07,2430.0
51500,FEES_EDU_EVENTS,2026-08,2430.0
51500,IT_TELECOM,2025-07,8520.0
51500,IT_TELECOM,2025-08,8520.0
51500,IT_TELECOM,2025-09,8520.0
51500,IT_TELECOM,2025-10,8520.0
51500,IT_TELECOM,2025-11,8520.0
51500,IT_TELECOM,2025-12,8520.0
51500,IT_TELECOM,2026-01,8520.0
51500,IT_TELECOM,2026-02,8520.0
51500,IT_TELECOM,2026-03,8520.0
51500,IT_TELECOM,2026-04,8520.0
51500,IT_TELECOM,2026-05,8520.0
51500,IT_TELECOM,2026-06,8520.0
51500,IT_TELECOM,2026-07,8520.0
51500,IT_TELECOM,2026-08,8520.0
51500,OFFICE_PRINT,2025-07,360.0
51500,OFFICE_PRINT,2025-08,360.0
51500,OFFICE_PRINT,2025-09,360.0
51500,OFFICE_PRINT,2025-10,360.0
51500,OFFICE_PRINT,2025-11,360.0
51500,OFFICE_PRINT,2025-12,360.0
51500,OFFICE_PRINT,2026-01,360.0
51500,OFFICE_PRINT,2026-02,360.0
51500,OFFICE_PRINT,2026-03,360.0
51500,OFFICE_PRINT,2026-04,360.0
51500,OFFICE_PRINT,2026-05,360.0
51500,OFFICE_PRINT,2026-06,360.0
51500,OFFICE_PRINT,2026-07,360.0
51500,OFFICE_PRINT,2026-08,360.0
51500,PROF_SERVICES,2025-07,1050.0
51500,PROF_SERVICES,2025-08,1050.0
51500,PROF_SERVICES,2025-09,1050.0
51500,PROF_SERVICES,2025-10,1050.0
51500,PROF_SERVICES,2025-11,1050.0
51500,PROF_SERVICES,2025-12,1050.0
51500,PROF_SERVICES,2026-01,1050.0
51500,PROF_SERVICES,2026-02,1050.0
51500,PROF_SERVICES,2026-03,1050.0
51500,PROF_SERVICES,2026-04,1050.0
51500,PROF_SERVICES,2026-05,1050.0
51500,PROF_SERVICES,2026-06,1050.0
51500,PROF_SERVICES,2026-07,1050.0
51500,PROF_SERVICES,2026-08,1050.0
51500,RETAIL_GENERAL,2025-07,430.0
51500,RETAIL_GENERAL,2025-08,430.0
51500,RETAIL_GENERAL,2025-09,430.0
51500,RETAIL_GENERAL,2025-10,430.0
51500,RETAIL_GENERAL,2025-11,430.0
51500,RETAIL_GENERAL,2025-12,430.0
51500,RETAIL_GENERAL,2026-01,430.0
51500,RETAIL_GENERAL,2026-02,430.0
51500,RETAIL_GENERAL,2026-03,430.0
51500,RETAIL_GENERAL,2026-04,430.0
51500,RETAIL_GENERAL,2026-05,430.0
51500,RETAIL_GENERAL,2026-06,430.0
51500,RETAIL_GENERAL,2026-07,430.0
51500,RETAIL_GENERAL,2026-08,430.0
52500,FEES_EDU_EVENTS,2025-07,650.0
52500,FEES_EDU_EVENTS,2025-08,650.0
52500,FEES_EDU_EVENTS,2025-09,650.0
52500,FEES_EDU_EVENTS,2025-10,650.0
52500,FEES_EDU_EVENTS,2025-11,650.0
52500,FEES_EDU_EVENTS,2025-12,650.0
52500,FEES_EDU_EVENTS,2026-01,650.0
52500,FEES_EDU_EVENTS,2026-02,650.0
52500,FEES_EDU_EVENTS,2026-03,650.0
52500,FEES_EDU_EVENTS,2026-04,650.0
52500,FEES_EDU_EVENTS,2026-05,650.0
52500,FEES_EDU_EVENTS,2026-06,650.0
52500,FEES_EDU_EVENTS,2026-07,650.0
52500,FEES_EDU_EVENTS,2026-08,650.0
52500,LODGING,2025-07,510.0
52500,LODGING,2025-08,510.0
52500,LODGING,2025-09,510.0
52500,LODGING,2025-10,510.0
52500,LODGING,2025-11,510.0
52500,LODGING,2025-12,510.0
52500,LODGING,2026-01,510.0
52500,LODGING,2026-02,510.0
52500,LODGING,2026-03,510.0
52500,LODGING,2026-04,510.0
52500,LODGING,2026-05,510.0
52500,LODGING,2026-06,510.0
52500,LODGING,2026-07,510.0
52500,LODGING,2026-08,510.0
52500,OFFICE_PRINT,2025-07,310.0
52500,OFFICE_PRINT,2025-08,310.0
52500,OFFICE_PRINT,2025-09,310.0
52500,OFFICE_PRINT,2025-10,310.0
52500,OFFICE_PRINT,2025-11,310.0
52500,OFFICE_PRINT,2025-12,310.0
52500,OFFICE_PRINT,2026-01,310.0
52500,OFFICE_PRINT,2026-02,310.0
52500,OFFICE_PRINT,2026-03,310.0
52500,OFFICE_PRINT,2026-04,310.0
52500,OFFICE_PRINT,2026-05,310.0
52500,OFFICE_PRINT,2026-06,310.0
52500,OFFICE_PRINT,2026-07,310.0
52500,OFFICE_PRINT,2026-08,310.0
52500,RETAIL_GENERAL,2025-07,220.0
52500,RETAIL_GENERAL,2025-08,220.0
52500,RETAIL_GENERAL,2025-09,220.0
52500,RETAIL_GENERAL,2025-10,220.0
52500,RETAIL_GENERAL,2025-11,220.0
52500,RETAIL_GENERAL,2025-12,220.0
52500,RETAIL_GENERAL,2026-01,220.0
52500,RETAIL_GENERAL,2026-02,220.0
52500,RETAIL_GENERAL,2026-03,220.0
52500,RETAIL_GENERAL,2026-04,220.0
52500,RETAIL_GENERAL,2026-05,220.0
52500,RETAIL_GENERAL,2026-06,220.0
52500,RETAIL_GENERAL,2026-07,220.0
52500,RETAIL_GENERAL,2026-08,220.0
53000,AIR_TRAVEL,2025-07,2260.0
53000,AIR_TRAVEL,2025-08,2260.0
53000,AIR_TRAVEL,2025-09,2260.0
53000,AIR_TRAVEL,2025-10,2260.0
53000,AIR_TRAVEL,2025-11,2260.0
53000,AIR_TRAVEL,2025-12,2260.0
53000,AIR_TRAVEL,2026-01,2260.0
53000,AIR_TRAVEL,2026-02,2260.0
53000,AIR_TRAVEL,2026-03,2260.0
53000,AIR_TRAVEL,2026-04,2260.0
53000,AIR_TRAVEL,2026-05,2260.0
53000,AIR_TRAVEL,2026-06,2260.0
53000,AIR_TRAVEL,2026-07,2260.0
53000,AIR_TRAVEL,2026-08,2260.0
53000,APPAREL_SPORTS,2025-07,2420.0
53000,APPAREL_SPORTS,2025-08,2420.0
53000,APPAREL_SPORTS,2025-09,2420.0
53000,APPAREL_SPORTS,2025-10,2420.0
53000,APPAREL_SPORTS,2025-11,2420.0
53000,APPAREL_SPORTS,2025-12,2420.0
53000,APPAREL_SPORTS,2026-01,2420.0
53000,APPAREL_SPORTS,2026-02,2420.0
53000,APPAREL_SPORTS,2026-03,2420.0
53000,APPAREL_SPORTS,2026-04,2420.0
53000,APPAREL_SPORTS,2026-05,2420.0
53000,APPAREL_SPORTS,2026-06,2420.0
53000,APPAREL_SPORTS,2026-07,2420.0
53000,APPAREL_SPORTS,2026-08,2420.0
53000,FACILITIES_MRO,2025-07,2250.0
53000,FACILITIES_MRO,2025-08,2250.0
53000,FACILITIES_MRO,2025-09,2250.0
53000,FACILITIES_MRO,2025-10,2250.0
53000,FACILITIES_MRO,2025-11,2250.0
53000,FACILITIES_MRO,2025-12,2250.0
53000,FACILITIES_MRO,2026-01,2250.0
53000,FACILITIES_MRO,2026-02,2250.0
53000,FACILITIES_MRO,2026-03,2250.0
53000,FACILITIES_MRO,2026-04,2250.0
53000,FACILITIES_MRO,2026-05,2250.0
53000,FACILITIES_MRO,2026-06,2250.0
53000,FACILITIES_MRO,2026-07,2250.0
53000,FACILITIES_MRO,2026-08,2250.0
53000,FEES_EDU_EVENTS,2025-07,4330.0
53000,FEES_EDU_EVENTS,2025-08,4330.0
53000,FEES_EDU_EVENTS,2025-09,4330.0
53000,FEES_EDU_EVENTS,2025-10,4330.0
53000,FEES_EDU_EVENTS,2025-11,4330.0
53000,FEES_EDU_EVENTS,2025-12,4330.0
53000,FEES_EDU_EVENTS,2026-01,4330.0
53000,FEES_EDU_EVENTS,2026-02,4330.0
53000,FEES_EDU_EVENTS,2026-03,4330.0
53000,FEES_EDU_EVENTS,2026-04,4330.0
53000,FEES_EDU_EVENTS,2026-05,4330.0
53000,FEES_EDU_EVENTS,2026-06,4330.0
53000,FEES_EDU_EVENTS,2026-07,4330.0
53000,FEES_EDU_EVENTS,2026-08,4330.0
53000,FOOD,2025-07,19650.0
53000,FOOD,2025-08,19650.0
53000,FOOD,2025-09,19650.0
53000,FOOD,2025-10,19650.0
53000,FOOD,2025-11,19650.0
53000,FOOD,2025-12,19650.0
53000,FOOD,2026-01,19650.0
53000,FOOD,2026-02,19650.0
53000,FOOD,2026-03,19650.0
53000,FOOD,2026-04,19650.0
53000,FOOD,2026-05,19650.0
53000,FOOD,2026-06,19650.0
53000,FOOD,2026-07,19650.0
53000,FOOD,2026-08,19650.0
53000,GROUND_TRANSPORT,2025-07,300.0
53000,GROUND_TRANSPORT,2025-08,300.0
53000,GROUND_TRANSPORT,2025-09,300.0
53000,GROUND_TRANSPORT,2025-10,300.0
53000,GROUND_TRANSPORT,2025-11,300.0
53000,GROUND_TRANSPORT,2025-12,300.0
53000,GROUND_TRANSPORT,2026-01,300.0
53000,GROUND_TRANSPORT,2026-02,300.0
53000,GROUND_TRANSPORT,2026-03,300.0
53000,GROUND_TRANSPORT,2026-04,300.0
53000,GROUND_TRANSPORT,2026-05,300.0
53000,GROUND_TRANSPORT,2026-06,300.0
53000,GROUND_TRANSPORT,2026-07,300.0
53000,GROUND_TRANSPORT,2026-08,300.0
53000,IT_TELECOM,2025-07,2700.0
53000,IT_TELECOM,2025-08,2700.0
53000,IT_TELECOM,2025-09,2700.0
53000,IT_TELECOM,2025-10,2700.0
53000,IT_TELECOM,2025-11,2700.0
53000,IT_TELECOM,2025-12,2700.0
53000,IT_TELECOM,2026-01,2700.0
53000,IT_TELECOM,2026-02,2700.0
53000,IT_TELECOM,2026-03,2700.0
53000,IT_TELECOM,2026-04,2700.0
53000,IT_TELECOM,2026-05,2700.0
53000,IT_TELECOM,2026-06,2700.0
53000,IT_TELECOM,2026-07,2700.0
53000,IT_TELECOM,2026-08,2700.0
53000,LODGING,2025-07,9060.0
53000,LODGING,2025-08,9060.0
53000,LODGING,2025-09,9060.0
53000,LODGING,2025-10,9060.0
53000,LODGING,2025-11,9060.0
53000,LODGING,2025-12,9060.0
53000,LODGING,2026-01,9060.0
53000,LODGING,2026-02,9060.0
53000,LODGING,2026-03,9060.0
53000,LODGING,2026-04,9060.0
53000,LODGING,2026-05,9060.0
53000,LODGING,2026-06,9060.0
53000,LODGING,2026-07,9060.0
53000,LODGING,2026-08,9060.0
53000,OFFICE_PRINT,2025-07,1300.0
53000,OFFICE_PRINT,2025-08,1300.0
53000,OFFICE_PRINT,2025-09,1300.0
53000,OFFICE_PRINT,2025-10,1300.0
53000,OFFICE_PRINT,2025-11,1300.0
53000,OFFICE_PRINT,2025-12,1300.0
53000,OFFICE_PRINT,2026-01,1300.0
53000,OFFICE_PRINT,2026-02,1300.0
53000,OFFICE_PRINT,2026-03,1300.0
53000,OFFICE_PRINT,2026-04,1300.0
53000,OFFICE_PRINT,2026-05,1300.0
53000,OFFICE_PRINT,2026-06,1300.0
53000,OFFICE_PRINT,2026-07,1300.0
53000,OFFICE_PRINT,2026-08,1300.0
53000,PROF_SERVICES,2025-07,5170.0
53000,PROF_SERVICES,2025-08,5170.0
53000,PROF_SERVICES,2025-09,5170.0
53000,PROF_SERVICES,2025-10,5170.0
53000,PROF_SERVICES,2025-11,5170.0
53000,PROF_SERVICES,2025-12,5170.0
53000,PROF_SERVICES,2026-01,5170.0
53000,PROF_SERVICES,2026-02,5170.0
53000,PROF_SERVICES,2026-03,5170.0
53000,PROF_SERVICES,2026-04,5170.0
53000,PROF_SERVICES,2026-05,5170.0
53000,PROF_SERVICES,2026-06,5170.0
53000,PROF_SERVICES,2026-07,5170.0
53000,PROF_SERVICES,2026-08,5170.0
53000,RETAIL_GENERAL,2025-07,7410.0
53000,RETAIL_GENERAL,2025-08,7410.0
53000,RETAIL_GENERAL,2025-09,7410.0
53000,RETAIL_GENERAL,2025-10,7410.0
53000,RETAIL_GENERAL,2025-11,7410.0
53000,RETAIL_GENERAL,2025-12,7410.0
53000,RETAIL_GENERAL,2026-01,7410.0
53000,RETAIL_GENERAL,2026-02,7410.0
53000,RETAIL_GENERAL,2026-03,7410.0
53000,RETAIL_GENERAL,2026-04,7410.0
53000,RETAIL_GENERAL,2026-05,7410.0
53000,RETAIL_GENERAL,2026-06,7410.0
53000,RETAIL_GENERAL,2026-07,7410.0
53000,RETAIL_GENERAL,2026-08,7410.0
53000,VEHICLE_FUEL,2025-07,660.0
53000,VEHICLE_FUEL,2025-08,660.0
53000,VEHICLE_FUEL,2025-09,660.0
53000,VEHICLE_FUEL,2025-10,660.0
53000,VEHICLE_FUEL,2025-11,660.0
53000,VEHICLE_FUEL,2025-12,660.0
53000,VEHICLE_FUEL,2026-01,660.0
53000,VEHICLE_FUEL,2026-02,660.0
53000,VEHICLE_FUEL,2026-03,660.0
53000,VEHICLE_FUEL,2026-04,660.0
53000,VEHICLE_FUEL,2026-05,660.0
53000,VEHICLE_FUEL,2026-06,660.0
53000,VEHICLE_FUEL,2026-07,660.0
53000,VEHICLE_FUEL,2026-08,660.0
53100,AIR_TRAVEL,2025-07,6170.0
53100,AIR_TRAVEL,2025-08,6170.0
53100,AIR_TRAVEL,2025-09,6170.0
53100,AIR_TRAVEL,2025-10,6170.0
53100,AIR_TRAVEL,2025-11,6170.0
53100,AIR_TRAVEL,2025-12,6170.0
53100,AIR_TRAVEL,2026-01,6170.0
53100,AIR_TRAVEL,2026-02,6170.0
53100,AIR_TRAVEL,2026-03,6170.0
53100,AIR_TRAVEL,2026-04,6170.0
53100,AIR_TRAVEL,2026-05,6170.0
53100,AIR_TRAVEL,2026-06,6170.0
53100,AIR_TRAVEL,2026-07,6170.0
53100,AIR_TRAVEL,2026-08,6170.0
53100,FEES_EDU_EVENTS,2025-07,6180.0
53100,FEES_EDU_EVENTS,2025-08,6180.0
53100,FEES_EDU_EVENTS,2025-09,6180.0
53100,FEES_EDU_EVENTS,2025-10,6180.0
53100,FEES_EDU_EVENTS,2025-11,6180.0
53100,FEES_EDU_EVENTS,2025-12,6180.0
53100,FEES_EDU_EVENTS,2026-01,6180.0
53100,FEES_EDU_EVENTS,2026-02,6180.0
53100,FEES_EDU_EVENTS,2026-03,6180.0
53100,FEES_EDU_EVENTS,2026-04,6180.0
53100,FEES_EDU_EVENTS,2026-05,6180.0
53100,FEES_EDU_EVENTS,2026-06,6180.0
53100,FEES_EDU_EVENTS,2026-07,6180.0
53100,FEES_EDU_EVENTS,2026-08,6180.0
53100,FOOD,2025-07,3250.0
53100,FOOD,2025-08,3250.0
53100,FOOD,2025-09,3250.0
53100,FOOD,2025-10,3250.0
53100,FOOD,2025-11,3250.0
53100,FOOD,2025-12,3250.0
53100,FOOD,2026-01,3250.0
53100,FOOD,2026-02,3250.0
53100,FOOD,2026-03,3250.0
53100,FOOD,2026-04,3250.0
53100,FOOD,2026-05,3250.0
53100,FOOD,2026-06,3250.0
53100,FOOD,2026-07,3250.0
53100,FOOD,2026-08,3250.0
53100,IT_TELECOM,2025-07,6000.0
53100,IT_TELECOM,2025-08,6000.0
53100,IT_TELECOM,2025-09,6000.0
53100,IT_TELECOM,2025-10,6000.0
53100,IT_TELECOM,2025-11,6000.0
53100,IT_TELECOM,2025-12,6000.0
53100,IT_TELECOM,2026-01,6000.0
53100,IT_TELECOM,2026-02,6000.0
53100,IT_TELECOM,2026-03,6000.0
53100,IT_TELECOM,2026-04,6000.0
53100,IT_TELECOM,2026-05,6000.0
53100,IT_TELECOM,2026-06,6000.0
53100,IT_TELECOM,2026-07,6000.0
53100,IT_TELECOM,2026-08,6000.0
53100,LODGING,2025-07,8130.0
53100,LODGING,2025-08,8130.0
53100,LODGING,2025-09,8130.0
53100,LODGING,2025-10,8130.0
53100,LODGING,2025-11,8130.0
53100,LODGING,2025-12,8130.0
53100,LODGING,2026-01,8130.0
53100,LODGING,2026-02,8130.0
53100,LODGING,2026-03,8130.0
53100,LODGING,2026-04,8130.0
53100,LODGING,2026-05,8130.0
53100,LODGING,2026-06,8130.0
53100,LODGING,2026-07,8130.0
53100,LODGING,2026-08,8130.0
53100,MEDICAL_LAB,2025-07,250.0
53100,MEDICAL_LAB,2025-08,250.0
53100,MEDICAL_LAB,2025-09,250.0
53100,MEDICAL_LAB,2025-10,250.0
53100,MEDICAL_LAB,2025-11,250.0
53100,MEDICAL_LAB,2025-12,250.0
53100,MEDICAL_LAB,2026-01,250.0
53100,MEDICAL_LAB,2026-02,250.0
53100,MEDICAL_LAB,2026-03,250.0
53100,MEDICAL_LAB,2026-04,250.0
53100,MEDICAL_LAB,2026-05,250.0
53100,MEDICAL_LAB,2026-06,250.0
53100,MEDICAL_LAB,2026-07,250.0
53100,MEDICAL_LAB,2026-08,250.0
53100,OFFICE_PRINT,2025-07,800.0
53100,OFFICE_PRINT,2025-08,800.0
53100,OFFICE_PRINT,2025-09,800.0
53100,OFFICE_PRINT,2025-10,800.0
53100,OFFICE_PRINT,2025-11,800.0
53100,OFFICE_PRINT,2025-12,800.0
53100,OFFICE_PRINT,2026-01,800.0
53100,OFFICE_PRINT,2026-02,800.0
53100,OFFICE_PRINT,2026-03,800.0
53100,OFFICE_PRINT,2026-04,800.0
53100,OFFICE_PRINT,2026-05,800.0
53100,OFFICE_PRINT,2026-06,800.0
53100,OFFICE_PRINT,2026-07,800.0
53100,OFFICE_PRINT,2026-08,800.0
53100,PROF_SERVICES,2025-07,2100.0
53100,PROF_SERVICES,2025-08,2100.0
53100,PROF_SERVICES,2025-09,2100.0
53100,PROF_SERVICES,2025-10,2100.0
53100,PROF_SERVICES,2025-11,2100.0
53100,PROF_SERVICES,2025-12,2100.0
53100,PROF_SERVICES,2026-01,2100.0
53100,PROF_SERVICES,2026-02,2100.0
53100,PROF_SERVICES,2026-03,2100.0
53100,PROF_SERVICES,2026-04,2100.0
53100,PROF_SERVICES,2026-05,2100.0
53100,PROF_SERVICES,2026-06,2100.0
53100,PROF_SERVICES,2026-07,2100.0
53100,PROF_SERVICES,2026-08,2100.0
53100,RETAIL_GENERAL,2025-07,7700.0
53100,RETAIL_GENERAL,2025-08,7700.0
53100,RETAIL_GENERAL,2025-09,7700.0
53100,RETAIL_GENERAL,2025-10,7700.0
53100,RETAIL_GENERAL,2025-11,7700.0
53100,RETAIL_GENERAL,2025-12,7700.0
53100,RETAIL_GENERAL,2026-01,7700.0
53100,RETAIL_GENERAL,2026-02,7700.0
53100,RETAIL_GENERAL,2026-03,7700.0
53100,RETAIL_GENERAL,2026-04,7700.0
53100,RETAIL_GENERAL,2026-05,7700.0
53100,RETAIL_GENERAL,2026-06,7700.0
53100,RETAIL_GENERAL,2026-07,7700.0
53100,RETAIL_GENERAL,2026-08,7700.0
55700,FACILITIES_MRO,2025-07,220.0
55700,FACILITIES_MRO,2025-08,220.0
55700,FACILITIES_MRO,2025-09,220.0
55700,FACILITIES_MRO,2025-10,220.0
55700,FACILITIES_MRO,2025-11,220.0
55700,FACILITIES_MRO,2025-12,220.0
55700,FACILITIES_MRO,2026-01,220.0
55700,FACILITIES_MRO,2026-02,220.0
55700,FACILITIES_MRO,2026-03,220.0
55700,FACILITIES_MRO,2026-04,220.0
55700,FACILITIES_MRO,2026-05,220.0
55700,FACILITIES_MRO,2026-06,220.0
55700,FACILITIES_MRO,2026-07,220.0
55700,FACILITIES_MRO,2026-08,220.0
55700,FEES_EDU_EVENTS,2025-07,710.0
55700,FEES_EDU_EVENTS,2025-08,710.0
55700,FEES_EDU_EVENTS,2025-09,710.0
55700,FEES_EDU_EVENTS,2025-10,710.0
55700,FEES_EDU_EVENTS,2025-11,710.0
55700,FEES_EDU_EVENTS,2025-12,710.0
55700,FEES_EDU_EVENTS,2026-01,710.0
55700,FEES_EDU_EVENTS,2026-02,710.0
55700,FEES_EDU_EVENTS,2026-03,710.0
55700,FEES_EDU_EVENTS,2026-04,710.0
55700,FEES_EDU_EVENTS,2026-05,710.0
55700,FEES_EDU_EVENTS,2026-06,710.0
55700,FEES_EDU_EVENTS,2026-07,710.0
55700,FEES_EDU_EVENTS,2026-08,710.0
55700,IT_TELECOM,2025-07,2580.0
55700,IT_TELECOM,2025-08,2580.0
55700,IT_TELECOM,2025-09,2580.0
55700,IT_TELECOM,2025-10,2580.0
55700,IT_TELECOM,2025-11,2580.0
55700,IT_TELECOM,2025-12,2580.0
55700,IT_TELECOM,2026-01,2580.0
55700,IT_TELECOM,2026-02,2580.0
55700,IT_TELECOM,2026-03,2580.0
55700,IT_TELECOM,2026-04,2580.0
55700,IT_TELECOM,2026-05,2580.0
55700,IT_TELECOM,2026-06,2580.0
55700,IT_TELECOM,2026-07,2580.0
55700,IT_TELECOM,2026-08,2580.0
55700,OFFICE_PRINT,2025-07,300.0
55700,OFFICE_PRINT,2025-08,300.0
55700,OFFICE_PRINT,2025-09,300.0
55700,OFFICE_PRINT,2025-10,300.0
55700,OFFICE_PRINT,2025-11,300.0
55700,OFFICE_PRINT,2025-12,300.0
55700,OFFICE_PRINT,2026-01,300.0
55700,OFFICE_PRINT,2026-02,300.0
55700,OFFICE_PRINT,2026-03,300.0
55700,OFFICE_PRINT,2026-04,300.0
55700,OFFICE_PRINT,2026-05,300.0
55700,OFFICE_PRINT,2026-06,300.0
55700,OFFICE_PRINT,2026-07,300.0
55700,OFFICE_PRINT,2026-08,300.0
55700,PROF_SERVICES,2025-07,660.0
55700,PROF_SERVICES,2025-08,660.0
55700,PROF_SERVICES,2025-09,660.0
55700,PROF_SERVICES,2025-10,660.0
55700,PROF_SERVICES,2025-11,660.0
55700,PROF_SERVICES,2025-12,660.0
55700,PROF_SERVICES,2026-01,660.0
55700,PROF_SERVICES,2026-02,660.0
55700,PROF_SERVICES,2026-03,660.0
55700,PROF_SERVICES,2026-04,660.0
55700,PROF_SERVICES,2026-05,660.0
55700,PROF_SERVICES,2026-06,660.0
55700,PROF_SERVICES,2026-07,660.0
55700,PROF_SERVICES,2026-08,660.0
55700,RETAIL_GENERAL,2025-07,2410.0
55700,RETAIL_GENERAL,2025-08,2410.0
55700,RETAIL_GENERAL,2025-09,2410.0
55700,RETAIL_GENERAL,2025-10,2410.0
55700,RETAIL_GENERAL,2025-11,2410.0
55700,RETAIL_GENERAL,2025-12,2410.0
55700,RETAIL_GENERAL,2026-01,2410.0
55700,RETAIL_GENERAL,2026-02,2410.0
55700,RETAIL_GENERAL,2026-03,2410.0
55700,RETAIL_GENERAL,2026-04,2410.0
55700,RETAIL_GENERAL,2026-05,2410.0
55700,RETAIL_GENERAL,2026-06,2410.0
55700,RETAIL_GENERAL,2026-07,2410.0
55700,RETAIL_GENERAL,2026-08,2410.0
56000,AIR_TRAVEL,2025-07,1410.0
56000,AIR_TRAVEL,2025-08,1410.0
56000,AIR_TRAVEL,2025-09,1410.0
56000,AIR_TRAVEL,2025-10,1410.0
56000,AIR_TRAVEL,2025-11,1410.0
56000,AIR_TRAVEL,2025-12,1410.0
56000,AIR_TRAVEL,2026-01,1410.0
56000,AIR_TRAVEL,2026-02,1410.0
56000,AIR_TRAVEL,2026-03,1410.0
56000,AIR_TRAVEL,2026-04,1410.0
56000,AIR_TRAVEL,2026-05,1410.0
56000,AIR_TRAVEL,2026-06,1410.0
56000,AIR_TRAVEL,2026-07,1410.0
56000,AIR_TRAVEL,2026-08,1410.0
56000,FEES_EDU_EVENTS,2025-07,1400.0
56000,FEES_EDU_EVENTS,2025-08,1400.0
56000,FEES_EDU_EVENTS,2025-09,1400.0
56000,FEES_EDU_EVENTS,2025-10,1400.0
56000,FEES_EDU_EVENTS,2025-11,1400.0
56000,FEES_EDU_EVENTS,2025-12,1400.0
56000,FEES_EDU_EVENTS,2026-01,1400.0
56000,FEES_EDU_EVENTS,2026-02,1400.0
56000,FEES_EDU_EVENTS,2026-03,1400.0
56000,FEES_EDU_EVENTS,2026-04,1400.0
56000,FEES_EDU_EVENTS,2026-05,1400.0
56000,FEES_EDU_EVENTS,2026-06,1400.0
56000,FEES_EDU_EVENTS,2026-07,1400.0
56000,FEES_EDU_EVENTS,2026-08,1400.0
56000,IT_TELECOM,2025-07,560.0
56000,IT_TELECOM,2025-08,560.0
56000,IT_TELECOM,2025-09,560.0
56000,IT_TELECOM,2025-10,560.0
56000,IT_TELECOM,2025-11,560.0
56000,IT_TELECOM,2025-12,560.0
56000,IT_TELECOM,2026-01,560.0
56000,IT_TELECOM,2026-02,560.0
56000,IT_TELECOM,2026-03,560.0
56000,IT_TELECOM,2026-04,560.0
56000,IT_TELECOM,2026-05,560.0
56000,IT_TELECOM,2026-06,560.0
56000,IT_TELECOM,2026-07,560.0
56000,IT_TELECOM,2026-08,560.0
56000,LODGING,2025-07,1880.0
56000,LODGING,2025-08,1880.0
56000,LODGING,2025-09,1880.0
56000,LODGING,2025-10,1880.0
56000,LODGING,2025-11,1880.0
56000,LODGING,2025-12,1880.0
56000,LODGING,2026-01,1880.0
56000,LODGING,2026-02,1880.0
56000,LODGING,2026-03,1880.0
56000,LODGING,2026-04,1880.0
56000,LODGING,2026-05,1880.0
56000,LODGING,2026-06,1880.0
56000,LODGING,2026-07,1880.0
56000,LODGING,2026-08,1880.0
56000,OFFICE_PRINT,2025-07,340.0
56000,OFFICE_PRINT,2025-08,340.0
56000,OFFICE_PRINT,2025-09,340.0
56000,OFFICE_PRINT,2025-10,340.0
56000,OFFICE_PRINT,2025-11,340.0
56000,OFFICE_PRINT,2025-12,340.0
56000,OFFICE_PRINT,2026-01,340.0
56000,OFFICE_PRINT,2026-02,340.0
56000,OFFICE_PRINT,2026-03,340.0
56000,OFFICE_PRINT,2026-04,340.0
56000,OFFICE_PRINT,2026-05,340.0
56000,OFFICE_PRINT,2026-06,340.0
56000,OFFICE_PRINT,2026-07,340.0
56000,OFFICE_PRINT,2026-08,340.0
56000,PROF_SERVICES,2025-07,1230.0
56000,PROF_SERVICES,2025-08,1230.0
56000,PROF_SERVICES,2025-09,1230.0
56000,PROF_SERVICES,2025-10,1230.0
56000,PROF_SERVICES,2025-11,1230.0
56000,PROF_SERVICES,2025-12,1230.0
56000,PROF_SERVICES,2026-01,1230.0
56000,PROF_SERVICES,2026-02,1230.0
56000,PROF_SERVICES,2026-03,1230.0
56000,PROF_SERVICES,2026-04,1230.0
56000,PROF_SERVICES,2026-05,1230.0
56000,PROF_SERVICES,2026-06,1230.0
56000,PROF_SERVICES,2026-07,1230.0
56000,PROF_SERVICES,2026-08,1230.0
56000,RETAIL_GENERAL,2025-07,730.0
56000,RETAIL_GENERAL,2025-08,730.0
56000,RETAIL_GENERAL,2025-09,730.0
56000,RETAIL_GENERAL,2025-10,730.0
56000,RETAIL_GENERAL,2025-11,730.0
56000,RETAIL_GENERAL,2025-12,730.0
56000,RETAIL_GENERAL,2026-01,730.0
56000,RETAIL_GENERAL,2026-02,730.0
56000,RETAIL_GENERAL,2026-03,730.0
56000,RETAIL_GENERAL,2026-04,730.0
56000,RETAIL_GENERAL,2026-05,730.0
56000,RETAIL_GENERAL,2026-06,730.0
56000,RETAIL_GENERAL,2026-07,730.0
56000,RETAIL_GENERAL,2026-08,730.0
56600,AGRI_ANIMAL,2025-07,3330.0
56600,AGRI_ANIMAL,2025-08,3330.0
56600,AGRI_ANIMAL,2025-09,3330.0
56600,AGRI_ANIMAL,2025-10,3330.0
56600,AGRI_ANIMAL,2025-11,3330.0
56600,AGRI_ANIMAL,2025-12,3330.0
56600,AGRI_ANIMAL,2026-01,3330.0
56600,AGRI_ANIMAL,2026-02,3330.0
56600,AGRI_ANIMAL,2026-03,3330.0
56600,AGRI_ANIMAL,2026-04,3330.0
56600,AGRI_ANIMAL,2026-05,3330.0
56600,AGRI_ANIMAL,2026-06,3330.0
56600,AGRI_ANIMAL,2026-07,3330.0
56600,AGRI_ANIMAL,2026-08,3330.0
56600,AIR_TRAVEL,2025-07,4240.0
56600,AIR_TRAVEL,2025-08,4240.0
56600,AIR_TRAVEL,2025-09,4240.0
56600,AIR_TRAVEL,2025-10,4240.0
56600,AIR_TRAVEL,2025-11,4240.0
56600,AIR_TRAVEL,2025-12,4240.0
56600,AIR_TRAVEL,2026-01,4240.0
56600,AIR_TRAVEL,2026-02,4240.0
56600,AIR_TRAVEL,2026-03,4240.0
56600,AIR_TRAVEL,2026-04,4240.0
56600,AIR_TRAVEL,2026-05,4240.0
56600,AIR_TRAVEL,2026-06,4240.0
56600,AIR_TRAVEL,2026-07,4240.0
56600,AIR_TRAVEL,2026-08,4240.0
56600,APPAREL_SPORTS,2025-07,3960.0
56600,APPAREL_SPORTS,2025-08,3960.0
56600,APPAREL_SPORTS,2025-09,3960.0
56600,APPAREL_SPORTS,2025-10,3960.0
56600,APPAREL_SPORTS,2025-11,3960.0
56600,APPAREL_SPORTS,2025-12,3960.0
56600,APPAREL_SPORTS,2026-01,3960.0
56600,APPAREL_SPORTS,2026-02,3960.0
56600,APPAREL_SPORTS,2026-03,3960.0
56600,APPAREL_SPORTS,2026-04,3960.0
56600,APPAREL_SPORTS,2026-05,3960.0
56600,APPAREL_SPORTS,2026-06,3960.0
56600,APPAREL_SPORTS,2026-07,3960.0
56600,APPAREL_SPORTS,2026-08,3960.0
56600,FACILITIES_MRO,2025-07,152810.0
56600,FACILITIES_MRO,2025-08,152810.0
56600,FACILITIES_MRO,2025-09,152810.0
56600,FACILITIES_MRO,2025-10,152810.0
56600,FACILITIES_MRO,2025-11,152810.0
56600,FACILITIES_MRO,2025-12,152810.0
56600,FACILITIES_MRO,2026-01,152810.0
56600,FACILITIES_MRO,2026-02,152810.0
56600,FACILITIES_MRO,2026-03,152810.0
56600,FACILITIES_MRO,2026-04,152810.0
56600,FACILITIES_MRO,2026-05,152810.0
56600,FACILITIES_MRO,2026-06,152810.0
56600,FACILITIES_MRO,2026-07,152810.0
56600,FACILITIES_MRO,2026-08,152810.0
56600,FEES_EDU_EVENTS,2025-07,7460.0
56600,FEES_EDU_EVENTS,2025-08,7460.0
56600,FEES_EDU_EVENTS,2025-09,7460.0
56600,FEES_EDU_EVENTS,2025-10,7460.0
56600,FEES_EDU_EVENTS,2025-11,7460.0
56600,FEES_EDU_EVENTS,2025-12,7460.0
56600,FEES_EDU_EVENTS,2026-01,7460.0
56600,FEES_EDU_EVENTS,2026-02,7460.0
56600,FEES_EDU_EVENTS,2026-03,7460.0
56600,FEES_EDU_EVENTS,2026-04,7460.0
56600,FEES_EDU_EVENTS,2026-05,7460.0
56600,FEES_EDU_EVENTS,2026-06,7460.0
56600,FEES_EDU_EVENTS,2026-07,7460.0
56600,FEES_EDU_EVENTS,2026-08,7460.0
56600,FOOD,2025-07,4870.0
56600,FOOD,2025-08,4870.0
56600,FOOD,2025-09,4870.0
56600,FOOD,2025-10,4870.0
56600,FOOD,2025-11,4870.0
56600,FOOD,2025-12,4870.0
56600,FOOD,2026-01,4870.0
56600,FOOD,2026-02,4870.0
56600,FOOD,2026-03,4870.0
56600,FOOD,2026-04,4870.0
56600,FOOD,2026-05,4870.0
56600,FOOD,2026-06,4870.0
56600,FOOD,2026-07,4870.0
56600,FOOD,2026-08,4870.0
56600,GROUND_TRANSPORT,2025-07,230.0
56600,GROUND_TRANSPORT,2025-08,230.0
56600,GROUND_TRANSPORT,2025-09,230.0
56600,GROUND_TRANSPORT,2025-10,230.0
56600,GROUND_TRANSPORT,2025-11,230.0
56600,GROUND_TRANSPORT,2025-12,230.0
56600,GROUND_TRANSPORT,2026-01,230.0
56600,GROUND_TRANSPORT,2026-02,230.0
56600,GROUND_TRANSPORT,2026-03,230.0
56600,GROUND_TRANSPORT,2026-04,230.0
56600,GROUND_TRANSPORT,2026-05,230.0
56600,GROUND_TRANSPORT,2026-06,230.0
56600,GROUND_TRANSPORT,2026-07,230.0
56600,GROUND_TRANSPORT,2026-08,230.0
56600,IT_TELECOM,2025-07,14770.0
56600,IT_TELECOM,2025-08,14770.0
56600,IT_TELECOM,2025-09,14770.0
56600,IT_TELECOM,2025-10,14770.0
56600,IT_TELECOM,2025-11,14770.0
56600,IT_TELECOM,2025-12,14770.0
56600,IT_TELECOM,2026-01,14770.0
56600,IT_TELECOM,2026-02,14770.0
56600,IT_TELECOM,2026-03,14770.0
56600,IT_TELECOM,2026-04,14770.0
56600,IT_TELECOM,2026-05,14770.0
56600,IT_TELECOM,2026-06,14770.0
56600,IT_TELECOM,2026-07,14770.0
56600,IT_TELECOM,2026-08,14770.0
56600,LODGING,2025-07,9030.0
56600,LODGING,2025-08,9030.0
56600,LODGING,2025-09,9030.0
56600,LODGING,2025-10,9030.0
56600,LODGING,2025-11,9030.0
56600,LODGING,2025-12,9030.0
56600,LODGING,2026-01,9030.0
56600,LODGING,2026-02,9030.0
56600,LODGING,2026-03,9030.0
56600,LODGING,2026-04,9030.0
56600,LODGING,2026-05,9030.0
56600,LODGING,2026-06,9030.0
56600,LODGING,2026-07,9030.0
56600,LODGING,2026-08,9030.0
56600,MEDICAL_LAB,2025-07,1340.0
56600,MEDICAL_LAB,2025-08,1340.0
56600,MEDICAL_LAB,2025-09,1340.0
56600,MEDICAL_LAB,2025-10,1340.0
56600,MEDICAL_LAB,2025-11,1340.0
56600,MEDICAL_LAB,2025-12,1340.0
56600,MEDICAL_LAB,2026-01,1340.0
56600,MEDICAL_LAB,2026-02,1340.0
56600,MEDICAL_LAB,2026-03,1340.0
56600,MEDICAL_LAB,2026-04,1340.0
56600,MEDICAL_LAB,2026-05,1340.0
56600,MEDICAL_LAB,2026-06,1340.0
56600,MEDICAL_LAB,2026-07,1340.0
56600,MEDICAL_LAB,2026-08,1340.0
56600,OFFICE_PRINT,2025-07,3570.0
56600,OFFICE_PRINT,2025-08,3570.0
56600,OFFICE_PRINT,2025-09,3570.0
56600,OFFICE_PRINT,2025-10,3570.0
56600,OFFICE_PRINT,2025-11,3570.0
56600,OFFICE_PRINT,2025-12,3570.0
56600,OFFICE_PRINT,2026-01,3570.0
56600,OFFICE_PRINT,2026-02,3570.0
56600,OFFICE_PRINT,2026-03,3570.0
56600,OFFICE_PRINT,2026-04,3570.0
56600,OFFICE_PRINT,2026-05,3570.0
56600,OFFICE_PRINT,2026-06,3570.0
56600,OFFICE_PRINT,2026-07,3570.0
56600,OFFICE_PRINT,2026-08,3570.0
56600,PROF_SERVICES,2025-07,17160.0
56600,PROF_SERVICES,2025-08,17160.0
56600,PROF_SERVICES,2025-09,17160.0
56600,PROF_SERVICES,2025-10,17160.0
56600,PROF_SERVICES,2025-11,17160.0
56600,PROF_SERVICES,2025-12,17160.0
56600,PROF_SERVICES,2026-01,17160.0
56600,PROF_SERVICES,2026-02,17160.0
56600,PROF_SERVICES,2026-03,17160.0
56600,PROF_SERVICES,2026-04,17160.0
56600,PROF_SERVICES,2026-05,17160.0
56600,PROF_SERVICES,2026-06,17160.0
56600,PROF_SERVICES,2026-07,17160.0
56600,PROF_SERVICES,2026-08,17160.0
56600,RETAIL_GENERAL,2025-07,43070.0
56600,RETAIL_GENERAL,2025-08,43070.0
56600,RETAIL_GENERAL,2025-09,43070.0
56600,RETAIL_GENERAL,2025-10,43070.0
56600,RETAIL_GENERAL,2025-11,43070.0
56600,RETAIL_GENERAL,2025-12,43070.0
56600,RETAIL_GENERAL,2026-01,43070.0
56600,RETAIL_GENERAL,2026-02,43070.0
56600,RETAIL_GENERAL,2026-03,43070.0
56600,RETAIL_GENERAL,2026-04,43070.0
56600,RETAIL_GENERAL,2026-05,43070.0
56600,RETAIL_GENERAL,2026-06,43070.0
56600,RETAIL_GENERAL,2026-07,43070.0
56600,RETAIL_GENERAL,2026-08,43070.0
56600,UTILITIES,2025-07,42500.0
56600,UTILITIES,2025-08,42500.0
56600,UTILITIES,2025-09,42500.0
56600,UTILITIES,2025-10,42500.0
56600,UTILITIES,2025-11,42500.0
56600,UTILITIES,2025-12,42500.0
56600,UTILITIES,2026-01,42500.0
56600,UTILITIES,2026-02,42500.0
56600,UTILITIES,2026-03,42500.0
56600,UTILITIES,2026-04,42500.0
56600,UTILITIES,2026-05,42500.0
56600,UTILITIES,2026-06,42500.0
56600,UTILITIES,2026-07,42500.0
56600,UTILITIES,2026-08,42500.0
56600,VEHICLE_FUEL,2025-07,44460.0
56600,VEHICLE_FUEL,2025-08,44460.0
56600,VEHICLE_FUEL,2025-09,44460.0
56600,VEHICLE_FUEL,2025-10,44460.0
56600,VEHICLE_FUEL,2025-11,44460.0
56600,VEHICLE_FUEL,2025-12,44460.0
56600,VEHICLE_FUEL,2026-01,44460.0
56600,VEHICLE_FUEL,2026-02,44460.0
56600,VEHICLE_FUEL,2026-03,44460.0
56600,VEHICLE_FUEL,2026-04,44460.0
56600,VEHICLE_FUEL,2026-05,44460.0
56600,VEHICLE_FUEL,2026-06,44460.0
56600,VEHICLE_FUEL,2026-07,44460.0
56600,VEHICLE_FUEL,2026-08,44460.0
57000,AGRI_ANIMAL,2025-07,510.0
57000,AGRI_ANIMAL,2025-08,510.0
57000,AGRI_ANIMAL,2025-09,510.0
57000,AGRI_ANIMAL,2025-10,510.0
57000,AGRI_ANIMAL,2025-11,510.0
57000,AGRI_ANIMAL,2025-12,510.0
57000,AGRI_ANIMAL,2026-01,510.0
57000,AGRI_ANIMAL,2026-02,510.0
57000,AGRI_ANIMAL,2026-03,510.0
57000,AGRI_ANIMAL,2026-04,510.0
57000,AGRI_ANIMAL,2026-05,510.0
57000,AGRI_ANIMAL,2026-06,510.0
57000,AGRI_ANIMAL,2026-07,510.0
57000,AGRI_ANIMAL,2026-08,510.0
57000,FACILITIES_MRO,2025-07,520.0
57000,FACILITIES_MRO,2025-08,520.0
57000,FACILITIES_MRO,2025-09,520.0
57000,FACILITIES_MRO,2025-10,520.0
57000,FACILITIES_MRO,2025-11,520.0
57000,FACILITIES_MRO,2025-12,520.0
57000,FACILITIES_MRO,2026-01,520.0
57000,FACILITIES_MRO,2026-02,520.0
57000,FACILITIES_MRO,2026-03,520.0
57000,FACILITIES_MRO,2026-04,520.0
57000,FACILITIES_MRO,2026-05,520.0
57000,FACILITIES_MRO,2026-06,520.0
57000,FACILITIES_MRO,2026-07,520.0
57000,FACILITIES_MRO,2026-08,520.0
57000,FEES_EDU_EVENTS,2025-07,640.0
57000,FEES_EDU_EVENTS,2025-08,640.0
57000,FEES_EDU_EVENTS,2025-09,640.0
57000,FEES_EDU_EVENTS,2025-10,640.0
57000,FEES_EDU_EVENTS,2025-11,640.0
57000,FEES_EDU_EVENTS,2025-12,640.0
57000,FEES_EDU_EVENTS,2026-01,640.0
57000,FEES_EDU_EVENTS,2026-02,640.0
57000,FEES_EDU_EVENTS,2026-03,640.0
57000,FEES_EDU_EVENTS,2026-04,640.0
57000,FEES_EDU_EVENTS,2026-05,640.0
57000,FEES_EDU_EVENTS,2026-06,640.0
57000,FEES_EDU_EVENTS,2026-07,640.0
57000,FEES_EDU_EVENTS,2026-08,640.0
57000,FOOD,2025-07,640.0
57000,FOOD,2025-08,640.0
57000,FOOD,2025-09,640.0
57000,FOOD,2025-10,640.0
57000,FOOD,2025-11,640.0
57000,FOOD,2025-12,640.0
57000,FOOD,2026-01,640.0
57000,FOOD,2026-02,640.0
57000,FOOD,2026-03,640.0
57000,FOOD,2026-04,640.0
57000,FOOD,2026-05,640.0
57000,FOOD,2026-06,640.0
57000,FOOD,2026-07,640.0
57000,FOOD,2026-08,640.0
57000,OFFICE_PRINT,2025-07,1090.0
57000,OFFICE_PRINT,2025-08,1090.0
57000,OFFICE_PRINT,2025-09,1090.0
57000,OFFICE_PRINT,2025-10,1090.0
57000,OFFICE_PRINT,2025-11,1090.0
57000,OFFICE_PRINT,2025-12,1090.0
57000,OFFICE_PRINT,2026-01,1090.0
57000,OFFICE_PRINT,2026-02,1090.0
57000,OFFICE_PRINT,2026-03,1090.0
57000,OFFICE_PRINT,2026-04,1090.0
57000,OFFICE_PRINT,2026-05,1090.0
57000,OFFICE_PRINT,2026-06,1090.0
57000,OFFICE_PRINT,2026-07,1090.0
57000,OFFICE_PRINT,2026-08,1090.0
57000,RETAIL_GENERAL,2025-07,840.0
57000,RETAIL_GENERAL,2025-08,840.0
57000,RETAIL_GENERAL,2025-09,840.0
57000,RETAIL_GENERAL,2025-10,840.0
57000,RETAIL_GENERAL,2025-11,840.0
57000,RETAIL_GENERAL,2025-12,840.0
57000,RETAIL_GENERAL,2026-01,840.0
57000,RETAIL_GENERAL,2026-02,840.0
57000,RETAIL_GENERAL,2026-03,840.0
57000,RETAIL_GENERAL,2026-04,840.0
57000,RETAIL_GENERAL,2026-05,840.0
57000,RETAIL_GENERAL,2026-06,840.0
57000,RETAIL_GENERAL,2026-07,840.0
57000,RETAIL_GENERAL,2026-08,840.0
57500,FEES_EDU_EVENTS,2025-07,1000.0
57500,FEES_EDU_EVENTS,2025-08,1000.0
57500,FEES_EDU_EVENTS,2025-09,1000.0
57500,FEES_EDU_EVENTS,2025-10,1000.0
57500,FEES_EDU_EVENTS,2025-11,1000.0
57500,FEES_EDU_EVENTS,2025-12,1000.0
57500,FEES_EDU_EVENTS,2026-01,1000.0
57500,FEES_EDU_EVENTS,2026-02,1000.0
57500,FEES_EDU_EVENTS,2026-03,1000.0
57500,FEES_EDU_EVENTS,2026-04,1000.0
57500,FEES_EDU_EVENTS,2026-05,1000.0
57500,FEES_EDU_EVENTS,2026-06,1000.0
57500,FEES_EDU_EVENTS,2026-07,1000.0
57500,FEES_EDU_EVENTS,2026-08,1000.0
57500,IT_TELECOM,2025-07,50.0
57500,IT_TELECOM,2025-08,50.0
57500,IT_TELECOM,2025-09,50.0
57500,IT_TELECOM,2025-10,50.0
57500,IT_TELECOM,2025-11,50.0
57500,IT_TELECOM,2025-12,50.0
57500,IT_TELECOM,2026-01,50.0
57500,IT_TELECOM,2026-02,50.0
57500,IT_TELECOM,2026-03,50.0
57500,IT_TELECOM,2026-04,50.0
57500,IT_TELECOM,2026-05,50.0
57500,IT_TELECOM,2026-06,50.0
57500,IT_TELECOM,2026-07,50.0
57500,IT_TELECOM,2026-08,50.0
57500,OFFICE_PRINT,2025-07,130.0
57500,OFFICE_PRINT,2025-08,130.0
57500,OFFICE_PRINT,2025-09,130.0
57500,OFFICE_PRINT,2025-10,130.0
57500,OFFICE_PRINT,2025-11,130.0
57500,OFFICE_PRINT,2025-12,130.0
57500,OFFICE_PRINT,2026-01,130.0
57500,OFFICE_PRINT,2026-02,130.0
57500,OFFICE_PRINT,2026-03,130.0
57500,OFFICE_PRINT,2026-04,130.0
57500,OFFICE_PRINT,2026-05,130.0
57500,OFFICE_PRINT,2026-06,130.0
57500,OFFICE_PRINT,2026-07,130.0
57500,OFFICE_PRINT,2026-08,130.0
57500,RETAIL_GENERAL,2025-07,60.0
57500,RETAIL_GENERAL,2025-08,60.0
57500,RETAIL_GENERAL,2025-09,60.0
57500,RETAIL_GENERAL,2025-10,60.0
57500,RETAIL_GENERAL,2025-11,60.0
57500,RETAIL_GENERAL,2025-12,60.0
57500,RETAIL_GENERAL,2026-01,60.0
57500,RETAIL_GENERAL,2026-02,60.0
57500,RETAIL_GENERAL,2026-03,60.0
57500,RETAIL_GENERAL,2026-04,60.0
57500,RETAIL_GENERAL,2026-05,60.0
57500,RETAIL_GENERAL,2026-06,60.0
57500,RETAIL_GENERAL,2026-07,60.0
57500,RETAIL_GENERAL,2026-08,60.0
58500,AGRI_ANIMAL,2025-07,3340.0
58500,AGRI_ANIMAL,2025-08,3340.0
58500,AGRI_ANIMAL,2025-09,3340.0
58500,AGRI_ANIMAL,2025-10,3340.0
58500,AGRI_ANIMAL,2025-11,3340.0
58500,AGRI_ANIMAL,2025-12,3340.0
58500,AGRI_ANIMAL,2026-01,3340.0
58500,AGRI_ANIMAL,2026-02,3340.0
58500,AGRI_ANIMAL,2026-03,3340.0
58500,AGRI_ANIMAL,2026-04,3340.0
58500,AGRI_ANIMAL,2026-05,3340.0
58500,AGRI_ANIMAL,2026-06,3340.0
58500,AGRI_ANIMAL,2026-07,3340.0
58500,AGRI_ANIMAL,2026-08,3340.0
58500,AIR_TRAVEL,2025-07,19850.0
58500,AIR_TRAVEL,2025-08,19850.0
58500,AIR_TRAVEL,2025-09,19850.0
58500,AIR_TRAVEL,2025-10,19850.0
58500,AIR_TRAVEL,2025-11,19850.0
58500,AIR_TRAVEL,2025-12,19850.0
58500,AIR_TRAVEL,2026-01,19850.0
58500,AIR_TRAVEL,2026-02,19850.0
58500,AIR_TRAVEL,2026-03,19850.0
58500,AIR_TRAVEL,2026-04,19850.0
58500,AIR_TRAVEL,2026-05,19850.0
58500,AIR_TRAVEL,2026-06,19850.0
58500,AIR_TRAVEL,2026-07,19850.0
58500,AIR_TRAVEL,2026-08,19850.0
58500,APPAREL_SPORTS,2025-07,10650.0
58500,APPAREL_SPORTS,2025-08,10650.0
58500,APPAREL_SPORTS,2025-09,10650.0
58500,APPAREL_SPORTS,2025-10,10650.0
58500,APPAREL_SPORTS,2025-11,10650.0
58500,APPAREL_SPORTS,2025-12,10650.0
58500,APPAREL_SPORTS,2026-01,10650.0
58500,APPAREL_SPORTS,2026-02,10650.0
58500,APPAREL_SPORTS,2026-03,10650.0
58500,APPAREL_SPORTS,2026-04,10650.0
58500,APPAREL_SPORTS,2026-05,10650.0
58500,APPAREL_SPORTS,2026-06,10650.0
58500,APPAREL_SPORTS,2026-07,10650.0
58500,APPAREL_SPORTS,2026-08,10650.0
58500,FACILITIES_MRO,2025-07,41860.0
58500,FACILITIES_MRO,2025-08,41860.0
58500,FACILITIES_MRO,2025-09,41860.0
58500,FACILITIES_MRO,2025-10,41860.0
58500,FACILITIES_MRO,2025-11,41860.0
58500,FACILITIES_MRO,2025-12,41860.0
58500,FACILITIES_MRO,2026-01,41860.0
58500,FACILITIES_MRO,2026-02,41860.0
58500,FACILITIES_MRO,2026-03,41860.0
58500,FACILITIES_MRO,2026-04,41860.0
58500,FACILITIES_MRO,2026-05,41860.0
58500,FACILITIES_MRO,2026-06,41860.0
58500,FACILITIES_MRO,2026-07,41860.0
58500,FACILITIES_MRO,2026-08,41860.0
58500,FEES_EDU_EVENTS,2025-07,25730.0
58500,FEES_EDU_EVENTS,2025-08,25730.0
58500,FEES_EDU_EVENTS,2025-09,25730.0
58500,FEES_EDU_EVENTS,2025-10,25730.0
58500,FEES_EDU_EVENTS,2025-11,25730.0
58500,FEES_EDU_EVENTS,2025-12,25730.0
58500,FEES_EDU_EVENTS,2026-01,25730.0
58500,FEES_EDU_EVENTS,2026-02,25730.0
58500,FEES_EDU_EVENTS,2026-03,25730.0
58500,FEES_EDU_EVENTS,2026-04,25730.0
58500,FEES_EDU_EVENTS,2026-05,25730.0
58500,FEES_EDU_EVENTS,2026-06,25730.0
58500,FEES_EDU_EVENTS,2026-07,25730.0
58500,FEES_EDU_EVENTS,2026-08,25730.0
58500,FOOD,2025-07,8280.0
58500,FOOD,2025-08,8280.0
58500,FOOD,2025-09,8280.0
58500,FOOD,2025-10,8280.0
58500,FOOD,2025-11,8280.0
58500,FOOD,2025-12,8280.0
58500,FOOD,2026-01,8280.0
58500,FOOD,2026-02,8280.0
58500,FOOD,2026-03,8280.0
58500,FOOD,2026-04,8280.0
58500,FOOD,2026-05,8280.0
58500,FOOD,2026-06,8280.0
58500,FOOD,2026-07,8280.0
58500,FOOD,2026-08,8280.0
58500,GROUND_TRANSPORT,2025-07,5710.0
58500,GROUND_TRANSPORT,2025-08,5710.0
58500,GROUND_TRANSPORT,2025-09,5710.0
58500,GROUND_TRANSPORT,2025-10,5710.0
58500,GROUND_TRANSPORT,2025-11,5710.0
58500,GROUND_TRANSPORT,2025-12,5710.0
58500,GROUND_TRANSPORT,2026-01,5710.0
58500,GROUND_TRANSPORT,2026-02,5710.0
58500,GROUND_TRANSPORT,2026-03,5710.0
58500,GROUND_TRANSPORT,2026-04,5710.0
58500,GROUND_TRANSPORT,2026-05,5710.0
58500,GROUND_TRANSPORT,2026-06,5710.0
58500,GROUND_TRANSPORT,2026-07,5710.0
58500,GROUND_TRANSPORT,2026-08,5710.0
58500,IT_TELECOM,2025-07,16900.0
58500,IT_TELECOM,2025-08,16900.0
58500,IT_TELECOM,2025-09,16900.0
58500,IT_TELECOM,2025-10,16900.0
58500,IT_TELECOM,2025-11,16900.0
58500,IT_TELECOM,2025-12,16900.0
58500,IT_TELECOM,2026-01,16900.0
58500,IT_TELECOM,2026-02,16900.0
58500,IT_TELECOM,2026-03,16900.0
58500,IT_TELECOM,2026-04,16900.0
58500,IT_TELECOM,2026-05,16900.0
58500,IT_TELECOM,2026-06,16900.0
58500,IT_TELECOM,2026-07,16900.0
58500,IT_TELECOM,2026-08,16900.0
58500,LODGING,2025-07,37360.0
58500,LODGING,2025-08,37360.0
58500,LODGING,2025-09,37360.0
58500,LODGING,2025-10,37360.0
58500,LODGING,2025-11,37360.0
58500,LODGING,2025-12,37360.0
58500,LODGING,2026-01,37360.0
58500,LODGING,2026-02,37360.0
58500,LODGING,2026-03,37360.0
58500,LODGING,2026-04,37360.0
58500,LODGING,2026-05,37360.0
58500,LODGING,2026-06,37360.0
58500,LODGING,2026-07,37360.0
58500,LODGING,2026-08,37360.0
58500,MEDICAL_LAB,2025-07,8680.0
58500,MEDICAL_LAB,2025-08,8680.0
58500,MEDICAL_LAB,2025-09,8680.0
58500,MEDICAL_LAB,2025-10,8680.0
58500,MEDICAL_LAB,2025-11,8680.0
58500,MEDICAL_LAB,2025-12,8680.0
58500,MEDICAL_LAB,2026-01,8680.0
58500,MEDICAL_LAB,2026-02,8680.0
58500,MEDICAL_LAB,2026-03,8680.0
58500,MEDICAL_LAB,2026-04,8680.0
58500,MEDICAL_LAB,2026-05,8680.0
58500,MEDICAL_LAB,2026-06,8680.0
58500,MEDICAL_LAB,2026-07,8680.0
58500,MEDICAL_LAB,2026-08,8680.0
58500,OFFICE_PRINT,2025-07,7090.0
58500,OFFICE_PRINT,2025-08,7090.0
58500,OFFICE_PRINT,2025-09,7090.0
58500,OFFICE_PRINT,2025-10,7090.0
58500,OFFICE_PRINT,2025-11,7090.0
58500,OFFICE_PRINT,2025-12,7090.0
58500,OFFICE_PRINT,2026-01,7090.0
58500,OFFICE_PRINT,2026-02,7090.0
58500,OFFICE_PRINT,2026-03,7090.0
58500,OFFICE_PRINT,2026-04,7090.0
58500,OFFICE_PRINT,2026-05,7090.0
58500,OFFICE_PRINT,2026-06,7090.0
58500,OFFICE_PRINT,2026-07,7090.0
58500,OFFICE_PRINT,2026-08,7090.0
58500,PROF_SERVICES,2025-07,17950.0
58500,PROF_SERVICES,2025-08,17950.0
58500,PROF_SERVICES,2025-09,17950.0
58500,PROF_SERVICES,2025-10,17950.0
58500,PROF_SERVICES,2025-11,17950.0
58500,PROF_SERVICES,2025-12,17950.0
58500,PROF_SERVICES,2026-01,17950.0
58500,PROF_SERVICES,2026-02,17950.0
58500,PROF_SERVICES,2026-03,17950.0
58500,PROF_SERVICES,2026-04,17950.0
58500,PROF_SERVICES,2026-05,17950.0
58500,PROF_SERVICES,2026-06,17950.0
58500,PROF_SERVICES,2026-07,17950.0
58500,PROF_SERVICES,2026-08,17950.0
58500,RETAIL_GENERAL,2025-07,30130.0
58500,RETAIL_GENERAL,2025-08,30130.0
58500,RETAIL_GENERAL,2025-09,30130.0
58500,RETAIL_GENERAL,2025-10,30130.0
58500,RETAIL_GENERAL,2025-11,30130.0
58500,RETAIL_GENERAL,2025-12,30130.0
58500,RETAIL_GENERAL,2026-01,30130.0
58500,RETAIL_GENERAL,2026-02,30130.0
58500,RETAIL_GENERAL,2026-03,30130.0
58500,RETAIL_GENERAL,2026-04,30130.0
58500,RETAIL_GENERAL,2026-05,30130.0
58500,RETAIL_GENERAL,2026-06,30130.0
58500,RETAIL_GENERAL,2026-07,30130.0
58500,RETAIL_GENERAL,2026-08,30130.0
58500,UTILITIES,2025-07,2640.0
58500,UTILITIES,2025-08,2640.0
58500,UTILITIES,2025-09,2640.0
58500,UTILITIES,2025-10,2640.0
58500,UTILITIES,2025-11,2640.0
58500,UTILITIES,2025-12,2640.0
58500,UTILITIES,2026-01,2640.0
58500,UTILITIES,2026-02,2640.0
58500,UTILITIES,2026-03,2640.0
58500,UTILITIES,2026-04,2640.0
58500,UTILITIES,2026-05,2640.0
58500,UTILITIES,2026-06,2640.0
58500,UTILITIES,2026-07,2640.0
58500,UTILITIES,2026-08,2640.0
58500,VEHICLE_FUEL,2025-07,17870.0
58500,VEHICLE_FUEL,2025-08,17870.0
58500,VEHICLE_FUEL,2025-09,17870.0
58500,VEHICLE_FUEL,2025-10,17870.0
58500,VEHICLE_FUEL,2025-11,17870.0
58500,VEHICLE_FUEL,2025-12,17870.0
58500,VEHICLE_FUEL,2026-01,17870.0
58500,VEHICLE_FUEL,2026-02,17870.0
58500,VEHICLE_FUEL,2026-03,17870.0
58500,VEHICLE_FUEL,2026-04,17870.0
58500,VEHICLE_FUEL,2026-05,17870.0
58500,VEHICLE_FUEL,2026-06,17870.0
58500,VEHICLE_FUEL,2026-07,17870.0
58500,VEHICLE_FUEL,2026-08,17870.0
58800,FACILITIES_MRO,2025-07,760.0
58800,FACILITIES_MRO,2025-08,760.0
58800,FACILITIES_MRO,2025-09,760.0
58800,FACILITIES_MRO,2025-10,760.0
58800,FACILITIES_MRO,2025-11,760.0
58800,FACILITIES_MRO,2025-12,760.0
58800,FACILITIES_MRO,2026-01,760.0
58800,FACILITIES_MRO,2026-02,760.0
58800,FACILITIES_MRO,2026-03,760.0
58800,FACILITIES_MRO,2026-04,760.0
58800,FACILITIES_MRO,2026-05,760.0
58800,FACILITIES_MRO,2026-06,760.0
58800,FACILITIES_MRO,2026-07,760.0
58800,FACILITIES_MRO,2026-08,760.0
58800,FEES_EDU_EVENTS,2025-07,1850.0
58800,FEES_EDU_EVENTS,2025-08,1850.0
58800,FEES_EDU_EVENTS,2025-09,1850.0
58800,FEES_EDU_EVENTS,2025-10,1850.0
58800,FEES_EDU_EVENTS,2025-11,1850.0
58800,FEES_EDU_EVENTS,2025-12,1850.0
58800,FEES_EDU_EVENTS,2026-01,1850.0
58800,FEES_EDU_EVENTS,2026-02,1850.0
58800,FEES_EDU_EVENTS,2026-03,1850.0
58800,FEES_EDU_EVENTS,2026-04,1850.0
58800,FEES_EDU_EVENTS,2026-05,1850.0
58800,FEES_EDU_EVENTS,2026-06,1850.0
58800,FEES_EDU_EVENTS,2026-07,1850.0
58800,FEES_EDU_EVENTS,2026-08,1850.0
58800,FOOD,2025-07,80.0
58800,FOOD,2025-08,80.0
58800,FOOD,2025-09,80.0
58800,FOOD,2025-10,80.0
58800,FOOD,2025-11,80.0
58800,FOOD,2025-12,80.0
58800,FOOD,2026-01,80.0
58800,FOOD,2026-02,80.0
58800,FOOD,2026-03,80.0
58800,FOOD,2026-04,80.0
58800,FOOD,2026-05,80.0
58800,FOOD,2026-06,80.0
58800,FOOD,2026-07,80.0
58800,FOOD,2026-08,80.0
58800,IT_TELECOM,2025-07,2380.0
58800,IT_TELECOM,2025-08,2380.0
58800,IT_TELECOM,2025-09,2380.0
58800,IT_TELECOM,2025-10,2380.0
58800,IT_TELECOM,2025-11,2380.0
58800,IT_TELECOM,2025-12,2380.0
58800,IT_TELECOM,2026-01,2380.0
58800,IT_TELECOM,2026-02,2380.0
58800,IT_TELECOM,2026-03,2380.0
58800,IT_TELECOM,2026-04,2380.0
58800,IT_TELECOM,2026-05,2380.0
58800,IT_TELECOM,2026-06,2380.0
58800,IT_TELECOM,2026-07,2380.0
58800,IT_TELECOM,2026-08,2380.0
58800,LODGING,2025-07,1770.0
58800,LODGING,2025-08,1770.0
58800,LODGING,2025-09,1770.0
58800,LODGING,2025-10,1770.0
58800,LODGING,2025-11,1770.0
58800,LODGING,2025-12,1770.0
58800,LODGING,2026-01,1770.0
58800,LODGING,2026-02,1770.0
58800,LODGING,2026-03,1770.0
58800,LODGING,2026-04,1770.0
58800,LODGING,2026-05,1770.0
58800,LODGING,2026-06,1770.0
58800,LODGING,2026-07,1770.0
58800,LODGING,2026-08,1770.0
58800,OFFICE_PRINT,2025-07,990.0
58800,OFFICE_PRINT,2025-08,990.0
58800,OFFICE_PRINT,2025-09,990.0
58800,OFFICE_PRINT,2025-10,990.0
58800,OFFICE_PRINT,2025-11,990.0
58800,OFFICE_PRINT,2025-12,990.0
58800,OFFICE_PRINT,2026-01,990.0
58800,OFFICE_PRINT,2026-02,990.0
58800,OFFICE_PRINT,2026-03,990.0
58800,OFFICE_PRINT,2026-04,990.0
58800,OFFICE_PRINT,2026-05,990.0
58800,OFFICE_PRINT,2026-06,990.0
58800,OFFICE_PRINT,2026-07,990.0
58800,OFFICE_PRINT,2026-08,990.0
58800,PROF_SERVICES,2025-07,4720.0
58800,PROF_SERVICES,2025-08,4720.0
58800,PROF_SERVICES,2025-09,4720.0
58800,PROF_SERVICES,2025-10,4720.0
58800,PROF_SERVICES,2025-11,4720.0
58800,PROF_SERVICES,2025-12,4720.0
58800,PROF_SERVICES,2026-01,4720.0
58800,PROF_SERVICES,2026-02,4720.0
58800,PROF_SERVICES,2026-03,4720.0
58800,PROF_SERVICES,2026-04,4720.0
58800,PROF_SERVICES,2026-05,4720.0
58800,PROF_SERVICES,2026-06,4720.0
58800,PROF_SERVICES,2026-07,4720.0
58800,PROF_SERVICES,2026-08,4720.0
58800,RETAIL_GENERAL,2025-07,1210.0
58800,RETAIL_GENERAL,2025-08,1210.0
58800,RETAIL_GENERAL,2025-09,1210.0
58800,RETAIL_GENERAL,2025-10,1210.0
58800,RETAIL_GENERAL,2025-11,1210.0
58800,RETAIL_GENERAL,2025-12,1210.0
58800,RETAIL_GENERAL,2026-01,1210.0
58800,RETAIL_GENERAL,2026-02,1210.0
58800,RETAIL_GENERAL,2026-03,1210.0
58800,RETAIL_GENERAL,2026-04,1210.0
58800,RETAIL_GENERAL,2026-05,1210.0
58800,RETAIL_GENERAL,2026-06,1210.0
58800,RETAIL_GENERAL,2026-07,1210.0
58800,RETAIL_GENERAL,2026-08,1210.0
60500,AIR_TRAVEL,2025-07,2240.0
60500,AIR_TRAVEL,2025-08,2240.0
60500,AIR_TRAVEL,2025-09,2240.0
60500,AIR_TRAVEL,2025-10,2240.0
60500,AIR_TRAVEL,2025-11,2240.0
60500,AIR_TRAVEL,2025-12,2240.0
60500,AIR_TRAVEL,2026-01,2240.0
60500,AIR_TRAVEL,2026-02,2240.0
60500,AIR_TRAVEL,2026-03,2240.0
60500,AIR_TRAVEL,2026-04,2240.0
60500,AIR_TRAVEL,2026-05,2240.0
60500,AIR_TRAVEL,2026-06,2240.0
60500,AIR_TRAVEL,2026-07,2240.0
60500,AIR_TRAVEL,2026-08,2240.0
60500,FEES_EDU_EVENTS,2025-07,4080.0
60500,FEES_EDU_EVENTS,2025-08,4080.0
60500,FEES_EDU_EVENTS,2025-09,4080.0
60500,FEES_EDU_EVENTS,2025-10,4080.0
60500,FEES_EDU_EVENTS,2025-11,4080.0
60500,FEES_EDU_EVENTS,2025-12,4080.0
60500,FEES_EDU_EVENTS,2026-01,4080.0
60500,FEES_EDU_EVENTS,2026-02,4080.0
60500,FEES_EDU_EVENTS,2026-03,4080.0
60500,FEES_EDU_EVENTS,2026-04,4080.0
60500,FEES_EDU_EVENTS,2026-05,4080.0
60500,FEES_EDU_EVENTS,2026-06,4080.0
60500,FEES_EDU_EVENTS,2026-07,4080.0
60500,FEES_EDU_EVENTS,2026-08,4080.0
60500,FOOD,2025-07,110.0
60500,FOOD,2025-08,110.0
60500,FOOD,2025-09,110.0
60500,FOOD,2025-10,110.0
60500,FOOD,2025-11,110.0
60500,FOOD,2025-12,110.0
60500,FOOD,2026-01,110.0
60500,FOOD,2026-02,110.0
60500,FOOD,2026-03,110.0
60500,FOOD,2026-04,110.0
60500,FOOD,2026-05,110.0
60500,FOOD,2026-06,110.0
60500,FOOD,2026-07,110.0
60500,FOOD,2026-08,110.0
60500,IT_TELECOM,2025-07,1520.0
60500,IT_TELECOM,2025-08,1520.0
60500,IT_TELECOM,2025-09,1520.0
60500,IT_TELECOM,2025-10,1520.0
60500,IT_TELECOM,2025-11,1520.0
60500,IT_TELECOM,2025-12,1520.0
60500,IT_TELECOM,2026-01,1520.0
60500,IT_TELECOM,2026-02,1520.0
60500,IT_TELECOM,2026-03,1520.0
60500,IT_TELECOM,2026-04,1520.0
60500,IT_TELECOM,2026-05,1520.0
60500,IT_TELECOM,2026-06,1520.0
60500,IT_TELECOM,2026-07,1520.0
60500,IT_TELECOM,2026-08,1520.0
60500,OFFICE_PRINT,2025-07,380.0
60500,OFFICE_PRINT,2025-08,380.0
60500,OFFICE_PRINT,2025-09,380.0
60500,OFFICE_PRINT,2025-10,380.0
60500,OFFICE_PRINT,2025-11,380.0
60500,OFFICE_PRINT,2025-12,380.0
60500,OFFICE_PRINT,2026-01,380.0
60500,OFFICE_PRINT,2026-02,380.0
60500,OFFICE_PRINT,2026-03,380.0
60500,OFFICE_PRINT,2026-04,380.0
60500,OFFICE_PRINT,2026-05,380.0
60500,OFFICE_PRINT,2026-06,380.0
60500,OFFICE_PRINT,2026-07,380.0
60500,OFFICE_PRINT,2026-08,380.0
60500,PROF_SERVICES,2025-07,1730.0
60500,PROF_SERVICES,2025-08,1730.0
60500,PROF_SERVICES,2025-09,1730.0
60500,PROF_SERVICES,2025-10,1730.0
60500,PROF_SERVICES,2025-11,1730.0
60500,PROF_SERVICES,2025-12,1730.0
60500,PROF_SERVICES,2026-01,1730.0
60500,PROF_SERVICES,2026-02,1730.0
60500,PROF_SERVICES,2026-03,1730.0
60500,PROF_SERVICES,2026-04,1730.0
60500,PROF_SERVICES,2026-05,1730.0
60500,PROF_SERVICES,2026-06,1730.0
60500,PROF_SERVICES,2026-07,1730.0
60500,PROF_SERVICES,2026-08,1730.0
60500,RETAIL_GENERAL,2025-07,3940.0
60500,RETAIL_GENERAL,2025-08,3940.0
60500,RETAIL_GENERAL,2025-09,3940.0
60500,RETAIL_GENERAL,2025-10,3940.0
60500,RETAIL_GENERAL,2025-11,3940.0
60500,RETAIL_GENERAL,2025-12,3940.0
60500,RETAIL_GENERAL,2026-01,3940.0
60500,RETAIL_GENERAL,2026-02,3940.0
60500,RETAIL_GENERAL,2026-03,3940.0
60500,RETAIL_GENERAL,2026-04,3940.0
60500,RETAIL_GENERAL,2026-05,3940.0
60500,RETAIL_GENERAL,2026-06,3940.0
60500,RETAIL_GENERAL,2026-07,3940.0
60500,RETAIL_GENERAL,2026-08,3940.0
61000,FACILITIES_MRO,2025-07,80.0
61000,FACILITIES_MRO,2025-08,80.0
61000,FACILITIES_MRO,2025-09,80.0
61000,FACILITIES_MRO,2025-10,80.0
61000,FACILITIES_MRO,2025-11,80.0
61000,FACILITIES_MRO,2025-12,80.0
61000,FACILITIES_MRO,2026-01,80.0
61000,FACILITIES_MRO,2026-02,80.0
61000,FACILITIES_MRO,2026-03,80.0
61000,FACILITIES_MRO,2026-04,80.0
61000,FACILITIES_MRO,2026-05,80.0
61000,FACILITIES_MRO,2026-06,80.0
61000,FACILITIES_MRO,2026-07,80.0
61000,FACILITIES_MRO,2026-08,80.0
61000,FEES_EDU_EVENTS,2025-07,1660.0
61000,FEES_EDU_EVENTS,2025-08,1660.0
61000,FEES_EDU_EVENTS,2025-09,1660.0
61000,FEES_EDU_EVENTS,2025-10,1660.0
61000,FEES_EDU_EVENTS,2025-11,1660.0
61000,FEES_EDU_EVENTS,2025-12,1660.0
61000,FEES_EDU_EVENTS,2026-01,1660.0
61000,FEES_EDU_EVENTS,2026-02,1660.0
61000,FEES_EDU_EVENTS,2026-03,1660.0
61000,FEES_EDU_EVENTS,2026-04,1660.0
61000,FEES_EDU_EVENTS,2026-05,1660.0
61000,FEES_EDU_EVENTS,2026-06,1660.0
61000,FEES_EDU_EVENTS,2026-07,1660.0
61000,FEES_EDU_EVENTS,2026-08,1660.0
61000,IT_TELECOM,2025-07,340.0
61000,IT_TELECOM,2025-08,340.0
61000,IT_TELECOM,2025-09,340.0
61000,IT_TELECOM,2025-10,340.0
61000,IT_TELECOM,2025-11,340.0
61000,IT_TELECOM,2025-12,340.0
61000,IT_TELECOM,2026-01,340.0
61000,IT_TELECOM,2026-02,340.0
61000,IT_TELECOM,2026-03,340.0
61000,IT_TELECOM,2026-04,340.0
61000,IT_TELECOM,2026-05,340.0
61000,IT_TELECOM,2026-06,340.0
61000,IT_TELECOM,2026-07,340.0
61000,IT_TELECOM,2026-08,340.0
61000,LODGING,2025-07,900.0
61000,LODGING,2025-08,900.0
61000,LODGING,2025-09,900.0
61000,LODGING,2025-10,900.0
61000,LODGING,2025-11,900.0
61000,LODGING,2025-12,900.0
61000,LODGING,2026-01,900.0
61000,LODGING,2026-02,900.0
61000,LODGING,2026-03,900.0
61000,LODGING,2026-04,900.0
61000,LODGING,2026-05,900.0
61000,LODGING,2026-06,900.0
61000,LODGING,2026-07,900.0
61000,LODGING,2026-08,900.0
61000,OFFICE_PRINT,2025-07,620.0
61000,OFFICE_PRINT,2025-08,620.0
61000,OFFICE_PRINT,2025-09,620.0
61000,OFFICE_PRINT,2025-10,620.0
61000,OFFICE_PRINT,2025-11,620.0
61000,OFFICE_PRINT,2025-12,620.0
61000,OFFICE_PRINT,2026-01,620.0
61000,OFFICE_PRINT,2026-02,620.0
61000,OFFICE_PRINT,2026-03,620.0
61000,OFFICE_PRINT,2026-04,620.0
61000,OFFICE_PRINT,2026-05,620.0
61000,OFFICE_PRINT,2026-06,620.0
61000,OFFICE_PRINT,2026-07,620.0
61000,OFFICE_PRINT,2026-08,620.0
61000,PROF_SERVICES,2025-07,600.0
61000,PROF_SERVICES,2025-08,600.0
61000,PROF_SERVICES,2025-09,600.0
61000,PROF_SERVICES,2025-10,600.0
61000,PROF_SERVICES,2025-11,600.0
61000,PROF_SERVICES,2025-12,600.0
61000,PROF_SERVICES,2026-01,600.0
61000,PROF_SERVICES,2026-02,600.0
61000,PROF_SERVICES,2026-03,600.0
61000,PROF_SERVICES,2026-04,600.0
61000,PROF_SERVICES,2026-05,600.0
61000,PROF_SERVICES,2026-06,600.0
61000,PROF_SERVICES,2026-07,600.0
61000,PROF_SERVICES,2026-08,600.0
61900,LODGING,2025-07,800.0
61900,LODGING,2025-08,800.0
61900,LODGING,2025-09,800.0
61900,LODGING,2025-10,800.0
61900,LODGING,2025-11,800.0
61900,LODGING,2025-12,800.0
61900,LODGING,2026-01,800.0
61900,LODGING,2026-02,800.0
61900,LODGING,2026-03,800.0
61900,LODGING,2026-04,800.0
61900,LODGING,2026-05,800.0
61900,LODGING,2026-06,800.0
61900,LODGING,2026-07,800.0
61900,LODGING,2026-08,800.0
61900,OFFICE_PRINT,2025-07,130.0
61900,OFFICE_PRINT,2025-08,130.0
61900,OFFICE_PRINT,2025-09,130.0
61900,OFFICE_PRINT,2025-10,130.0
61900,OFFICE_PRINT,2025-11,130.0
61900,OFFICE_PRINT,2025-12,130.0
61900,OFFICE_PRINT,2026-01,130.0
61900,OFFICE_PRINT,2026-02,130.0
61900,OFFICE_PRINT,2026-03,130.0
61900,OFFICE_PRINT,2026-04,130.0
61900,OFFICE_PRINT,2026-05,130.0
61900,OFFICE_PRINT,2026-06,130.0
61900,OFFICE_PRINT,2026-07,130.0
61900,OFFICE_PRINT,2026-08,130.0
61900,RETAIL_GENERAL,2025-07,940.0
61900,RETAIL_GENERAL,2025-08,940.0
61900,RETAIL_GENERAL,2025-09,940.0
61900,RETAIL_GENERAL,2025-10,940.0
61900,RETAIL_GENERAL,2025-11,940.0
61900,RETAIL_GENERAL,2025-12,940.0
61900,RETAIL_GENERAL,2026-01,940.0
61900,RETAIL_GENERAL,2026-02,940.0
61900,RETAIL_GENERAL,2026-03,940.0
61900,RETAIL_GENERAL,2026-04,940.0
61900,RETAIL_GENERAL,2026-05,940.0
61900,RETAIL_GENERAL,2026-06,940.0
61900,RETAIL_GENERAL,2026-07,940.0
61900,RETAIL_GENERAL,2026-08,940.0
62300,AIR_TRAVEL,2025-07,3160.0
62300,AIR_TRAVEL,2025-08,3160.0
62300,AIR_TRAVEL,2025-09,3160.0
62300,AIR_TRAVEL,2025-10,3160.0
62300,AIR_TRAVEL,2025-11,3160.0
62300,AIR_TRAVEL,2025-12,3160.0
62300,AIR_TRAVEL,2026-01,3160.0
62300,AIR_TRAVEL,2026-02,3160.0
62300,AIR_TRAVEL,2026-03,3160.0
62300,AIR_TRAVEL,2026-04,3160.0
62300,AIR_TRAVEL,2026-05,3160.0
62300,AIR_TRAVEL,2026-06,3160.0
62300,AIR_TRAVEL,2026-07,3160.0
62300,AIR_TRAVEL,2026-08,3160.0
62300,APPAREL_SPORTS,2025-07,2010.0
62300,APPAREL_SPORTS,2025-08,2010.0
62300,APPAREL_SPORTS,2025-09,2010.0
62300,APPAREL_SPORTS,2025-10,2010.0
62300,APPAREL_SPORTS,2025-11,2010.0
62300,APPAREL_SPORTS,2025-12,2010.0
62300,APPAREL_SPORTS,2026-01,2010.0
62300,APPAREL_SPORTS,2026-02,2010.0
62300,APPAREL_SPORTS,2026-03,2010.0
62300,APPAREL_SPORTS,2026-04,2010.0
62300,APPAREL_SPORTS,2026-05,2010.0
62300,APPAREL_SPORTS,2026-06,2010.0
62300,APPAREL_SPORTS,2026-07,2010.0
62300,APPAREL_SPORTS,2026-08,2010.0
62300,FACILITIES_MRO,2025-07,3890.0
62300,FACILITIES_MRO,2025-08,3890.0
62300,FACILITIES_MRO,2025-09,3890.0
62300,FACILITIES_MRO,2025-10,3890.0
62300,FACILITIES_MRO,2025-11,3890.0
62300,FACILITIES_MRO,2025-12,3890.0
62300,FACILITIES_MRO,2026-01,3890.0
62300,FACILITIES_MRO,2026-02,3890.0
62300,FACILITIES_MRO,2026-03,3890.0
62300,FACILITIES_MRO,2026-04,3890.0
62300,FACILITIES_MRO,2026-05,3890.0
62300,FACILITIES_MRO,2026-06,3890.0
62300,FACILITIES_MRO,2026-07,3890.0
62300,FACILITIES_MRO,2026-08,3890.0
62300,FEES_EDU_EVENTS,2025-07,24900.0
62300,FEES_EDU_EVENTS,2025-08,24900.0
62300,FEES_EDU_EVENTS,2025-09,24900.0
62300,FEES_EDU_EVENTS,2025-10,24900.0
62300,FEES_EDU_EVENTS,2025-11,24900.0
62300,FEES_EDU_EVENTS,2025-12,24900.0
62300,FEES_EDU_EVENTS,2026-01,24900.0
62300,FEES_EDU_EVENTS,2026-02,24900.0
62300,FEES_EDU_EVENTS,2026-03,24900.0
62300,FEES_EDU_EVENTS,2026-04,24900.0
62300,FEES_EDU_EVENTS,2026-05,24900.0
62300,FEES_EDU_EVENTS,2026-06,24900.0
62300,FEES_EDU_EVENTS,2026-07,24900.0
62300,FEES_EDU_EVENTS,2026-08,24900.0
62300,FOOD,2025-07,10630.0
62300,FOOD,2025-08,10630.0
62300,FOOD,2025-09,10630.0
62300,FOOD,2025-10,10630.0
62300,FOOD,2025-11,10630.0
62300,FOOD,2025-12,10630.0
62300,FOOD,2026-01,10630.0
62300,FOOD,2026-02,10630.0
62300,FOOD,2026-03,10630.0
62300,FOOD,2026-04,10630.0
62300,FOOD,2026-05,10630.0
62300,FOOD,2026-06,10630.0
62300,FOOD,2026-07,10630.0
62300,FOOD,2026-08,10630.0
62300,IT_TELECOM,2025-07,3610.0
62300,IT_TELECOM,2025-08,3610.0
62300,IT_TELECOM,2025-09,3610.0
62300,IT_TELECOM,2025-10,3610.0
62300,IT_TELECOM,2025-11,3610.0
62300,IT_TELECOM,2025-12,3610.0
62300,IT_TELECOM,2026-01,3610.0
62300,IT_TELECOM,2026-02,3610.0
62300,IT_TELECOM,2026-03,3610.0
62300,IT_TELECOM,2026-04,3610.0
62300,IT_TELECOM,2026-05,3610.0
62300,IT_TELECOM,2026-06,3610.0
62300,IT_TELECOM,2026-07,3610.0
62300,IT_TELECOM,2026-08,3610.0
62300,LODGING,2025-07,13660.0
62300,LODGING,2025-08,13660.0
62300,LODGING,2025-09,13660.0
62300,LODGING,2025-10,13660.0
62300,LODGING,2025-11,13660.0
62300,LODGING,2025-12,13660.0
62300,LODGING,2026-01,13660.0
62300,LODGING,2026-02,13660.0
62300,LODGING,2026-03,13660.0
62300,LODGING,2026-04,13660.0
62300,LODGING,2026-05,13660.0
62300,LODGING,2026-06,13660.0
62300,LODGING,2026-07,13660.0
62300,LODGING,2026-08,13660.0
62300,OFFICE_PRINT,2025-07,4190.0
62300,OFFICE_PRINT,2025-08,4190.0
62300,OFFICE_PRINT,2025-09,4190.0
62300,OFFICE_PRINT,2025-10,4190.0
62300,OFFICE_PRINT,2025-11,4190.0
62300,OFFICE_PRINT,2025-12,4190.0
62300,OFFICE_PRINT,2026-01,4190.0
62300,OFFICE_PRINT,2026-02,4190.0
62300,OFFICE_PRINT,2026-03,4190.0
62300,OFFICE_PRINT,2026-04,4190.0
62300,OFFICE_PRINT,2026-05,4190.0
62300,OFFICE_PRINT,2026-06,4190.0
62300,OFFICE_PRINT,2026-07,4190.0
62300,OFFICE_PRINT,2026-08,4190.0
62300,PROF_SERVICES,2025-07,5250.0
62300,PROF_SERVICES,2025-08,5250.0
62300,PROF_SERVICES,2025-09,5250.0
62300,PROF_SERVICES,2025-10,5250.0
62300,PROF_SERVICES,2025-11,5250.0
62300,PROF_SERVICES,2025-12,5250.0
62300,PROF_SERVICES,2026-01,5250.0
62300,PROF_SERVICES,2026-02,5250.0
62300,PROF_SERVICES,2026-03,5250.0
62300,PROF_SERVICES,2026-04,5250.0
62300,PROF_SERVICES,2026-05,5250.0
62300,PROF_SERVICES,2026-06,5250.0
62300,PROF_SERVICES,2026-07,5250.0
62300,PROF_SERVICES,2026-08,5250.0
62300,RETAIL_GENERAL,2025-07,9520.0
62300,RETAIL_GENERAL,2025-08,9520.0
62300,RETAIL_GENERAL,2025-09,9520.0
62300,RETAIL_GENERAL,2025-10,9520.0
62300,RETAIL_GENERAL,2025-11,9520.0
62300,RETAIL_GENERAL,2025-12,9520.0
62300,RETAIL_GENERAL,2026-01,9520.0
62300,RETAIL_GENERAL,2026-02,9520.0
62300,RETAIL_GENERAL,2026-03,9520.0
62300,RETAIL_GENERAL,2026-04,9520.0
62300,RETAIL_GENERAL,2026-05,9520.0
62300,RETAIL_GENERAL,2026-06,9520.0
62300,RETAIL_GENERAL,2026-07,9520.0
62300,RETAIL_GENERAL,2026-08,9520.0
62300,VEHICLE_FUEL,2025-07,540.0
62300,VEHICLE_FUEL,2025-08,540.0
62300,VEHICLE_FUEL,2025-09,540.0
62300,VEHICLE_FUEL,2025-10,540.0
62300,VEHICLE_FUEL,2025-11,540.0
62300,VEHICLE_FUEL,2025-12,540.0
62300,VEHICLE_FUEL,2026-01,540.0
62300,VEHICLE_FUEL,2026-02,540.0
62300,VEHICLE_FUEL,2026-03,540.0
62300,VEHICLE_FUEL,2026-04,540.0
62300,VEHICLE_FUEL,2026-05,540.0
62300,VEHICLE_FUEL,2026-06,540.0
62300,VEHICLE_FUEL,2026-07,540.0
62300,VEHICLE_FUEL,2026-08,540.0
62800,FEES_EDU_EVENTS,2025-07,3590.0
62800,FEES_EDU_EVENTS,2025-08,3590.0
62800,FEES_EDU_EVENTS,2025-09,3590.0
62800,FEES_EDU_EVENTS,2025-10,3590.0
62800,FEES_EDU_EVENTS,2025-11,3590.0
62800,FEES_EDU_EVENTS,2025-12,3590.0
62800,FEES_EDU_EVENTS,2026-01,3590.0
62800,FEES_EDU_EVENTS,2026-02,3590.0
62800,FEES_EDU_EVENTS,2026-03,3590.0
62800,FEES_EDU_EVENTS,2026-04,3590.0
62800,FEES_EDU_EVENTS,2026-05,3590.0
62800,FEES_EDU_EVENTS,2026-06,3590.0
62800,FEES_EDU_EVENTS,2026-07,3590.0
62800,FEES_EDU_EVENTS,2026-08,3590.0
62800,IT_TELECOM,2025-07,850.0
62800,IT_TELECOM,2025-08,850.0
62800,IT_TELECOM,2025-09,850.0
62800,IT_TELECOM,2025-10,850.0
62800,IT_TELECOM,2025-11,850.0
62800,IT_TELECOM,2025-12,850.0
62800,IT_TELECOM,2026-01,850.0
62800,IT_TELECOM,2026-02,850.0
62800,IT_TELECOM,2026-03,850.0
62800,IT_TELECOM,2026-04,850.0
62800,IT_TELECOM,2026-05,850.0
62800,IT_TELECOM,2026-06,850.0
62800,IT_TELECOM,2026-07,850.0
62800,IT_TELECOM,2026-08,850.0
62800,LODGING,2025-07,470.0
62800,LODGING,2025-08,470.0
62800,LODGING,2025-09,470.0
62800,LODGING,2025-10,470.0
62800,LODGING,2025-11,470.0
62800,LODGING,2025-12,470.0
62800,LODGING,2026-01,470.0
62800,LODGING,2026-02,470.0
62800,LODGING,2026-03,470.0
62800,LODGING,2026-04,470.0
62800,LODGING,2026-05,470.0
62800,LODGING,2026-06,470.0
62800,LODGING,2026-07,470.0
62800,LODGING,2026-08,470.0
62800,OFFICE_PRINT,2025-07,610.0
62800,OFFICE_PRINT,2025-08,610.0
62800,OFFICE_PRINT,2025-09,610.0
62800,OFFICE_PRINT,2025-10,610.0
62800,OFFICE_PRINT,2025-11,610.0
62800,OFFICE_PRINT,2025-12,610.0
62800,OFFICE_PRINT,2026-01,610.0
62800,OFFICE_PRINT,2026-02,610.0
62800,OFFICE_PRINT,2026-03,610.0
62800,OFFICE_PRINT,2026-04,610.0
62800,OFFICE_PRINT,2026-05,610.0
62800,OFFICE_PRINT,2026-06,610.0
62800,OFFICE_PRINT,2026-07,610.0
62800,OFFICE_PRINT,2026-08,610.0
62800,PROF_SERVICES,2025-07,1210.0
62800,PROF_SERVICES,2025-08,1210.0
62800,PROF_SERVICES,2025-09,1210.0
62800,PROF_SERVICES,2025-10,1210.0
62800,PROF_SERVICES,2025-11,1210.0
62800,PROF_SERVICES,2025-12,1210.0
62800,PROF_SERVICES,2026-01,1210.0
62800,PROF_SERVICES,2026-02,1210.0
62800,PROF_SERVICES,2026-03,1210.0
62800,PROF_SERVICES,2026-04,1210.0
62800,PROF_SERVICES,2026-05,1210.0
62800,PROF_SERVICES,2026-06,1210.0
62800,PROF_SERVICES,2026-07,1210.0
62800,PROF_SERVICES,2026-08,1210.0
62800,RETAIL_GENERAL,2025-07,390.0
62800,RETAIL_GENERAL,2025-08,390.0
62800,RETAIL_GENERAL,2025-09,390.0
62800,RETAIL_GENERAL,2025-10,390.0
62800,RETAIL_GENERAL,2025-11,390.0
62800,RETAIL_GENERAL,2025-12,390.0
62800,RETAIL_GENERAL,2026-01,390.0
62800,RETAIL_GENERAL,2026-02,390.0
62800,RETAIL_GENERAL,2026-03,390.0
62800,RETAIL_GENERAL,2026-04,390.0
62800,RETAIL_GENERAL,2026-05,390.0
62800,RETAIL_GENERAL,2026-06,390.0
62800,RETAIL_GENERAL,2026-07,390.0
62800,RETAIL_GENERAL,2026-08,390.0
62900,FACILITIES_MRO,2025-07,3360.0
62900,FACILITIES_MRO,2025-08,3360.0
62900,FACILITIES_MRO,2025-09,3360.0
62900,FACILITIES_MRO,2025-10,3360.0
62900,FACILITIES_MRO,2025-11,3360.0
62900,FACILITIES_MRO,2025-12,3360.0
62900,FACILITIES_MRO,2026-01,3360.0
62900,FACILITIES_MRO,2026-02,3360.0
62900,FACILITIES_MRO,2026-03,3360.0
62900,FACILITIES_MRO,2026-04,3360.0
62900,FACILITIES_MRO,2026-05,3360.0
62900,FACILITIES_MRO,2026-06,3360.0
62900,FACILITIES_MRO,2026-07,3360.0
62900,FACILITIES_MRO,2026-08,3360.0
62900,FEES_EDU_EVENTS,2025-07,960.0
62900,FEES_EDU_EVENTS,2025-08,960.0
62900,FEES_EDU_EVENTS,2025-09,960.0
62900,FEES_EDU_EVENTS,2025-10,960.0
62900,FEES_EDU_EVENTS,2025-11,960.0
62900,FEES_EDU_EVENTS,2025-12,960.0
62900,FEES_EDU_EVENTS,2026-01,960.0
62900,FEES_EDU_EVENTS,2026-02,960.0
62900,FEES_EDU_EVENTS,2026-03,960.0
62900,FEES_EDU_EVENTS,2026-04,960.0
62900,FEES_EDU_EVENTS,2026-05,960.0
62900,FEES_EDU_EVENTS,2026-06,960.0
62900,FEES_EDU_EVENTS,2026-07,960.0
62900,FEES_EDU_EVENTS,2026-08,960.0
62900,IT_TELECOM,2025-07,1060.0
62900,IT_TELECOM,2025-08,1060.0
62900,IT_TELECOM,2025-09,1060.0
62900,IT_TELECOM,2025-10,1060.0
62900,IT_TELECOM,2025-11,1060.0
62900,IT_TELECOM,2025-12,1060.0
62900,IT_TELECOM,2026-01,1060.0
62900,IT_TELECOM,2026-02,1060.0
62900,IT_TELECOM,2026-03,1060.0
62900,IT_TELECOM,2026-04,1060.0
62900,IT_TELECOM,2026-05,1060.0
62900,IT_TELECOM,2026-06,1060.0
62900,IT_TELECOM,2026-07,1060.0
62900,IT_TELECOM,2026-08,1060.0
62900,MEDICAL_LAB,2025-07,1460.0
62900,MEDICAL_LAB,2025-08,1460.0
62900,MEDICAL_LAB,2025-09,1460.0
62900,MEDICAL_LAB,2025-10,1460.0
62900,MEDICAL_LAB,2025-11,1460.0
62900,MEDICAL_LAB,2025-12,1460.0
62900,MEDICAL_LAB,2026-01,1460.0
62900,MEDICAL_LAB,2026-02,1460.0
62900,MEDICAL_LAB,2026-03,1460.0
62900,MEDICAL_LAB,2026-04,1460.0
62900,MEDICAL_LAB,2026-05,1460.0
62900,MEDICAL_LAB,2026-06,1460.0
62900,MEDICAL_LAB,2026-07,1460.0
62900,MEDICAL_LAB,2026-08,1460.0
62900,OFFICE_PRINT,2025-07,280.0
62900,OFFICE_PRINT,2025-08,280.0
62900,OFFICE_PRINT,2025-09,280.0
62900,OFFICE_PRINT,2025-10,280.0
62900,OFFICE_PRINT,2025-11,280.0
62900,OFFICE_PRINT,2025-12,280.0
62900,OFFICE_PRINT,2026-01,280.0
62900,OFFICE_PRINT,2026-02,280.0
62900,OFFICE_PRINT,2026-03,280.0
62900,OFFICE_PRINT,2026-04,280.0
62900,OFFICE_PRINT,2026-05,280.0
62900,OFFICE_PRINT,2026-06,280.0
62900,OFFICE_PRINT,2026-07,280.0
62900,OFFICE_PRINT,2026-08,280.0
62900,PROF_SERVICES,2025-07,1220.0
62900,PROF_SERVICES,2025-08,1220.0
62900,PROF_SERVICES,2025-09,1220.0
62900,PROF_SERVICES,2025-10,1220.0
62900,PROF_SERVICES,2025-11,1220.0
62900,PROF_SERVICES,2025-12,1220.0
62900,PROF_SERVICES,2026-01,1220.0
62900,PROF_SERVICES,2026-02,1220.0
62900,PROF_SERVICES,2026-03,1220.0
62900,PROF_SERVICES,2026-04,1220.0
62900,PROF_SERVICES,2026-05,1220.0
62900,PROF_SERVICES,2026-06,1220.0
62900,PROF_SERVICES,2026-07,1220.0
62900,PROF_SERVICES,2026-08,1220.0
62900,RETAIL_GENERAL,2025-07,1470.0
62900,RETAIL_GENERAL,2025-08,1470.0
62900,RETAIL_GENERAL,2025-09,1470.0
62900,RETAIL_GENERAL,2025-10,1470.0
62900,RETAIL_GENERAL,2025-11,1470.0
62900,RETAIL_GENERAL,2025-12,1470.0
62900,RETAIL_GENERAL,2026-01,1470.0
62900,RETAIL_GENERAL,2026-02,1470.0
62900,RETAIL_GENERAL,2026-03,1470.0
62900,RETAIL_GENERAL,2026-04,1470.0
62900,RETAIL_GENERAL,2026-05,1470.0
62900,RETAIL_GENERAL,2026-06,1470.0
62900,RETAIL_GENERAL,2026-07,1470.0
62900,RETAIL_GENERAL,2026-08,1470.0
62900,UTILITIES,2025-07,7240.0
62900,UTILITIES,2025-08,7240.0
62900,UTILITIES,2025-09,7240.0
62900,UTILITIES,2025-10,7240.0
62900,UTILITIES,2025-11,7240.0
62900,UTILITIES,2025-12,7240.0
62900,UTILITIES,2026-01,7240.0
62900,UTILITIES,2026-02,7240.0
62900,UTILITIES,2026-03,7240.0
62900,UTILITIES,2026-04,7240.0
62900,UTILITIES,2026-05,7240.0
62900,UTILITIES,2026-06,7240.0
62900,UTILITIES,2026-07,7240.0
62900,UTILITIES,2026-08,7240.0
63000,FEES_EDU_EVENTS,2025-07,1290.0
63000,FEES_EDU_EVENTS,2025-08,1290.0
63000,FEES_EDU_EVENTS,2025-09,1290.0
63000,FEES_EDU_EVENTS,2025-10,1290.0
63000,FEES_EDU_EVENTS,2025-11,1290.0
63000,FEES_EDU_EVENTS,2025-12,1290.0
63000,FEES_EDU_EVENTS,2026-01,1290.0
63000,FEES_EDU_EVENTS,2026-02,1290.0
63000,FEES_EDU_EVENTS,2026-03,1290.0
63000,FEES_EDU_EVENTS,2026-04,1290.0
63000,FEES_EDU_EVENTS,2026-05,1290.0
63000,FEES_EDU_EVENTS,2026-06,1290.0
63000,FEES_EDU_EVENTS,2026-07,1290.0
63000,FEES_EDU_EVENTS,2026-08,1290.0
63000,IT_TELECOM,2025-07,9150.0
63000,IT_TELECOM,2025-08,9150.0
63000,IT_TELECOM,2025-09,9150.0
63000,IT_TELECOM,2025-10,9150.0
63000,IT_TELECOM,2025-11,9150.0
63000,IT_TELECOM,2025-12,9150.0
63000,IT_TELECOM,2026-01,9150.0
63000,IT_TELECOM,2026-02,9150.0
63000,IT_TELECOM,2026-03,9150.0
63000,IT_TELECOM,2026-04,9150.0
63000,IT_TELECOM,2026-05,9150.0
63000,IT_TELECOM,2026-06,9150.0
63000,IT_TELECOM,2026-07,9150.0
63000,IT_TELECOM,2026-08,9150.0
63000,OFFICE_PRINT,2025-07,580.0
63000,OFFICE_PRINT,2025-08,580.0
63000,OFFICE_PRINT,2025-09,580.0
63000,OFFICE_PRINT,2025-10,580.0
63000,OFFICE_PRINT,2025-11,580.0
63000,OFFICE_PRINT,2025-12,580.0
63000,OFFICE_PRINT,2026-01,580.0
63000,OFFICE_PRINT,2026-02,580.0
63000,OFFICE_PRINT,2026-03,580.0
63000,OFFICE_PRINT,2026-04,580.0
63000,OFFICE_PRINT,2026-05,580.0
63000,OFFICE_PRINT,2026-06,580.0
63000,OFFICE_PRINT,2026-07,580.0
63000,OFFICE_PRINT,2026-08,580.0
63000,PROF_SERVICES,2025-07,9630.0
63000,PROF_SERVICES,2025-08,9630.0
63000,PROF_SERVICES,2025-09,9630.0
63000,PROF_SERVICES,2025-10,9630.0
63000,PROF_SERVICES,2025-11,9630.0
63000,PROF_SERVICES,2025-12,9630.0
63000,PROF_SERVICES,2026-01,9630.0
63000,PROF_SERVICES,2026-02,9630.0
63000,PROF_SERVICES,2026-03,9630.0
63000,PROF_SERVICES,2026-04,9630.0
63000,PROF_SERVICES,2026-05,9630.0
63000,PROF_SERVICES,2026-06,9630.0
63000,PROF_SERVICES,2026-07,9630.0
63000,PROF_SERVICES,2026-08,9630.0
63000,RETAIL_GENERAL,2025-07,490.0
63000,RETAIL_GENERAL,2025-08,490.0
63000,RETAIL_GENERAL,2025-09,490.0
63000,RETAIL_GENERAL,2025-10,490.0
63000,RETAIL_GENERAL,2025-11,490.0
63000,RETAIL_GENERAL,2025-12,490.0
63000,RETAIL_GENERAL,2026-01,490.0
63000,RETAIL_GENERAL,2026-02,490.0
63000,RETAIL_GENERAL,2026-03,490.0
63000,RETAIL_GENERAL,2026-04,490.0
63000,RETAIL_GENERAL,2026-05,490.0
63000,RETAIL_GENERAL,2026-06,490.0
63000,RETAIL_GENERAL,2026-07,490.0
63000,RETAIL_GENERAL,2026-08,490.0
63200,FEES_EDU_EVENTS,2025-07,390.0
63200,FEES_EDU_EVENTS,2025-08,390.0
63200,FEES_EDU_EVENTS,2025-09,390.0
63200,FEES_EDU_EVENTS,2025-10,390.0
63200,FEES_EDU_EVENTS,2025-11,390.0
63200,FEES_EDU_EVENTS,2025-12,390.0
63200,FEES_EDU_EVENTS,2026-01,390.0
63200,FEES_EDU_EVENTS,2026-02,390.0
63200,FEES_EDU_EVENTS,2026-03,390.0
63200,FEES_EDU_EVENTS,2026-04,390.0
63200,FEES_EDU_EVENTS,2026-05,390.0
63200,FEES_EDU_EVENTS,2026-06,390.0
63200,FEES_EDU_EVENTS,2026-07,390.0
63200,FEES_EDU_EVENTS,2026-08,390.0
63200,OFFICE_PRINT,2025-07,210.0
63200,OFFICE_PRINT,2025-08,210.0
63200,OFFICE_PRINT,2025-09,210.0
63200,OFFICE_PRINT,2025-10,210.0
63200,OFFICE_PRINT,2025-11,210.0
63200,OFFICE_PRINT,2025-12,210.0
63200,OFFICE_PRINT,2026-01,210.0
63200,OFFICE_PRINT,2026-02,210.0
63200,OFFICE_PRINT,2026-03,210.0
63200,OFFICE_PRINT,2026-04,210.0
63200,OFFICE_PRINT,2026-05,210.0
63200,OFFICE_PRINT,2026-06,210.0
63200,OFFICE_PRINT,2026-07,210.0
63200,OFFICE_PRINT,2026-08,210.0
63300,AGRI_ANIMAL,2025-07,90.0
63300,AGRI_ANIMAL,2025-08,90.0
63300,AGRI_ANIMAL,2025-09,90.0
63300,AGRI_ANIMAL,2025-10,90.0
63300,AGRI_ANIMAL,2025-11,90.0
63300,AGRI_ANIMAL,2025-12,90.0
63300,AGRI_ANIMAL,2026-01,90.0
63300,AGRI_ANIMAL,2026-02,90.0
63300,AGRI_ANIMAL,2026-03,90.0
63300,AGRI_ANIMAL,2026-04,90.0
63300,AGRI_ANIMAL,2026-05,90.0
63300,AGRI_ANIMAL,2026-06,90.0
63300,AGRI_ANIMAL,2026-07,90.0
63300,AGRI_ANIMAL,2026-08,90.0
63300,AIR_TRAVEL,2025-07,9300.0
63300,AIR_TRAVEL,2025-08,9300.0
63300,AIR_TRAVEL,2025-09,9300.0
63300,AIR_TRAVEL,2025-10,9300.0
63300,AIR_TRAVEL,2025-11,9300.0
63300,AIR_TRAVEL,2025-12,9300.0
63300,AIR_TRAVEL,2026-01,9300.0
63300,AIR_TRAVEL,2026-02,9300.0
63300,AIR_TRAVEL,2026-03,9300.0
63300,AIR_TRAVEL,2026-04,9300.0
63300,AIR_TRAVEL,2026-05,9300.0
63300,AIR_TRAVEL,2026-06,9300.0
63300,AIR_TRAVEL,2026-07,9300.0
63300,AIR_TRAVEL,2026-08,9300.0
63300,FACILITIES_MRO,2025-07,7990.0
63300,FACILITIES_MRO,2025-08,7990.0
63300,FACILITIES_MRO,2025-09,7990.0
63300,FACILITIES_MRO,2025-10,7990.0
63300,FACILITIES_MRO,2025-11,7990.0
63300,FACILITIES_MRO,2025-12,7990.0
63300,FACILITIES_MRO,2026-01,7990.0
63300,FACILITIES_MRO,2026-02,7990.0
63300,FACILITIES_MRO,2026-03,7990.0
63300,FACILITIES_MRO,2026-04,7990.0
63300,FACILITIES_MRO,2026-05,7990.0
63300,FACILITIES_MRO,2026-06,7990.0
63300,FACILITIES_MRO,2026-07,7990.0
63300,FACILITIES_MRO,2026-08,7990.0
63300,FEES_EDU_EVENTS,2025-07,18510.0
63300,FEES_EDU_EVENTS,2025-08,18510.0
63300,FEES_EDU_EVENTS,2025-09,18510.0
63300,FEES_EDU_EVENTS,2025-10,18510.0
63300,FEES_EDU_EVENTS,2025-11,18510.0
63300,FEES_EDU_EVENTS,2025-12,18510.0
63300,FEES_EDU_EVENTS,2026-01,18510.0
63300,FEES_EDU_EVENTS,2026-02,18510.0
63300,FEES_EDU_EVENTS,2026-03,18510.0
63300,FEES_EDU_EVENTS,2026-04,18510.0
63300,FEES_EDU_EVENTS,2026-05,18510.0
63300,FEES_EDU_EVENTS,2026-06,18510.0
63300,FEES_EDU_EVENTS,2026-07,18510.0
63300,FEES_EDU_EVENTS,2026-08,18510.0
63300,FOOD,2025-07,9840.0
63300,FOOD,2025-08,9840.0
63300,FOOD,2025-09,9840.0
63300,FOOD,2025-10,9840.0
63300,FOOD,2025-11,9840.0
63300,FOOD,2025-12,9840.0
63300,FOOD,2026-01,9840.0
63300,FOOD,2026-02,9840.0
63300,FOOD,2026-03,9840.0
63300,FOOD,2026-04,9840.0
63300,FOOD,2026-05,9840.0
63300,FOOD,2026-06,9840.0
63300,FOOD,2026-07,9840.0
63300,FOOD,2026-08,9840.0
63300,GROUND_TRANSPORT,2025-07,1050.0
63300,GROUND_TRANSPORT,2025-08,1050.0
63300,GROUND_TRANSPORT,2025-09,1050.0
63300,GROUND_TRANSPORT,2025-10,1050.0
63300,GROUND_TRANSPORT,2025-11,1050.0
63300,GROUND_TRANSPORT,2025-12,1050.0
63300,GROUND_TRANSPORT,2026-01,1050.0
63300,GROUND_TRANSPORT,2026-02,1050.0
63300,GROUND_TRANSPORT,2026-03,1050.0
63300,GROUND_TRANSPORT,2026-04,1050.0
63300,GROUND_TRANSPORT,2026-05,1050.0
63300,GROUND_TRANSPORT,2026-06,1050.0
63300,GROUND_TRANSPORT,2026-07,1050.0
63300,GROUND_TRANSPORT,2026-08,1050.0
63300,IT_TELECOM,2025-07,5470.0
63300,IT_TELECOM,2025-08,5470.0
63300,IT_TELECOM,2025-09,5470.0
63300,IT_TELECOM,2025-10,5470.0
63300,IT_TELECOM,2025-11,5470.0
63300,IT_TELECOM,2025-12,5470.0
63300,IT_TELECOM,2026-01,5470.0
63300,IT_TELECOM,2026-02,5470.0
63300,IT_TELECOM,2026-03,5470.0
63300,IT_TELECOM,2026-04,5470.0
63300,IT_TELECOM,2026-05,5470.0
63300,IT_TELECOM,2026-06,5470.0
63300,IT_TELECOM,2026-07,5470.0
63300,IT_TELECOM,2026-08,5470.0
63300,LODGING,2025-07,10170.0
63300,LODGING,2025-08,10170.0
63300,LODGING,2025-09,10170.0
63300,LODGING,2025-10,10170.0
63300,LODGING,2025-11,10170.0
63300,LODGING,2025-12,10170.0
63300,LODGING,2026-01,10170.0
63300,LODGING,2026-02,10170.0
63300,LODGING,2026-03,10170.0
63300,LODGING,2026-04,10170.0
63300,LODGING,2026-05,10170.0
63300,LODGING,2026-06,10170.0
63300,LODGING,2026-07,10170.0
63300,LODGING,2026-08,10170.0
63300,OFFICE_PRINT,2025-07,2560.0
63300,OFFICE_PRINT,2025-08,2560.0
63300,OFFICE_PRINT,2025-09,2560.0
63300,OFFICE_PRINT,2025-10,2560.0
63300,OFFICE_PRINT,2025-11,2560.0
63300,OFFICE_PRINT,2025-12,2560.0
63300,OFFICE_PRINT,2026-01,2560.0
63300,OFFICE_PRINT,2026-02,2560.0
63300,OFFICE_PRINT,2026-03,2560.0
63300,OFFICE_PRINT,2026-04,2560.0
63300,OFFICE_PRINT,2026-05,2560.0
63300,OFFICE_PRINT,2026-06,2560.0
63300,OFFICE_PRINT,2026-07,2560.0
63300,OFFICE_PRINT,2026-08,2560.0
63300,PROF_SERVICES,2025-07,9240.0
63300,PROF_SERVICES,2025-08,9240.0
63300,PROF_SERVICES,2025-09,9240.0
63300,PROF_SERVICES,2025-10,9240.0
63300,PROF_SERVICES,2025-11,9240.0
63300,PROF_SERVICES,2025-12,9240.0
63300,PROF_SERVICES,2026-01,9240.0
63300,PROF_SERVICES,2026-02,9240.0
63300,PROF_SERVICES,2026-03,9240.0
63300,PROF_SERVICES,2026-04,9240.0
63300,PROF_SERVICES,2026-05,9240.0
63300,PROF_SERVICES,2026-06,9240.0
63300,PROF_SERVICES,2026-07,9240.0
63300,PROF_SERVICES,2026-08,9240.0
63300,RETAIL_GENERAL,2025-07,6070.0
63300,RETAIL_GENERAL,2025-08,6070.0
63300,RETAIL_GENERAL,2025-09,6070.0
63300,RETAIL_GENERAL,2025-10,6070.0
63300,RETAIL_GENERAL,2025-11,6070.0
63300,RETAIL_GENERAL,2025-12,6070.0
63300,RETAIL_GENERAL,2026-01,6070.0
63300,RETAIL_GENERAL,2026-02,6070.0
63300,RETAIL_GENERAL,2026-03,6070.0
63300,RETAIL_GENERAL,2026-04,6070.0
63300,RETAIL_GENERAL,2026-05,6070.0
63300,RETAIL_GENERAL,2026-06,6070.0
63300,RETAIL_GENERAL,2026-07,6070.0
63300,RETAIL_GENERAL,2026-08,6070.0
63500,FEES_EDU_EVENTS,2025-07,820.0
63500,FEES_EDU_EVENTS,2025-08,820.0
63500,FEES_EDU_EVENTS,2025-09,820.0
63500,FEES_EDU_EVENTS,2025-10,820.0
63500,FEES_EDU_EVENTS,2025-11,820.0
63500,FEES_EDU_EVENTS,2025-12,820.0
63500,FEES_EDU_EVENTS,2026-01,820.0
63500,FEES_EDU_EVENTS,2026-02,820.0
63500,FEES_EDU_EVENTS,2026-03,820.0
63500,FEES_EDU_EVENTS,2026-04,820.0
63500,FEES_EDU_EVENTS,2026-05,820.0
63500,FEES_EDU_EVENTS,2026-06,820.0
63500,FEES_EDU_EVENTS,2026-07,820.0
63500,FEES_EDU_EVENTS,2026-08,820.0
63500,LODGING,2025-07,6110.0
63500,LODGING,2025-08,6110.0
63500,LODGING,2025-09,6110.0
63500,LODGING,2025-10,6110.0
63500,LODGING,2025-11,6110.0
63500,LODGING,2025-12,6110.0
63500,LODGING,2026-01,6110.0
63500,LODGING,2026-02,6110.0
63500,LODGING,2026-03,6110.0
63500,LODGING,2026-04,6110.0
63500,LODGING,2026-05,6110.0
63500,LODGING,2026-06,6110.0
63500,LODGING,2026-07,6110.0
63500,LODGING,2026-08,6110.0
63500,PROF_SERVICES,2025-07,1090.0
63500,PROF_SERVICES,2025-08,1090.0
63500,PROF_SERVICES,2025-09,1090.0
63500,PROF_SERVICES,2025-10,1090.0
63500,PROF_SERVICES,2025-11,1090.0
63500,PROF_SERVICES,2025-12,1090.0
63500,PROF_SERVICES,2026-01,1090.0
63500,PROF_SERVICES,2026-02,1090.0
63500,PROF_SERVICES,2026-03,1090.0
63500,PROF_SERVICES,2026-04,1090.0
63500,PROF_SERVICES,2026-05,1090.0
63500,PROF_SERVICES,2026-06,1090.0
63500,PROF_SERVICES,2026-07,1090.0
63500,PROF_SERVICES,2026-08,1090.0
63500,RETAIL_GENERAL,2025-07,700.0
63500,RETAIL_GENERAL,2025-08,700.0
63500,RETAIL_GENERAL,2025-09,700.0
63500,RETAIL_GENERAL,2025-10,700.0
63500,RETAIL_GENERAL,2025-11,700.0
63500,RETAIL_GENERAL,2025-12,700.0
63500,RETAIL_GENERAL,2026-01,700.0
63500,RETAIL_GENERAL,2026-02,700.0
63500,RETAIL_GENERAL,2026-03,700.0
63500,RETAIL_GENERAL,2026-04,700.0
63500,RETAIL_GENERAL,2026-05,700.0
63500,RETAIL_GENERAL,2026-06,700.0
63500,RETAIL_GENERAL,2026-07,700.0
63500,RETAIL_GENERAL,2026-08,700.0
64000,FACILITIES_MRO,2025-07,1120.0
64000,FACILITIES_MRO,2025-08,1120.0
64000,FACILITIES_MRO,2025-09,1120.0
64000,FACILITIES_MRO,2025-10,1120.0
64000,FACILITIES_MRO,2025-11,1120.0
64000,FACILITIES_MRO,2025-12,1120.0
64000,FACILITIES_MRO,2026-01,1120.0
64000,FACILITIES_MRO,2026-02,1120.0
64000,FACILITIES_MRO,2026-03,1120.0
64000,FACILITIES_MRO,2026-04,1120.0
64000,FACILITIES_MRO,2026-05,1120.0
64000,FACILITIES_MRO,2026-06,1120.0
64000,FACILITIES_MRO,2026-07,1120.0
64000,FACILITIES_MRO,2026-08,1120.0
64000,FEES_EDU_EVENTS,2025-07,3190.0
64000,FEES_EDU_EVENTS,2025-08,3190.0
64000,FEES_EDU_EVENTS,2025-09,3190.0
64000,FEES_EDU_EVENTS,2025-10,3190.0
64000,FEES_EDU_EVENTS,2025-11,3190.0
64000,FEES_EDU_EVENTS,2025-12,3190.0
64000,FEES_EDU_EVENTS,2026-01,3190.0
64000,FEES_EDU_EVENTS,2026-02,3190.0
64000,FEES_EDU_EVENTS,2026-03,3190.0
64000,FEES_EDU_EVENTS,2026-04,3190.0
64000,FEES_EDU_EVENTS,2026-05,3190.0
64000,FEES_EDU_EVENTS,2026-06,3190.0
64000,FEES_EDU_EVENTS,2026-07,3190.0
64000,FEES_EDU_EVENTS,2026-08,3190.0
64000,IT_TELECOM,2025-07,4480.0
64000,IT_TELECOM,2025-08,4480.0
64000,IT_TELECOM,2025-09,4480.0
64000,IT_TELECOM,2025-10,4480.0
64000,IT_TELECOM,2025-11,4480.0
64000,IT_TELECOM,2025-12,4480.0
64000,IT_TELECOM,2026-01,4480.0
64000,IT_TELECOM,2026-02,4480.0
64000,IT_TELECOM,2026-03,4480.0
64000,IT_TELECOM,2026-04,4480.0
64000,IT_TELECOM,2026-05,4480.0
64000,IT_TELECOM,2026-06,4480.0
64000,IT_TELECOM,2026-07,4480.0
64000,IT_TELECOM,2026-08,4480.0
64000,LODGING,2025-07,1510.0
64000,LODGING,2025-08,1510.0
64000,LODGING,2025-09,1510.0
64000,LODGING,2025-10,1510.0
64000,LODGING,2025-11,1510.0
64000,LODGING,2025-12,1510.0
64000,LODGING,2026-01,1510.0
64000,LODGING,2026-02,1510.0
64000,LODGING,2026-03,1510.0
64000,LODGING,2026-04,1510.0
64000,LODGING,2026-05,1510.0
64000,LODGING,2026-06,1510.0
64000,LODGING,2026-07,1510.0
64000,LODGING,2026-08,1510.0
64000,OFFICE_PRINT,2025-07,6350.0
64000,OFFICE_PRINT,2025-08,6350.0
64000,OFFICE_PRINT,2025-09,6350.0
64000,OFFICE_PRINT,2025-10,6350.0
64000,OFFICE_PRINT,2025-11,6350.0
64000,OFFICE_PRINT,2025-12,6350.0
64000,OFFICE_PRINT,2026-01,6350.0
64000,OFFICE_PRINT,2026-02,6350.0
64000,OFFICE_PRINT,2026-03,6350.0
64000,OFFICE_PRINT,2026-04,6350.0
64000,OFFICE_PRINT,2026-05,6350.0
64000,OFFICE_PRINT,2026-06,6350.0
64000,OFFICE_PRINT,2026-07,6350.0
64000,OFFICE_PRINT,2026-08,6350.0
64000,PROF_SERVICES,2025-07,1700.0
64000,PROF_SERVICES,2025-08,1700.0
64000,PROF_SERVICES,2025-09,1700.0
64000,PROF_SERVICES,2025-10,1700.0
64000,PROF_SERVICES,2025-11,1700.0
64000,PROF_SERVICES,2025-12,1700.0
64000,PROF_SERVICES,2026-01,1700.0
64000,PROF_SERVICES,2026-02,1700.0
64000,PROF_SERVICES,2026-03,1700.0
64000,PROF_SERVICES,2026-04,1700.0
64000,PROF_SERVICES,2026-05,1700.0
64000,PROF_SERVICES,2026-06,1700.0
64000,PROF_SERVICES,2026-07,1700.0
64000,PROF_SERVICES,2026-08,1700.0
64000,RETAIL_GENERAL,2025-07,6930.0
64000,RETAIL_GENERAL,2025-08,6930.0
64000,RETAIL_GENERAL,2025-09,6930.0
64000,RETAIL_GENERAL,2025-10,6930.0
64000,RETAIL_GENERAL,2025-11,6930.0
64000,RETAIL_GENERAL,2025-12,6930.0
64000,RETAIL_GENERAL,2026-01,6930.0
64000,RETAIL_GENERAL,2026-02,6930.0
64000,RETAIL_GENERAL,2026-03,6930.0
64000,RETAIL_GENERAL,2026-04,6930.0
64000,RETAIL_GENERAL,2026-05,6930.0
64000,RETAIL_GENERAL,2026-06,6930.0
64000,RETAIL_GENERAL,2026-07,6930.0
64000,RETAIL_GENERAL,2026-08,6930.0
64000,UTILITIES,2025-07,230.0
64000,UTILITIES,2025-08,230.0
64000,UTILITIES,2025-09,230.0
64000,UTILITIES,2025-10,230.0
64000,UTILITIES,2025-11,230.0
64000,UTILITIES,2025-12,230.0
64000,UTILITIES,2026-01,230.0
64000,UTILITIES,2026-02,230.0
64000,UTILITIES,2026-03,230.0
64000,UTILITIES,2026-04,230.0
64000,UTILITIES,2026-05,230.0
64000,UTILITIES,2026-06,230.0
64000,UTILITIES,2026-07,230.0
64000,UTILITIES,2026-08,230.0
64500,FACILITIES_MRO,2025-07,2790.0
64500,FACILITIES_MRO,2025-08,2790.0
64500,FACILITIES_MRO,2025-09,2790.0
64500,FACILITIES_MRO,2025-10,2790.0
64500,FACILITIES_MRO,2025-11,2790.0
64500,FACILITIES_MRO,2025-12,2790.0
64500,FACILITIES_MRO,2026-01,2790.0
64500,FACILITIES_MRO,2026-02,2790.0
64500,FACILITIES_MRO,2026-03,2790.0
64500,FACILITIES_MRO,2026-04,2790.0
64500,FACILITIES_MRO,2026-05,2790.0
64500,FACILITIES_MRO,2026-06,2790.0
64500,FACILITIES_MRO,2026-07,2790.0
64500,FACILITIES_MRO,2026-08,2790.0
64500,FEES_EDU_EVENTS,2025-07,30850.0
64500,FEES_EDU_EVENTS,2025-08,30850.0
64500,FEES_EDU_EVENTS,2025-09,30850.0
64500,FEES_EDU_EVENTS,2025-10,30850.0
64500,FEES_EDU_EVENTS,2025-11,30850.0
64500,FEES_EDU_EVENTS,2025-12,30850.0
64500,FEES_EDU_EVENTS,2026-01,30850.0
64500,FEES_EDU_EVENTS,2026-02,30850.0
64500,FEES_EDU_EVENTS,2026-03,30850.0
64500,FEES_EDU_EVENTS,2026-04,30850.0
64500,FEES_EDU_EVENTS,2026-05,30850.0
64500,FEES_EDU_EVENTS,2026-06,30850.0
64500,FEES_EDU_EVENTS,2026-07,30850.0
64500,FEES_EDU_EVENTS,2026-08,30850.0
64500,GROUND_TRANSPORT,2025-07,670.0
64500,GROUND_TRANSPORT,2025-08,670.0
64500,GROUND_TRANSPORT,2025-09,670.0
64500,GROUND_TRANSPORT,2025-10,670.0
64500,GROUND_TRANSPORT,2025-11,670.0
64500,GROUND_TRANSPORT,2025-12,670.0
64500,GROUND_TRANSPORT,2026-01,670.0
64500,GROUND_TRANSPORT,2026-02,670.0
64500,GROUND_TRANSPORT,2026-03,670.0
64500,GROUND_TRANSPORT,2026-04,670.0
64500,GROUND_TRANSPORT,2026-05,670.0
64500,GROUND_TRANSPORT,2026-06,670.0
64500,GROUND_TRANSPORT,2026-07,670.0
64500,GROUND_TRANSPORT,2026-08,670.0
64500,IT_TELECOM,2025-07,17220.0
64500,IT_TELECOM,2025-08,17220.0
64500,IT_TELECOM,2025-09,17220.0
64500,IT_TELECOM,2025-10,17220.0
64500,IT_TELECOM,2025-11,17220.0
64500,IT_TELECOM,2025-12,17220.0
64500,IT_TELECOM,2026-01,17220.0
64500,IT_TELECOM,2026-02,17220.0
64500,IT_TELECOM,2026-03,17220.0
64500,IT_TELECOM,2026-04,17220.0
64500,IT_TELECOM,2026-05,17220.0
64500,IT_TELECOM,2026-06,17220.0
64500,IT_TELECOM,2026-07,17220.0
64500,IT_TELECOM,2026-08,17220.0
64500,LODGING,2025-07,8620.0
64500,LODGING,2025-08,8620.0
64500,LODGING,2025-09,8620.0
64500,LODGING,2025-10,8620.0
64500,LODGING,2025-11,8620.0
64500,LODGING,2025-12,8620.0
64500,LODGING,2026-01,8620.0
64500,LODGING,2026-02,8620.0
64500,LODGING,2026-03,8620.0
64500,LODGING,2026-04,8620.0
64500,LODGING,2026-05,8620.0
64500,LODGING,2026-06,8620.0
64500,LODGING,2026-07,8620.0
64500,LODGING,2026-08,8620.0
64500,MEDICAL_LAB,2025-07,3070.0
64500,MEDICAL_LAB,2025-08,3070.0
64500,MEDICAL_LAB,2025-09,3070.0
64500,MEDICAL_LAB,2025-10,3070.0
64500,MEDICAL_LAB,2025-11,3070.0
64500,MEDICAL_LAB,2025-12,3070.0
64500,MEDICAL_LAB,2026-01,3070.0
64500,MEDICAL_LAB,2026-02,3070.0
64500,MEDICAL_LAB,2026-03,3070.0
64500,MEDICAL_LAB,2026-04,3070.0
64500,MEDICAL_LAB,2026-05,3070.0
64500,MEDICAL_LAB,2026-06,3070.0
64500,MEDICAL_LAB,2026-07,3070.0
64500,MEDICAL_LAB,2026-08,3070.0
64500,OFFICE_PRINT,2025-07,2500.0
64500,OFFICE_PRINT,2025-08,2500.0
64500,OFFICE_PRINT,2025-09,2500.0
64500,OFFICE_PRINT,2025-10,2500.0
64500,OFFICE_PRINT,2025-11,2500.0
64500,OFFICE_PRINT,2025-12,2500.0
64500,OFFICE_PRINT,2026-01,2500.0
64500,OFFICE_PRINT,2026-02,2500.0
64500,OFFICE_PRINT,2026-03,2500.0
64500,OFFICE_PRINT,2026-04,2500.0
64500,OFFICE_PRINT,2026-05,2500.0
64500,OFFICE_PRINT,2026-06,2500.0
64500,OFFICE_PRINT,2026-07,2500.0
64500,OFFICE_PRINT,2026-08,2500.0
64500,PROF_SERVICES,2025-07,4610.0
64500,PROF_SERVICES,2025-08,4610.0
64500,PROF_SERVICES,2025-09,4610.0
64500,PROF_SERVICES,2025-10,4610.0
64500,PROF_SERVICES,2025-11,4610.0
64500,PROF_SERVICES,2025-12,4610.0
64500,PROF_SERVICES,2026-01,4610.0
64500,PROF_SERVICES,2026-02,4610.0
64500,PROF_SERVICES,2026-03,4610.0
64500,PROF_SERVICES,2026-04,4610.0
64500,PROF_SERVICES,2026-05,4610.0
64500,PROF_SERVICES,2026-06,4610.0
64500,PROF_SERVICES,2026-07,4610.0
64500,PROF_SERVICES,2026-08,4610.0
64500,RETAIL_GENERAL,2025-07,3030.0
64500,RETAIL_GENERAL,2025-08,3030.0
64500,RETAIL_GENERAL,2025-09,3030.0
64500,RETAIL_GENERAL,2025-10,3030.0
64500,RETAIL_GENERAL,2025-11,3030.0
64500,RETAIL_GENERAL,2025-12,3030.0
64500,RETAIL_GENERAL,2026-01,3030.0
64500,RETAIL_GENERAL,2026-02,3030.0
64500,RETAIL_GENERAL,2026-03,3030.0
64500,RETAIL_GENERAL,2026-04,3030.0
64500,RETAIL_GENERAL,2026-05,3030.0
64500,RETAIL_GENERAL,2026-06,3030.0
64500,RETAIL_GENERAL,2026-07,3030.0
64500,RETAIL_GENERAL,2026-08,3030.0
64500,UTILITIES,2025-07,940.0
64500,UTILITIES,2025-08,940.0
64500,UTILITIES,2025-09,940.0
64500,UTILITIES,2025-10,940.0
64500,UTILITIES,2025-11,940.0
64500,UTILITIES,2025-12,940.0
64500,UTILITIES,2026-01,940.0
64500,UTILITIES,2026-02,940.0
64500,UTILITIES,2026-03,940.0
64500,UTILITIES,2026-04,940.0
64500,UTILITIES,2026-05,940.0
64500,UTILITIES,2026-06,940.0
64500,UTILITIES,2026-07,940.0
64500,UTILITIES,2026-08,940.0
64500,VEHICLE_FUEL,2025-07,130.0
64500,VEHICLE_FUEL,2025-08,130.0
64500,VEHICLE_FUEL,2025-09,130.0
64500,VEHICLE_FUEL,2025-10,130.0
64500,VEHICLE_FUEL,2025-11,130.0
64500,VEHICLE_FUEL,2025-12,130.0
64500,VEHICLE_FUEL,2026-01,130.0
64500,VEHICLE_FUEL,2026-02,130.0
64500,VEHICLE_FUEL,2026-03,130.0
64500,VEHICLE_FUEL,2026-04,130.0
64500,VEHICLE_FUEL,2026-05,130.0
64500,VEHICLE_FUEL,2026-06,130.0
64500,VEHICLE_FUEL,2026-07,130.0
64500,VEHICLE_FUEL,2026-08,130.0
65000,APPAREL_SPORTS,2025-07,3690.0
65000,APPAREL_SPORTS,2025-08,3690.0
65000,APPAREL_SPORTS,2025-09,3690.0
65000,APPAREL_SPORTS,2025-10,3690.0
65000,APPAREL_SPORTS,2025-11,3690.0
65000,APPAREL_SPORTS,2025-12,3690.0
65000,APPAREL_SPORTS,2026-01,3690.0
65000,APPAREL_SPORTS,2026-02,3690.0
65000,APPAREL_SPORTS,2026-03,3690.0
65000,APPAREL_SPORTS,2026-04,3690.0
65000,APPAREL_SPORTS,2026-05,3690.0
65000,APPAREL_SPORTS,2026-06,3690.0
65000,APPAREL_SPORTS,2026-07,3690.0
65000,APPAREL_SPORTS,2026-08,3690.0
65000,FACILITIES_MRO,2025-07,88460.0
65000,FACILITIES_MRO,2025-08,88460.0
65000,FACILITIES_MRO,2025-09,88460.0
65000,FACILITIES_MRO,2025-10,88460.0
65000,FACILITIES_MRO,2025-11,88460.0
65000,FACILITIES_MRO,2025-12,88460.0
65000,FACILITIES_MRO,2026-01,88460.0
65000,FACILITIES_MRO,2026-02,88460.0
65000,FACILITIES_MRO,2026-03,88460.0
65000,FACILITIES_MRO,2026-04,88460.0
65000,FACILITIES_MRO,2026-05,88460.0
65000,FACILITIES_MRO,2026-06,88460.0
65000,FACILITIES_MRO,2026-07,88460.0
65000,FACILITIES_MRO,2026-08,88460.0
65000,FEES_EDU_EVENTS,2025-07,3050.0
65000,FEES_EDU_EVENTS,2025-08,3050.0
65000,FEES_EDU_EVENTS,2025-09,3050.0
65000,FEES_EDU_EVENTS,2025-10,3050.0
65000,FEES_EDU_EVENTS,2025-11,3050.0
65000,FEES_EDU_EVENTS,2025-12,3050.0
65000,FEES_EDU_EVENTS,2026-01,3050.0
65000,FEES_EDU_EVENTS,2026-02,3050.0
65000,FEES_EDU_EVENTS,2026-03,3050.0
65000,FEES_EDU_EVENTS,2026-04,3050.0
65000,FEES_EDU_EVENTS,2026-05,3050.0
65000,FEES_EDU_EVENTS,2026-06,3050.0
65000,FEES_EDU_EVENTS,2026-07,3050.0
65000,FEES_EDU_EVENTS,2026-08,3050.0
65000,FOOD,2025-07,1190.0
65000,FOOD,2025-08,1190.0
65000,FOOD,2025-09,1190.0
65000,FOOD,2025-10,1190.0
65000,FOOD,2025-11,1190.0
65000,FOOD,2025-12,1190.0
65000,FOOD,2026-01,1190.0
65000,FOOD,2026-02,1190.0
65000,FOOD,2026-03,1190.0
65000,FOOD,2026-04,1190.0
65000,FOOD,2026-05,1190.0
65000,FOOD,2026-06,1190.0
65000,FOOD,2026-07,1190.0
65000,FOOD,2026-08,1190.0
65000,GROUND_TRANSPORT,2025-07,1060.0
65000,GROUND_TRANSPORT,2025-08,1060.0
65000,GROUND_TRANSPORT,2025-09,1060.0
65000,GROUND_TRANSPORT,2025-10,1060.0
65000,GROUND_TRANSPORT,2025-11,1060.0
65000,GROUND_TRANSPORT,2025-12,1060.0
65000,GROUND_TRANSPORT,2026-01,1060.0
65000,GROUND_TRANSPORT,2026-02,1060.0
65000,GROUND_TRANSPORT,2026-03,1060.0
65000,GROUND_TRANSPORT,2026-04,1060.0
65000,GROUND_TRANSPORT,2026-05,1060.0
65000,GROUND_TRANSPORT,2026-06,1060.0
65000,GROUND_TRANSPORT,2026-07,1060.0
65000,GROUND_TRANSPORT,2026-08,1060.0
65000,IT_TELECOM,2025-07,16390.0
65000,IT_TELECOM,2025-08,16390.0
65000,IT_TELECOM,2025-09,16390.0
65000,IT_TELECOM,2025-10,16390.0
65000,IT_TELECOM,2025-11,16390.0
65000,IT_TELECOM,2025-12,16390.0
65000,IT_TELECOM,2026-01,16390.0
65000,IT_TELECOM,2026-02,16390.0
65000,IT_TELECOM,2026-03,16390.0
65000,IT_TELECOM,2026-04,16390.0
65000,IT_TELECOM,2026-05,16390.0
65000,IT_TELECOM,2026-06,16390.0
65000,IT_TELECOM,2026-07,16390.0
65000,IT_TELECOM,2026-08,16390.0
65000,LODGING,2025-07,7250.0
65000,LODGING,2025-08,7250.0
65000,LODGING,2025-09,7250.0
65000,LODGING,2025-10,7250.0
65000,LODGING,2025-11,7250.0
65000,LODGING,2025-12,7250.0
65000,LODGING,2026-01,7250.0
65000,LODGING,2026-02,7250.0
65000,LODGING,2026-03,7250.0
65000,LODGING,2026-04,7250.0
65000,LODGING,2026-05,7250.0
65000,LODGING,2026-06,7250.0
65000,LODGING,2026-07,7250.0
65000,LODGING,2026-08,7250.0
65000,MEDICAL_LAB,2025-07,137450.0
65000,MEDICAL_LAB,2025-08,137450.0
65000,MEDICAL_LAB,2025-09,137450.0
65000,MEDICAL_LAB,2025-10,137450.0
65000,MEDICAL_LAB,2025-11,137450.0
65000,MEDICAL_LAB,2025-12,137450.0
65000,MEDICAL_LAB,2026-01,137450.0
65000,MEDICAL_LAB,2026-02,137450.0
65000,MEDICAL_LAB,2026-03,137450.0
65000,MEDICAL_LAB,2026-04,137450.0
65000,MEDICAL_LAB,2026-05,137450.0
65000,MEDICAL_LAB,2026-06,137450.0
65000,MEDICAL_LAB,2026-07,137450.0
65000,MEDICAL_LAB,2026-08,137450.0
65000,OFFICE_PRINT,2025-07,12630.0
65000,OFFICE_PRINT,2025-08,12630.0
65000,OFFICE_PRINT,2025-09,12630.0
65000,OFFICE_PRINT,2025-10,12630.0
65000,OFFICE_PRINT,2025-11,12630.0
65000,OFFICE_PRINT,2025-12,12630.0
65000,OFFICE_PRINT,2026-01,12630.0
65000,OFFICE_PRINT,2026-02,12630.0
65000,OFFICE_PRINT,2026-03,12630.0
65000,OFFICE_PRINT,2026-04,12630.0
65000,OFFICE_PRINT,2026-05,12630.0
65000,OFFICE_PRINT,2026-06,12630.0
65000,OFFICE_PRINT,2026-07,12630.0
65000,OFFICE_PRINT,2026-08,12630.0
65000,PROF_SERVICES,2025-07,14620.0
65000,PROF_SERVICES,2025-08,14620.0
65000,PROF_SERVICES,2025-09,14620.0
65000,PROF_SERVICES,2025-10,14620.0
65000,PROF_SERVICES,2025-11,14620.0
65000,PROF_SERVICES,2025-12,14620.0
65000,PROF_SERVICES,2026-01,14620.0
65000,PROF_SERVICES,2026-02,14620.0
65000,PROF_SERVICES,2026-03,14620.0
65000,PROF_SERVICES,2026-04,14620.0
65000,PROF_SERVICES,2026-05,14620.0
65000,PROF_SERVICES,2026-06,14620.0
65000,PROF_SERVICES,2026-07,14620.0
65000,PROF_SERVICES,2026-08,14620.0
65000,RETAIL_GENERAL,2025-07,52030.0
65000,RETAIL_GENERAL,2025-08,52030.0
65000,RETAIL_GENERAL,2025-09,52030.0
65000,RETAIL_GENERAL,2025-10,52030.0
65000,RETAIL_GENERAL,2025-11,52030.0
65000,RETAIL_GENERAL,2025-12,52030.0
65000,RETAIL_GENERAL,2026-01,52030.0
65000,RETAIL_GENERAL,2026-02,52030.0
65000,RETAIL_GENERAL,2026-03,52030.0
65000,RETAIL_GENERAL,2026-04,52030.0
65000,RETAIL_GENERAL,2026-05,52030.0
65000,RETAIL_GENERAL,2026-06,52030.0
65000,RETAIL_GENERAL,2026-07,52030.0
65000,RETAIL_GENERAL,2026-08,52030.0
65000,VEHICLE_FUEL,2025-07,1920.0
65000,VEHICLE_FUEL,2025-08,1920.0
65000,VEHICLE_FUEL,2025-09,1920.0
65000,VEHICLE_FUEL,2025-10,1920.0
65000,VEHICLE_FUEL,2025-11,1920.0
65000,VEHICLE_FUEL,2025-12,1920.0
65000,VEHICLE_FUEL,2026-01,1920.0
65000,VEHICLE_FUEL,2026-02,1920.0
65000,VEHICLE_FUEL,2026-03,1920.0
65000,VEHICLE_FUEL,2026-04,1920.0
65000,VEHICLE_FUEL,2026-05,1920.0
65000,VEHICLE_FUEL,2026-06,1920.0
65000,VEHICLE_FUEL,2026-07,1920.0
65000,VEHICLE_FUEL,2026-08,1920.0
66500,AGRI_ANIMAL,2025-07,380.0
66500,AGRI_ANIMAL,2025-08,380.0
66500,AGRI_ANIMAL,2025-09,380.0
66500,AGRI_ANIMAL,2025-10,380.0
66500,AGRI_ANIMAL,2025-11,380.0
66500,AGRI_ANIMAL,2025-12,380.0
66500,AGRI_ANIMAL,2026-01,380.0
66500,AGRI_ANIMAL,2026-02,380.0
66500,AGRI_ANIMAL,2026-03,380.0
66500,AGRI_ANIMAL,2026-04,380.0
66500,AGRI_ANIMAL,2026-05,380.0
66500,AGRI_ANIMAL,2026-06,380.0
66500,AGRI_ANIMAL,2026-07,380.0
66500,AGRI_ANIMAL,2026-08,380.0
66500,AIR_TRAVEL,2025-07,11470.0
66500,AIR_TRAVEL,2025-08,11470.0
66500,AIR_TRAVEL,2025-09,11470.0
66500,AIR_TRAVEL,2025-10,11470.0
66500,AIR_TRAVEL,2025-11,11470.0
66500,AIR_TRAVEL,2025-12,11470.0
66500,AIR_TRAVEL,2026-01,11470.0
66500,AIR_TRAVEL,2026-02,11470.0
66500,AIR_TRAVEL,2026-03,11470.0
66500,AIR_TRAVEL,2026-04,11470.0
66500,AIR_TRAVEL,2026-05,11470.0
66500,AIR_TRAVEL,2026-06,11470.0
66500,AIR_TRAVEL,2026-07,11470.0
66500,AIR_TRAVEL,2026-08,11470.0
66500,APPAREL_SPORTS,2025-07,7430.0
66500,APPAREL_SPORTS,2025-08,7430.0
66500,APPAREL_SPORTS,2025-09,7430.0
66500,APPAREL_SPORTS,2025-10,7430.0
66500,APPAREL_SPORTS,2025-11,7430.0
66500,APPAREL_SPORTS,2025-12,7430.0
66500,APPAREL_SPORTS,2026-01,7430.0
66500,APPAREL_SPORTS,2026-02,7430.0
66500,APPAREL_SPORTS,2026-03,7430.0
66500,APPAREL_SPORTS,2026-04,7430.0
66500,APPAREL_SPORTS,2026-05,7430.0
66500,APPAREL_SPORTS,2026-06,7430.0
66500,APPAREL_SPORTS,2026-07,7430.0
66500,APPAREL_SPORTS,2026-08,7430.0
66500,FACILITIES_MRO,2025-07,32300.0
66500,FACILITIES_MRO,2025-08,32300.0
66500,FACILITIES_MRO,2025-09,32300.0
66500,FACILITIES_MRO,2025-10,32300.0
66500,FACILITIES_MRO,2025-11,32300.0
66500,FACILITIES_MRO,2025-12,32300.0
66500,FACILITIES_MRO,2026-01,32300.0
66500,FACILITIES_MRO,2026-02,32300.0
66500,FACILITIES_MRO,2026-03,32300.0
66500,FACILITIES_MRO,2026-04,32300.0
66500,FACILITIES_MRO,2026-05,32300.0
66500,FACILITIES_MRO,2026-06,32300.0
66500,FACILITIES_MRO,2026-07,32300.0
66500,FACILITIES_MRO,2026-08,32300.0
66500,FEES_EDU_EVENTS,2025-07,22600.0
66500,FEES_EDU_EVENTS,2025-08,22600.0
66500,FEES_EDU_EVENTS,2025-09,22600.0
66500,FEES_EDU_EVENTS,2025-10,22600.0
66500,FEES_EDU_EVENTS,2025-11,22600.0
66500,FEES_EDU_EVENTS,2025-12,22600.0
66500,FEES_EDU_EVENTS,2026-01,22600.0
66500,FEES_EDU_EVENTS,2026-02,22600.0
66500,FEES_EDU_EVENTS,2026-03,22600.0
66500,FEES_EDU_EVENTS,2026-04,22600.0
66500,FEES_EDU_EVENTS,2026-05,22600.0
66500,FEES_EDU_EVENTS,2026-06,22600.0
66500,FEES_EDU_EVENTS,2026-07,22600.0
66500,FEES_EDU_EVENTS,2026-08,22600.0
66500,FOOD,2025-07,36180.0
66500,FOOD,2025-08,36180.0
66500,FOOD,2025-09,36180.0
66500,FOOD,2025-10,36180.0
66500,FOOD,2025-11,36180.0
66500,FOOD,2025-12,36180.0
66500,FOOD,2026-01,36180.0
66500,FOOD,2026-02,36180.0
66500,FOOD,2026-03,36180.0
66500,FOOD,2026-04,36180.0
66500,FOOD,2026-05,36180.0
66500,FOOD,2026-06,36180.0
66500,FOOD,2026-07,36180.0
66500,FOOD,2026-08,36180.0
66500,GROUND_TRANSPORT,2025-07,1010.0
66500,GROUND_TRANSPORT,2025-08,1010.0
66500,GROUND_TRANSPORT,2025-09,1010.0
66500,GROUND_TRANSPORT,2025-10,1010.0
66500,GROUND_TRANSPORT,2025-11,1010.0
66500,GROUND_TRANSPORT,2025-12,1010.0
66500,GROUND_TRANSPORT,2026-01,1010.0
66500,GROUND_TRANSPORT,2026-02,1010.0
66500,GROUND_TRANSPORT,2026-03,1010.0
66500,GROUND_TRANSPORT,2026-04,1010.0
66500,GROUND_TRANSPORT,2026-05,1010.0
66500,GROUND_TRANSPORT,2026-06,1010.0
66500,GROUND_TRANSPORT,2026-07,1010.0
66500,GROUND_TRANSPORT,2026-08,1010.0
66500,IT_TELECOM,2025-07,18610.0
66500,IT_TELECOM,2025-08,18610.0
66500,IT_TELECOM,2025-09,18610.0
66500,IT_TELECOM,2025-10,18610.0
66500,IT_TELECOM,2025-11,18610.0
66500,IT_TELECOM,2025-12,18610.0
66500,IT_TELECOM,2026-01,18610.0
66500,IT_TELECOM,2026-02,18610.0
66500,IT_TELECOM,2026-03,18610.0
66500,IT_TELECOM,2026-04,18610.0
66500,IT_TELECOM,2026-05,18610.0
66500,IT_TELECOM,2026-06,18610.0
66500,IT_TELECOM,2026-07,18610.0
66500,IT_TELECOM,2026-08,18610.0
66500,LODGING,2025-07,33970.0
66500,LODGING,2025-08,33970.0
66500,LODGING,2025-09,33970.0
66500,LODGING,2025-10,33970.0
66500,LODGING,2025-11,33970.0
66500,LODGING,2025-12,33970.0
66500,LODGING,2026-01,33970.0
66500,LODGING,2026-02,33970.0
66500,LODGING,2026-03,33970.0
66500,LODGING,2026-04,33970.0
66500,LODGING,2026-05,33970.0
66500,LODGING,2026-06,33970.0
66500,LODGING,2026-07,33970.0
66500,LODGING,2026-08,33970.0
66500,MEDICAL_LAB,2025-07,11250.0
66500,MEDICAL_LAB,2025-08,11250.0
66500,MEDICAL_LAB,2025-09,11250.0
66500,MEDICAL_LAB,2025-10,11250.0
66500,MEDICAL_LAB,2025-11,11250.0
66500,MEDICAL_LAB,2025-12,11250.0
66500,MEDICAL_LAB,2026-01,11250.0
66500,MEDICAL_LAB,2026-02,11250.0
66500,MEDICAL_LAB,2026-03,11250.0
66500,MEDICAL_LAB,2026-04,11250.0
66500,MEDICAL_LAB,2026-05,11250.0
66500,MEDICAL_LAB,2026-06,11250.0
66500,MEDICAL_LAB,2026-07,11250.0
66500,MEDICAL_LAB,2026-08,11250.0
66500,OFFICE_PRINT,2025-07,12410.0
66500,OFFICE_PRINT,2025-08,12410.0
66500,OFFICE_PRINT,2025-09,12410.0
66500,OFFICE_PRINT,2025-10,12410.0
66500,OFFICE_PRINT,2025-11,12410.0
66500,OFFICE_PRINT,2025-12,12410.0
66500,OFFICE_PRINT,2026-01,12410.0
66500,OFFICE_PRINT,2026-02,12410.0
66500,OFFICE_PRINT,2026-03,12410.0
66500,OFFICE_PRINT,2026-04,12410.0
66500,OFFICE_PRINT,2026-05,12410.0
66500,OFFICE_PRINT,2026-06,12410.0
66500,OFFICE_PRINT,2026-07,12410.0
66500,OFFICE_PRINT,2026-08,12410.0
66500,OTHER,2025-07,530.0
66500,OTHER,2025-08,530.0
66500,OTHER,2025-09,530.0
66500,OTHER,2025-10,530.0
66500,OTHER,2025-11,530.0
66500,OTHER,2025-12,530.0
66500,OTHER,2026-01,530.0
66500,OTHER,2026-02,530.0
66500,OTHER,2026-03,530.0
66500,OTHER,2026-04,530.0
66500,OTHER,2026-05,530.0
66500,OTHER,2026-06,530.0
66500,OTHER,2026-07,530.0
66500,OTHER,2026-08,530.0
66500,PROF_SERVICES,2025-07,8370.0
66500,PROF_SERVICES,2025-08,8370.0
66500,PROF_SERVICES,2025-09,8370.0
66500,PROF_SERVICES,2025-10,8370.0
66500,PROF_SERVICES,2025-11,8370.0
66500,PROF_SERVICES,2025-12,8370.0
66500,PROF_SERVICES,2026-01,8370.0
66500,PROF_SERVICES,2026-02,8370.0
66500,PROF_SERVICES,2026-03,8370.0
66500,PROF_SERVICES,2026-04,8370.0
66500,PROF_SERVICES,2026-05,8370.0
66500,PROF_SERVICES,2026-06,8370.0
66500,PROF_SERVICES,2026-07,8370.0
66500,PROF_SERVICES,2026-08,8370.0
66500,RETAIL_GENERAL,2025-07,48800.0
66500,RETAIL_GENERAL,2025-08,48800.0
66500,RETAIL_GENERAL,2025-09,48800.0
66500,RETAIL_GENERAL,2025-10,48800.0
66500,RETAIL_GENERAL,2025-11,48800.0
66500,RETAIL_GENERAL,2025-12,48800.0
66500,RETAIL_GENERAL,2026-01,48800.0
66500,RETAIL_GENERAL,2026-02,48800.0
66500,RETAIL_GENERAL,2026-03,48800.0
66500,RETAIL_GENERAL,2026-04,48800.0
66500,RETAIL_GENERAL,2026-05,48800.0
66500,RETAIL_GENERAL,2026-06,48800.0
66500,RETAIL_GENERAL,2026-07,48800.0
66500,RETAIL_GENERAL,2026-08,48800.0
66500,VEHICLE_FUEL,2025-07,3430.0
66500,VEHICLE_FUEL,2025-08,3430.0
66500,VEHICLE_FUEL,2025-09,3430.0
66500,VEHICLE_FUEL,2025-10,3430.0
66500,VEHICLE_FUEL,2025-11,3430.0
66500,VEHICLE_FUEL,2025-12,3430.0
66500,VEHICLE_FUEL,2026-01,3430.0
66500,VEHICLE_FUEL,2026-02,3430.0
66500,VEHICLE_FUEL,2026-03,3430.0
66500,VEHICLE_FUEL,2026-04,3430.0
66500,VEHICLE_FUEL,2026-05,3430.0
66500,VEHICLE_FUEL,2026-06,3430.0
66500,VEHICLE_FUEL,2026-07,3430.0
66500,VEHICLE_FUEL,2026-08,3430.0
67000,FACILITIES_MRO,2025-07,17360.0
67000,FACILITIES_MRO,2025-08,17360.0
67000,FACILITIES_MRO,2025-09,17360.0
67000,FACILITIES_MRO,2025-10,17360.0
67000,FACILITIES_MRO,2025-11,17360.0
67000,FACILITIES_MRO,2025-12,17360.0
67000,FACILITIES_MRO,2026-01,17360.0
67000,FACILITIES_MRO,2026-02,17360.0
67000,FACILITIES_MRO,2026-03,17360.0
67000,FACILITIES_MRO,2026-04,17360.0
67000,FACILITIES_MRO,2026-05,17360.0
67000,FACILITIES_MRO,2026-06,17360.0
67000,FACILITIES_MRO,2026-07,17360.0
67000,FACILITIES_MRO,2026-08,17360.0
67000,FEES_EDU_EVENTS,2025-07,8620.0
67000,FEES_EDU_EVENTS,2025-08,8620.0
67000,FEES_EDU_EVENTS,2025-09,8620.0
67000,FEES_EDU_EVENTS,2025-10,8620.0
67000,FEES_EDU_EVENTS,2025-11,8620.0
67000,FEES_EDU_EVENTS,2025-12,8620.0
67000,FEES_EDU_EVENTS,2026-01,8620.0
67000,FEES_EDU_EVENTS,2026-02,8620.0
67000,FEES_EDU_EVENTS,2026-03,8620.0
67000,FEES_EDU_EVENTS,2026-04,8620.0
67000,FEES_EDU_EVENTS,2026-05,8620.0
67000,FEES_EDU_EVENTS,2026-06,8620.0
67000,FEES_EDU_EVENTS,2026-07,8620.0
67000,FEES_EDU_EVENTS,2026-08,8620.0
67000,FOOD,2025-07,5340.0
67000,FOOD,2025-08,5340.0
67000,FOOD,2025-09,5340.0
67000,FOOD,2025-10,5340.0
67000,FOOD,2025-11,5340.0
67000,FOOD,2025-12,5340.0
67000,FOOD,2026-01,5340.0
67000,FOOD,2026-02,5340.0
67000,FOOD,2026-03,5340.0
67000,FOOD,2026-04,5340.0
67000,FOOD,2026-05,5340.0
67000,FOOD,2026-06,5340.0
67000,FOOD,2026-07,5340.0
67000,FOOD,2026-08,5340.0
67000,IT_TELECOM,2025-07,17860.0
67000,IT_TELECOM,2025-08,17860.0
67000,IT_TELECOM,2025-09,17860.0
67000,IT_TELECOM,2025-10,17860.0
67000,IT_TELECOM,2025-11,17860.0
67000,IT_TELECOM,2025-12,17860.0
67000,IT_TELECOM,2026-01,17860.0
67000,IT_TELECOM,2026-02,17860.0
67000,IT_TELECOM,2026-03,17860.0
67000,IT_TELECOM,2026-04,17860.0
67000,IT_TELECOM,2026-05,17860.0
67000,IT_TELECOM,2026-06,17860.0
67000,IT_TELECOM,2026-07,17860.0
67000,IT_TELECOM,2026-08,17860.0
67000,LODGING,2025-07,1090.0
67000,LODGING,2025-08,1090.0
67000,LODGING,2025-09,1090.0
67000,LODGING,2025-10,1090.0
67000,LODGING,2025-11,1090.0
67000,LODGING,2025-12,1090.0
67000,LODGING,2026-01,1090.0
67000,LODGING,2026-02,1090.0
67000,LODGING,2026-03,1090.0
67000,LODGING,2026-04,1090.0
67000,LODGING,2026-05,1090.0
67000,LODGING,2026-06,1090.0
67000,LODGING,2026-07,1090.0
67000,LODGING,2026-08,1090.0
67000,MEDICAL_LAB,2025-07,4510.0
67000,MEDICAL_LAB,2025-08,4510.0
67000,MEDICAL_LAB,2025-09,4510.0
67000,MEDICAL_LAB,2025-10,4510.0
67000,MEDICAL_LAB,2025-11,4510.0
67000,MEDICAL_LAB,2025-12,4510.0
67000,MEDICAL_LAB,2026-01,4510.0
67000,MEDICAL_LAB,2026-02,4510.0
67000,MEDICAL_LAB,2026-03,4510.0
67000,MEDICAL_LAB,2026-04,4510.0
67000,MEDICAL_LAB,2026-05,4510.0
67000,MEDICAL_LAB,2026-06,4510.0
67000,MEDICAL_LAB,2026-07,4510.0
67000,MEDICAL_LAB,2026-08,4510.0
67000,OFFICE_PRINT,2025-07,3750.0
67000,OFFICE_PRINT,2025-08,3750.0
67000,OFFICE_PRINT,2025-09,3750.0
67000,OFFICE_PRINT,2025-10,3750.0
67000,OFFICE_PRINT,2025-11,3750.0
67000,OFFICE_PRINT,2025-12,3750.0
67000,OFFICE_PRINT,2026-01,3750.0
67000,OFFICE_PRINT,2026-02,3750.0
67000,OFFICE_PRINT,2026-03,3750.0
67000,OFFICE_PRINT,2026-04,3750.0
67000,OFFICE_PRINT,2026-05,3750.0
67000,OFFICE_PRINT,2026-06,3750.0
67000,OFFICE_PRINT,2026-07,3750.0
67000,OFFICE_PRINT,2026-08,3750.0
67000,PROF_SERVICES,2025-07,10190.0
67000,PROF_SERVICES,2025-08,10190.0
67000,PROF_SERVICES,2025-09,10190.0
67000,PROF_SERVICES,2025-10,10190.0
67000,PROF_SERVICES,2025-11,10190.0
67000,PROF_SERVICES,2025-12,10190.0
67000,PROF_SERVICES,2026-01,10190.0
67000,PROF_SERVICES,2026-02,10190.0
67000,PROF_SERVICES,2026-03,10190.0
67000,PROF_SERVICES,2026-04,10190.0
67000,PROF_SERVICES,2026-05,10190.0
67000,PROF_SERVICES,2026-06,10190.0
67000,PROF_SERVICES,2026-07,10190.0
67000,PROF_SERVICES,2026-08,10190.0
67000,RETAIL_GENERAL,2025-07,15880.0
67000,RETAIL_GENERAL,2025-08,15880.0
67000,RETAIL_GENERAL,2025-09,15880.0
67000,RETAIL_GENERAL,2025-10,15880.0
67000,RETAIL_GENERAL,2025-11,15880.0
67000,RETAIL_GENERAL,2025-12,15880.0
67000,RETAIL_GENERAL,2026-01,15880.0
67000,RETAIL_GENERAL,2026-02,15880.0
67000,RETAIL_GENERAL,2026-03,15880.0
67000,RETAIL_GENERAL,2026-04,15880.0
67000,RETAIL_GENERAL,2026-05,15880.0
67000,RETAIL_GENERAL,2026-06,15880.0
67000,RETAIL_GENERAL,2026-07,15880.0
67000,RETAIL_GENERAL,2026-08,15880.0
67000,UTILITIES,2025-07,910.0
67000,UTILITIES,2025-08,910.0
67000,UTILITIES,2025-09,910.0
67000,UTILITIES,2025-10,910.0
67000,UTILITIES,2025-11,910.0
67000,UTILITIES,2025-12,910.0
67000,UTILITIES,2026-01,910.0
67000,UTILITIES,2026-02,910.0
67000,UTILITIES,2026-03,910.0
67000,UTILITIES,2026-04,910.0
67000,UTILITIES,2026-05,910.0
67000,UTILITIES,2026-06,910.0
67000,UTILITIES,2026-07,910.0
67000,UTILITIES,2026-08,910.0
67700,FACILITIES_MRO,2025-07,2420.0
67700,FACILITIES_MRO,2025-08,2420.0
67700,FACILITIES_MRO,2025-09,2420.0
67700,FACILITIES_MRO,2025-10,2420.0
67700,FACILITIES_MRO,2025-11,2420.0
67700,FACILITIES_MRO,2025-12,2420.0
67700,FACILITIES_MRO,2026-01,2420.0
67700,FACILITIES_MRO,2026-02,2420.0
67700,FACILITIES_MRO,2026-03,2420.0
67700,FACILITIES_MRO,2026-04,2420.0
67700,FACILITIES_MRO,2026-05,2420.0
67700,FACILITIES_MRO,2026-06,2420.0
67700,FACILITIES_MRO,2026-07,2420.0
67700,FACILITIES_MRO,2026-08,2420.0
67700,FEES_EDU_EVENTS,2025-07,4580.0
67700,FEES_EDU_EVENTS,2025-08,4580.0
67700,FEES_EDU_EVENTS,2025-09,4580.0
67700,FEES_EDU_EVENTS,2025-10,4580.0
67700,FEES_EDU_EVENTS,2025-11,4580.0
67700,FEES_EDU_EVENTS,2025-12,4580.0
67700,FEES_EDU_EVENTS,2026-01,4580.0
67700,FEES_EDU_EVENTS,2026-02,4580.0
67700,FEES_EDU_EVENTS,2026-03,4580.0
67700,FEES_EDU_EVENTS,2026-04,4580.0
67700,FEES_EDU_EVENTS,2026-05,4580.0
67700,FEES_EDU_EVENTS,2026-06,4580.0
67700,FEES_EDU_EVENTS,2026-07,4580.0
67700,FEES_EDU_EVENTS,2026-08,4580.0
67700,IT_TELECOM,2025-07,9870.0
67700,IT_TELECOM,2025-08,9870.0
67700,IT_TELECOM,2025-09,9870.0
67700,IT_TELECOM,2025-10,9870.0
67700,IT_TELECOM,2025-11,9870.0
67700,IT_TELECOM,2025-12,9870.0
67700,IT_TELECOM,2026-01,9870.0
67700,IT_TELECOM,2026-02,9870.0
67700,IT_TELECOM,2026-03,9870.0
67700,IT_TELECOM,2026-04,9870.0
67700,IT_TELECOM,2026-05,9870.0
67700,IT_TELECOM,2026-06,9870.0
67700,IT_TELECOM,2026-07,9870.0
67700,IT_TELECOM,2026-08,9870.0
67700,LODGING,2025-07,1820.0
67700,LODGING,2025-08,1820.0
67700,LODGING,2025-09,1820.0
67700,LODGING,2025-10,1820.0
67700,LODGING,2025-11,1820.0
67700,LODGING,2025-12,1820.0
67700,LODGING,2026-01,1820.0
67700,LODGING,2026-02,1820.0
67700,LODGING,2026-03,1820.0
67700,LODGING,2026-04,1820.0
67700,LODGING,2026-05,1820.0
67700,LODGING,2026-06,1820.0
67700,LODGING,2026-07,1820.0
67700,LODGING,2026-08,1820.0
67700,OFFICE_PRINT,2025-07,2110.0
67700,OFFICE_PRINT,2025-08,2110.0
67700,OFFICE_PRINT,2025-09,2110.0
67700,OFFICE_PRINT,2025-10,2110.0
67700,OFFICE_PRINT,2025-11,2110.0
67700,OFFICE_PRINT,2025-12,2110.0
67700,OFFICE_PRINT,2026-01,2110.0
67700,OFFICE_PRINT,2026-02,2110.0
67700,OFFICE_PRINT,2026-03,2110.0
67700,OFFICE_PRINT,2026-04,2110.0
67700,OFFICE_PRINT,2026-05,2110.0
67700,OFFICE_PRINT,2026-06,2110.0
67700,OFFICE_PRINT,2026-07,2110.0
67700,OFFICE_PRINT,2026-08,2110.0
67700,PROF_SERVICES,2025-07,2340.0
67700,PROF_SERVICES,2025-08,2340.0
67700,PROF_SERVICES,2025-09,2340.0
67700,PROF_SERVICES,2025-10,2340.0
67700,PROF_SERVICES,2025-11,2340.0
67700,PROF_SERVICES,2025-12,2340.0
67700,PROF_SERVICES,2026-01,2340.0
67700,PROF_SERVICES,2026-02,2340.0
67700,PROF_SERVICES,2026-03,2340.0
67700,PROF_SERVICES,2026-04,2340.0
67700,PROF_SERVICES,2026-05,2340.0
67700,PROF_SERVICES,2026-06,2340.0
67700,PROF_SERVICES,2026-07,2340.0
67700,PROF_SERVICES,2026-08,2340.0
67700,RETAIL_GENERAL,2025-07,3000.0
67700,RETAIL_GENERAL,2025-08,3000.0
67700,RETAIL_GENERAL,2025-09,3000.0
67700,RETAIL_GENERAL,2025-10,3000.0
67700,RETAIL_GENERAL,2025-11,3000.0
67700,RETAIL_GENERAL,2025-12,3000.0
67700,RETAIL_GENERAL,2026-01,3000.0
67700,RETAIL_GENERAL,2026-02,3000.0
67700,RETAIL_GENERAL,2026-03,3000.0
67700,RETAIL_GENERAL,2026-04,3000.0
67700,RETAIL_GENERAL,2026-05,3000.0
67700,RETAIL_GENERAL,2026-06,3000.0
67700,RETAIL_GENERAL,2026-07,3000.0
67700,RETAIL_GENERAL,2026-08,3000.0
67800,IT_TELECOM,2025-07,160.0
67800,IT_TELECOM,2025-08,160.0
67800,IT_TELECOM,2025-09,160.0
67800,IT_TELECOM,2025-10,160.0
67800,IT_TELECOM,2025-11,160.0
67800,IT_TELECOM,2025-12,160.0
67800,IT_TELECOM,2026-01,160.0
67800,IT_TELECOM,2026-02,160.0
67800,IT_TELECOM,2026-03,160.0
67800,IT_TELECOM,2026-04,160.0
67800,IT_TELECOM,2026-05,160.0
67800,IT_TELECOM,2026-06,160.0
67800,IT_TELECOM,2026-07,160.0
67800,IT_TELECOM,2026-08,160.0
69500,AIR_TRAVEL,2025-07,3590.0
69500,AIR_TRAVEL,2025-08,3590.0
69500,AIR_TRAVEL,2025-09,3590.0
69500,AIR_TRAVEL,2025-10,3590.0
69500,AIR_TRAVEL,2025-11,3590.0
69500,AIR_TRAVEL,2025-12,3590.0
69500,AIR_TRAVEL,2026-01,3590.0
69500,AIR_TRAVEL,2026-02,3590.0
69500,AIR_TRAVEL,2026-03,3590.0
69500,AIR_TRAVEL,2026-04,3590.0
69500,AIR_TRAVEL,2026-05,3590.0
69500,AIR_TRAVEL,2026-06,3590.0
69500,AIR_TRAVEL,2026-07,3590.0
69500,AIR_TRAVEL,2026-08,3590.0
69500,FACILITIES_MRO,2025-07,340.0
69500,FACILITIES_MRO,2025-08,340.0
69500,FACILITIES_MRO,2025-09,340.0
69500,FACILITIES_MRO,2025-10,340.0
69500,FACILITIES_MRO,2025-11,340.0
69500,FACILITIES_MRO,2025-12,340.0
69500,FACILITIES_MRO,2026-01,340.0
69500,FACILITIES_MRO,2026-02,340.0
69500,FACILITIES_MRO,2026-03,340.0
69500,FACILITIES_MRO,2026-04,340.0
69500,FACILITIES_MRO,2026-05,340.0
69500,FACILITIES_MRO,2026-06,340.0
69500,FACILITIES_MRO,2026-07,340.0
69500,FACILITIES_MRO,2026-08,340.0
69500,FEES_EDU_EVENTS,2025-07,2610.0
69500,FEES_EDU_EVENTS,2025-08,2610.0
69500,FEES_EDU_EVENTS,2025-09,2610.0
69500,FEES_EDU_EVENTS,2025-10,2610.0
69500,FEES_EDU_EVENTS,2025-11,2610.0
69500,FEES_EDU_EVENTS,2025-12,2610.0
69500,FEES_EDU_EVENTS,2026-01,2610.0
69500,FEES_EDU_EVENTS,2026-02,2610.0
69500,FEES_EDU_EVENTS,2026-03,2610.0
69500,FEES_EDU_EVENTS,2026-04,2610.0
69500,FEES_EDU_EVENTS,2026-05,2610.0
69500,FEES_EDU_EVENTS,2026-06,2610.0
69500,FEES_EDU_EVENTS,2026-07,2610.0
69500,FEES_EDU_EVENTS,2026-08,2610.0
69500,FOOD,2025-07,500.0
69500,FOOD,2025-08,500.0
69500,FOOD,2025-09,500.0
69500,FOOD,2025-10,500.0
69500,FOOD,2025-11,500.0
69500,FOOD,2025-12,500.0
69500,FOOD,2026-01,500.0
69500,FOOD,2026-02,500.0
69500,FOOD,2026-03,500.0
69500,FOOD,2026-04,500.0
69500,FOOD,2026-05,500.0
69500,FOOD,2026-06,500.0
69500,FOOD,2026-07,500.0
69500,FOOD,2026-08,500.0
69500,IT_TELECOM,2025-07,640.0
69500,IT_TELECOM,2025-08,640.0
69500,IT_TELECOM,2025-09,640.0
69500,IT_TELECOM,2025-10,640.0
69500,IT_TELECOM,2025-11,640.0
69500,IT_TELECOM,2025-12,640.0
69500,IT_TELECOM,2026-01,640.0
69500,IT_TELECOM,2026-02,640.0
69500,IT_TELECOM,2026-03,640.0
69500,IT_TELECOM,2026-04,640.0
69500,IT_TELECOM,2026-05,640.0
69500,IT_TELECOM,2026-06,640.0
69500,IT_TELECOM,2026-07,640.0
69500,IT_TELECOM,2026-08,640.0
69500,LODGING,2025-07,5850.0
69500,LODGING,2025-08,5850.0
69500,LODGING,2025-09,5850.0
69500,LODGING,2025-10,5850.0
69500,LODGING,2025-11,5850.0
69500,LODGING,2025-12,5850.0
69500,LODGING,2026-01,5850.0
69500,LODGING,2026-02,5850.0
69500,LODGING,2026-03,5850.0
69500,LODGING,2026-04,5850.0
69500,LODGING,2026-05,5850.0
69500,LODGING,2026-06,5850.0
69500,LODGING,2026-07,5850.0
69500,LODGING,2026-08,5850.0
69500,OFFICE_PRINT,2025-07,1940.0
69500,OFFICE_PRINT,2025-08,1940.0
69500,OFFICE_PRINT,2025-09,1940.0
69500,OFFICE_PRINT,2025-10,1940.0
69500,OFFICE_PRINT,2025-11,1940.0
69500,OFFICE_PRINT,2025-12,1940.0
69500,OFFICE_PRINT,2026-01,1940.0
69500,OFFICE_PRINT,2026-02,1940.0
69500,OFFICE_PRINT,2026-03,1940.0
69500,OFFICE_PRINT,2026-04,1940.0
69500,OFFICE_PRINT,2026-05,1940.0
69500,OFFICE_PRINT,2026-06,1940.0
69500,OFFICE_PRINT,2026-07,1940.0
69500,OFFICE_PRINT,2026-08,1940.0
69500,PROF_SERVICES,2025-07,2680.0
69500,PROF_SERVICES,2025-08,2680.0
69500,PROF_SERVICES,2025-09,2680.0
69500,PROF_SERVICES,2025-10,2680.0
69500,PROF_SERVICES,2025-11,2680.0
69500,PROF_SERVICES,2025-12,2680.0
69500,PROF_SERVICES,2026-01,2680.0
69500,PROF_SERVICES,2026-02,2680.0
69500,PROF_SERVICES,2026-03,2680.0
69500,PROF_SERVICES,2026-04,2680.0
69500,PROF_SERVICES,2026-05,2680.0
69500,PROF_SERVICES,2026-06,2680.0
69500,PROF_SERVICES,2026-07,2680.0
69500,PROF_SERVICES,2026-08,2680.0
69500,RETAIL_GENERAL,2025-07,860.0
69500,RETAIL_GENERAL,2025-08,860.0
69500,RETAIL_GENERAL,2025-09,860.0
69500,RETAIL_GENERAL,2025-10,860.0
69500,RETAIL_GENERAL,2025-11,860.0
69500,RETAIL_GENERAL,2025-12,860.0
69500,RETAIL_GENERAL,2026-01,860.0
69500,RETAIL_GENERAL,2026-02,860.0
69500,RETAIL_GENERAL,2026-03,860.0
69500,RETAIL_GENERAL,2026-04,860.0
69500,RETAIL_GENERAL,2026-05,860.0
69500,RETAIL_GENERAL,2026-06,860.0
69500,RETAIL_GENERAL,2026-07,860.0
69500,RETAIL_GENERAL,2026-08,860.0
71500,FEES_EDU_EVENTS,2025-07,6070.0
71500,FEES_EDU_EVENTS,2025-08,6070.0
71500,FEES_EDU_EVENTS,2025-09,6070.0
71500,FEES_EDU_EVENTS,2025-10,6070.0
71500,FEES_EDU_EVENTS,2025-11,6070.0
71500,FEES_EDU_EVENTS,2025-12,6070.0
71500,FEES_EDU_EVENTS,2026-01,6070.0
71500,FEES_EDU_EVENTS,2026-02,6070.0
71500,FEES_EDU_EVENTS,2026-03,6070.0
71500,FEES_EDU_EVENTS,2026-04,6070.0
71500,FEES_EDU_EVENTS,2026-05,6070.0
71500,FEES_EDU_EVENTS,2026-06,6070.0
71500,FEES_EDU_EVENTS,2026-07,6070.0
71500,FEES_EDU_EVENTS,2026-08,6070.0
71500,FOOD,2025-07,600.0
71500,FOOD,2025-08,600.0
71500,FOOD,2025-09,600.0
71500,FOOD,2025-10,600.0
71500,FOOD,2025-11,600.0
71500,FOOD,2025-12,600.0
71500,FOOD,2026-01,600.0
71500,FOOD,2026-02,600.0
71500,FOOD,2026-03,600.0
71500,FOOD,2026-04,600.0
71500,FOOD,2026-05,600.0
71500,FOOD,2026-06,600.0
71500,FOOD,2026-07,600.0
71500,FOOD,2026-08,600.0
71500,IT_TELECOM,2025-07,330.0
71500,IT_TELECOM,2025-08,330.0
71500,IT_TELECOM,2025-09,330.0
71500,IT_TELECOM,2025-10,330.0
71500,IT_TELECOM,2025-11,330.0
71500,IT_TELECOM,2025-12,330.0
71500,IT_TELECOM,2026-01,330.0
71500,IT_TELECOM,2026-02,330.0
71500,IT_TELECOM,2026-03,330.0
71500,IT_TELECOM,2026-04,330.0
71500,IT_TELECOM,2026-05,330.0
71500,IT_TELECOM,2026-06,330.0
71500,IT_TELECOM,2026-07,330.0
71500,IT_TELECOM,2026-08,330.0
71500,OFFICE_PRINT,2025-07,520.0
71500,OFFICE_PRINT,2025-08,520.0
71500,OFFICE_PRINT,2025-09,520.0
71500,OFFICE_PRINT,2025-10,520.0
71500,OFFICE_PRINT,2025-11,520.0
71500,OFFICE_PRINT,2025-12,520.0
71500,OFFICE_PRINT,2026-01,520.0
71500,OFFICE_PRINT,2026-02,520.0
71500,OFFICE_PRINT,2026-03,520.0
71500,OFFICE_PRINT,2026-04,520.0
71500,OFFICE_PRINT,2026-05,520.0
71500,OFFICE_PRINT,2026-06,520.0
71500,OFFICE_PRINT,2026-07,520.0
71500,OFFICE_PRINT,2026-08,520.0
71500,PROF_SERVICES,2025-07,1970.0
71500,PROF_SERVICES,2025-08,1970.0
71500,PROF_SERVICES,2025-09,1970.0
71500,PROF_SERVICES,2025-10,1970.0
71500,PROF_SERVICES,2025-11,1970.0
71500,PROF_SERVICES,2025-12,1970.0
71500,PROF_SERVICES,2026-01,1970.0
71500,PROF_SERVICES,2026-02,1970.0
71500,PROF_SERVICES,2026-03,1970.0
71500,PROF_SERVICES,2026-04,1970.0
71500,PROF_SERVICES,2026-05,1970.0
71500,PROF_SERVICES,2026-06,1970.0
71500,PROF_SERVICES,2026-07,1970.0
71500,PROF_SERVICES,2026-08,1970.0
71500,RETAIL_GENERAL,2025-07,1190.0
71500,RETAIL_GENERAL,2025-08,1190.0
71500,RETAIL_GENERAL,2025-09,1190.0
71500,RETAIL_GENERAL,2025-10,1190.0
71500,RETAIL_GENERAL,2025-11,1190.0
71500,RETAIL_GENERAL,2025-12,1190.0
71500,RETAIL_GENERAL,2026-01,1190.0
71500,RETAIL_GENERAL,2026-02,1190.0
71500,RETAIL_GENERAL,2026-03,1190.0
71500,RETAIL_GENERAL,2026-04,1190.0
71500,RETAIL_GENERAL,2026-05,1190.0
71500,RETAIL_GENERAL,2026-06,1190.0
71500,RETAIL_GENERAL,2026-07,1190.0
71500,RETAIL_GENERAL,2026-08,1190.0
74000,AIR_TRAVEL,2025-07,1420.0
74000,AIR_TRAVEL,2025-08,1420.0
74000,AIR_TRAVEL,2025-09,1420.0
74000,AIR_TRAVEL,2025-10,1420.0
74000,AIR_TRAVEL,2025-11,1420.0
74000,AIR_TRAVEL,2025-12,1420.0
74000,AIR_TRAVEL,2026-01,1420.0
74000,AIR_TRAVEL,2026-02,1420.0
74000,AIR_TRAVEL,2026-03,1420.0
74000,AIR_TRAVEL,2026-04,1420.0
74000,AIR_TRAVEL,2026-05,1420.0
74000,AIR_TRAVEL,2026-06,1420.0
74000,AIR_TRAVEL,2026-07,1420.0
74000,AIR_TRAVEL,2026-08,1420.0
74000,FEES_EDU_EVENTS,2025-07,1740.0
74000,FEES_EDU_EVENTS,2025-08,1740.0
74000,FEES_EDU_EVENTS,2025-09,1740.0
74000,FEES_EDU_EVENTS,2025-10,1740.0
74000,FEES_EDU_EVENTS,2025-11,1740.0
74000,FEES_EDU_EVENTS,2025-12,1740.0
74000,FEES_EDU_EVENTS,2026-01,1740.0
74000,FEES_EDU_EVENTS,2026-02,1740.0
74000,FEES_EDU_EVENTS,2026-03,1740.0
74000,FEES_EDU_EVENTS,2026-04,1740.0
74000,FEES_EDU_EVENTS,2026-05,1740.0
74000,FEES_EDU_EVENTS,2026-06,1740.0
74000,FEES_EDU_EVENTS,2026-07,1740.0
74000,FEES_EDU_EVENTS,2026-08,1740.0
74000,IT_TELECOM,2025-07,1240.0
74000,IT_TELECOM,2025-08,1240.0
74000,IT_TELECOM,2025-09,1240.0
74000,IT_TELECOM,2025-10,1240.0
74000,IT_TELECOM,2025-11,1240.0
74000,IT_TELECOM,2025-12,1240.0
74000,IT_TELECOM,2026-01,1240.0
74000,IT_TELECOM,2026-02,1240.0
74000,IT_TELECOM,2026-03,1240.0
74000,IT_TELECOM,2026-04,1240.0
74000,IT_TELECOM,2026-05,1240.0
74000,IT_TELECOM,2026-06,1240.0
74000,IT_TELECOM,2026-07,1240.0
74000,IT_TELECOM,2026-08,1240.0
74000,LODGING,2025-07,1960.0
74000,LODGING,2025-08,1960.0
74000,LODGING,2025-09,1960.0
74000,LODGING,2025-10,1960.0
74000,LODGING,2025-11,1960.0
74000,LODGING,2025-12,1960.0
74000,LODGING,2026-01,1960.0
74000,LODGING,2026-02,1960.0
74000,LODGING,2026-03,1960.0
74000,LODGING,2026-04,1960.0
74000,LODGING,2026-05,1960.0
74000,LODGING,2026-06,1960.0
74000,LODGING,2026-07,1960.0
74000,LODGING,2026-08,1960.0
74000,OFFICE_PRINT,2025-07,650.0
74000,OFFICE_PRINT,2025-08,650.0
74000,OFFICE_PRINT,2025-09,650.0
74000,OFFICE_PRINT,2025-10,650.0
74000,OFFICE_PRINT,2025-11,650.0
74000,OFFICE_PRINT,2025-12,650.0
74000,OFFICE_PRINT,2026-01,650.0
74000,OFFICE_PRINT,2026-02,650.0
74000,OFFICE_PRINT,2026-03,650.0
74000,OFFICE_PRINT,2026-04,650.0
74000,OFFICE_PRINT,2026-05,650.0
74000,OFFICE_PRINT,2026-06,650.0
74000,OFFICE_PRINT,2026-07,650.0
74000,OFFICE_PRINT,2026-08,650.0
74000,RETAIL_GENERAL,2025-07,2490.0
74000,RETAIL_GENERAL,2025-08,2490.0
74000,RETAIL_GENERAL,2025-09,2490.0
74000,RETAIL_GENERAL,2025-10,2490.0
74000,RETAIL_GENERAL,2025-11,2490.0
74000,RETAIL_GENERAL,2025-12,2490.0
74000,RETAIL_GENERAL,2026-01,2490.0
74000,RETAIL_GENERAL,2026-02,2490.0
74000,RETAIL_GENERAL,2026-03,2490.0
74000,RETAIL_GENERAL,2026-04,2490.0
74000,RETAIL_GENERAL,2026-05,2490.0
74000,RETAIL_GENERAL,2026-06,2490.0
74000,RETAIL_GENERAL,2026-07,2490.0
74000,RETAIL_GENERAL,2026-08,2490.0
75000,AIR_TRAVEL,2025-07,14510.0
75000,AIR_TRAVEL,2025-08,14510.0
75000,AIR_TRAVEL,2025-09,14510.0
75000,AIR_TRAVEL,2025-10,14510.0
75000,AIR_TRAVEL,2025-11,14510.0
75000,AIR_TRAVEL,2025-12,14510.0
75000,AIR_TRAVEL,2026-01,14510.0
75000,AIR_TRAVEL,2026-02,14510.0
75000,AIR_TRAVEL,2026-03,14510.0
75000,AIR_TRAVEL,2026-04,14510.0
75000,AIR_TRAVEL,2026-05,14510.0
75000,AIR_TRAVEL,2026-06,14510.0
75000,AIR_TRAVEL,2026-07,14510.0
75000,AIR_TRAVEL,2026-08,14510.0
75000,FACILITIES_MRO,2025-07,4630.0
75000,FACILITIES_MRO,2025-08,4630.0
75000,FACILITIES_MRO,2025-09,4630.0
75000,FACILITIES_MRO,2025-10,4630.0
75000,FACILITIES_MRO,2025-11,4630.0
75000,FACILITIES_MRO,2025-12,4630.0
75000,FACILITIES_MRO,2026-01,4630.0
75000,FACILITIES_MRO,2026-02,4630.0
75000,FACILITIES_MRO,2026-03,4630.0
75000,FACILITIES_MRO,2026-04,4630.0
75000,FACILITIES_MRO,2026-05,4630.0
75000,FACILITIES_MRO,2026-06,4630.0
75000,FACILITIES_MRO,2026-07,4630.0
75000,FACILITIES_MRO,2026-08,4630.0
75000,FEES_EDU_EVENTS,2025-07,37300.0
75000,FEES_EDU_EVENTS,2025-08,37300.0
75000,FEES_EDU_EVENTS,2025-09,37300.0
75000,FEES_EDU_EVENTS,2025-10,37300.0
75000,FEES_EDU_EVENTS,2025-11,37300.0
75000,FEES_EDU_EVENTS,2025-12,37300.0
75000,FEES_EDU_EVENTS,2026-01,37300.0
75000,FEES_EDU_EVENTS,2026-02,37300.0
75000,FEES_EDU_EVENTS,2026-03,37300.0
75000,FEES_EDU_EVENTS,2026-04,37300.0
75000,FEES_EDU_EVENTS,2026-05,37300.0
75000,FEES_EDU_EVENTS,2026-06,37300.0
75000,FEES_EDU_EVENTS,2026-07,37300.0
75000,FEES_EDU_EVENTS,2026-08,37300.0
75000,FOOD,2025-07,5440.0
75000,FOOD,2025-08,5440.0
75000,FOOD,2025-09,5440.0
75000,FOOD,2025-10,5440.0
75000,FOOD,2025-11,5440.0
75000,FOOD,2025-12,5440.0
75000,FOOD,2026-01,5440.0
75000,FOOD,2026-02,5440.0
75000,FOOD,2026-03,5440.0
75000,FOOD,2026-04,5440.0
75000,FOOD,2026-05,5440.0
75000,FOOD,2026-06,5440.0
75000,FOOD,2026-07,5440.0
75000,FOOD,2026-08,5440.0
75000,GROUND_TRANSPORT,2025-07,1660.0
75000,GROUND_TRANSPORT,2025-08,1660.0
75000,GROUND_TRANSPORT,2025-09,1660.0
75000,GROUND_TRANSPORT,2025-10,1660.0
75000,GROUND_TRANSPORT,2025-11,1660.0
75000,GROUND_TRANSPORT,2025-12,1660.0
75000,GROUND_TRANSPORT,2026-01,1660.0
75000,GROUND_TRANSPORT,2026-02,1660.0
75000,GROUND_TRANSPORT,2026-03,1660.0
75000,GROUND_TRANSPORT,2026-04,1660.0
75000,GROUND_TRANSPORT,2026-05,1660.0
75000,GROUND_TRANSPORT,2026-06,1660.0
75000,GROUND_TRANSPORT,2026-07,1660.0
75000,GROUND_TRANSPORT,2026-08,1660.0
75000,IT_TELECOM,2025-07,10920.0
75000,IT_TELECOM,2025-08,10920.0
75000,IT_TELECOM,2025-09,10920.0
75000,IT_TELECOM,2025-10,10920.0
75000,IT_TELECOM,2025-11,10920.0
75000,IT_TELECOM,2025-12,10920.0
75000,IT_TELECOM,2026-01,10920.0
75000,IT_TELECOM,2026-02,10920.0
75000,IT_TELECOM,2026-03,10920.0
75000,IT_TELECOM,2026-04,10920.0
75000,IT_TELECOM,2026-05,10920.0
75000,IT_TELECOM,2026-06,10920.0
75000,IT_TELECOM,2026-07,10920.0
75000,IT_TELECOM,2026-08,10920.0
75000,LODGING,2025-07,16310.0
75000,LODGING,2025-08,16310.0
75000,LODGING,2025-09,16310.0
75000,LODGING,2025-10,16310.0
75000,LODGING,2025-11,16310.0
75000,LODGING,2025-12,16310.0
75000,LODGING,2026-01,16310.0
75000,LODGING,2026-02,16310.0
75000,LODGING,2026-03,16310.0
75000,LODGING,2026-04,16310.0
75000,LODGING,2026-05,16310.0
75000,LODGING,2026-06,16310.0
75000,LODGING,2026-07,16310.0
75000,LODGING,2026-08,16310.0
75000,PROF_SERVICES,2025-07,5270.0
75000,PROF_SERVICES,2025-08,5270.0
75000,PROF_SERVICES,2025-09,5270.0
75000,PROF_SERVICES,2025-10,5270.0
75000,PROF_SERVICES,2025-11,5270.0
75000,PROF_SERVICES,2025-12,5270.0
75000,PROF_SERVICES,2026-01,5270.0
75000,PROF_SERVICES,2026-02,5270.0
75000,PROF_SERVICES,2026-03,5270.0
75000,PROF_SERVICES,2026-04,5270.0
75000,PROF_SERVICES,2026-05,5270.0
75000,PROF_SERVICES,2026-06,5270.0
75000,PROF_SERVICES,2026-07,5270.0
75000,PROF_SERVICES,2026-08,5270.0
75000,RETAIL_GENERAL,2025-07,4370.0
75000,RETAIL_GENERAL,2025-08,4370.0
75000,RETAIL_GENERAL,2025-09,4370.0
75000,RETAIL_GENERAL,2025-10,4370.0
75000,RETAIL_GENERAL,2025-11,4370.0
75000,RETAIL_GENERAL,2025-12,4370.0
75000,RETAIL_GENERAL,2026-01,4370.0
75000,RETAIL_GENERAL,2026-02,4370.0
75000,RETAIL_GENERAL,2026-03,4370.0
75000,RETAIL_GENERAL,2026-04,4370.0
75000,RETAIL_GENERAL,2026-05,4370.0
75000,RETAIL_GENERAL,2026-06,4370.0
75000,RETAIL_GENERAL,2026-07,4370.0
75000,RETAIL_GENERAL,2026-08,4370.0
75000,VEHICLE_FUEL,2025-07,3120.0
75000,VEHICLE_FUEL,2025-08,3120.0
75000,VEHICLE_FUEL,2025-09,3120.0
75000,VEHICLE_FUEL,2025-10,3120.0
75000,VEHICLE_FUEL,2025-11,3120.0
75000,VEHICLE_FUEL,2025-12,3120.0
75000,VEHICLE_FUEL,2026-01,3120.0
75000,VEHICLE_FUEL,2026-02,3120.0
75000,VEHICLE_FUEL,2026-03,3120.0
75000,VEHICLE_FUEL,2026-04,3120.0
75000,VEHICLE_FUEL,2026-05,3120.0
75000,VEHICLE_FUEL,2026-06,3120.0
75000,VEHICLE_FUEL,2026-07,3120.0
75000,VEHICLE_FUEL,2026-08,3120.0
76000,AGRI_ANIMAL,2025-07,6580.0
76000,AGRI_ANIMAL,2025-08,6580.0
76000,AGRI_ANIMAL,2025-09,6580.0
76000,AGRI_ANIMAL,2025-10,6580.0
76000,AGRI_ANIMAL,2025-11,6580.0
76000,AGRI_ANIMAL,2025-12,6580.0
76000,AGRI_ANIMAL,2026-01,6580.0
76000,AGRI_ANIMAL,2026-02,6580.0
76000,AGRI_ANIMAL,2026-03,6580.0
76000,AGRI_ANIMAL,2026-04,6580.0
76000,AGRI_ANIMAL,2026-05,6580.0
76000,AGRI_ANIMAL,2026-06,6580.0
76000,AGRI_ANIMAL,2026-07,6580.0
76000,AGRI_ANIMAL,2026-08,6580.0
76000,AIR_TRAVEL,2025-07,137630.0
76000,AIR_TRAVEL,2025-08,137630.0
76000,AIR_TRAVEL,2025-09,137630.0
76000,AIR_TRAVEL,2025-10,137630.0
76000,AIR_TRAVEL,2025-11,137630.0
76000,AIR_TRAVEL,2025-12,137630.0
76000,AIR_TRAVEL,2026-01,137630.0
76000,AIR_TRAVEL,2026-02,137630.0
76000,AIR_TRAVEL,2026-03,137630.0
76000,AIR_TRAVEL,2026-04,137630.0
76000,AIR_TRAVEL,2026-05,137630.0
76000,AIR_TRAVEL,2026-06,137630.0
76000,AIR_TRAVEL,2026-07,137630.0
76000,AIR_TRAVEL,2026-08,137630.0
76000,APPAREL_SPORTS,2025-07,57050.0
76000,APPAREL_SPORTS,2025-08,57050.0
76000,APPAREL_SPORTS,2025-09,57050.0
76000,APPAREL_SPORTS,2025-10,57050.0
76000,APPAREL_SPORTS,2025-11,57050.0
76000,APPAREL_SPORTS,2025-12,57050.0
76000,APPAREL_SPORTS,2026-01,57050.0
76000,APPAREL_SPORTS,2026-02,57050.0
76000,APPAREL_SPORTS,2026-03,57050.0
76000,APPAREL_SPORTS,2026-04,57050.0
76000,APPAREL_SPORTS,2026-05,57050.0
76000,APPAREL_SPORTS,2026-06,57050.0
76000,APPAREL_SPORTS,2026-07,57050.0
76000,APPAREL_SPORTS,2026-08,57050.0
76000,FACILITIES_MRO,2025-07,264330.0
76000,FACILITIES_MRO,2025-08,264330.0
76000,FACILITIES_MRO,2025-09,264330.0
76000,FACILITIES_MRO,2025-10,264330.0
76000,FACILITIES_MRO,2025-11,264330.0
76000,FACILITIES_MRO,2025-12,264330.0
76000,FACILITIES_MRO,2026-01,264330.0
76000,FACILITIES_MRO,2026-02,264330.0
76000,FACILITIES_MRO,2026-03,264330.0
76000,FACILITIES_MRO,2026-04,264330.0
76000,FACILITIES_MRO,2026-05,264330.0
76000,FACILITIES_MRO,2026-06,264330.0
76000,FACILITIES_MRO,2026-07,264330.0
76000,FACILITIES_MRO,2026-08,264330.0
76000,FEES_EDU_EVENTS,2025-07,113790.0
76000,FEES_EDU_EVENTS,2025-08,113790.0
76000,FEES_EDU_EVENTS,2025-09,113790.0
76000,FEES_EDU_EVENTS,2025-10,113790.0
76000,FEES_EDU_EVENTS,2025-11,113790.0
76000,FEES_EDU_EVENTS,2025-12,113790.0
76000,FEES_EDU_EVENTS,2026-01,113790.0
76000,FEES_EDU_EVENTS,2026-02,113790.0
76000,FEES_EDU_EVENTS,2026-03,113790.0
76000,FEES_EDU_EVENTS,2026-04,113790.0
76000,FEES_EDU_EVENTS,2026-05,113790.0
76000,FEES_EDU_EVENTS,2026-06,113790.0
76000,FEES_EDU_EVENTS,2026-07,113790.0
76000,FEES_EDU_EVENTS,2026-08,113790.0
76000,FOOD,2025-07,17410.0
76000,FOOD,2025-08,17410.0
76000,FOOD,2025-09,17410.0
76000,FOOD,2025-10,17410.0
76000,FOOD,2025-11,17410.0
76000,FOOD,2025-12,17410.0
76000,FOOD,2026-01,17410.0
76000,FOOD,2026-02,17410.0
76000,FOOD,2026-03,17410.0
76000,FOOD,2026-04,17410.0
76000,FOOD,2026-05,17410.0
76000,FOOD,2026-06,17410.0
76000,FOOD,2026-07,17410.0
76000,FOOD,2026-08,17410.0
76000,GROUND_TRANSPORT,2025-07,430.0
76000,GROUND_TRANSPORT,2025-08,430.0
76000,GROUND_TRANSPORT,2025-09,430.0
76000,GROUND_TRANSPORT,2025-10,430.0
76000,GROUND_TRANSPORT,2025-11,430.0
76000,GROUND_TRANSPORT,2025-12,430.0
76000,GROUND_TRANSPORT,2026-01,430.0
76000,GROUND_TRANSPORT,2026-02,430.0
76000,GROUND_TRANSPORT,2026-03,430.0
76000,GROUND_TRANSPORT,2026-04,430.0
76000,GROUND_TRANSPORT,2026-05,430.0
76000,GROUND_TRANSPORT,2026-06,430.0
76000,GROUND_TRANSPORT,2026-07,430.0
76000,GROUND_TRANSPORT,2026-08,430.0
76000,IT_TELECOM,2025-07,202070.0
76000,IT_TELECOM,2025-08,202070.0
76000,IT_TELECOM,2025-09,202070.0
76000,IT_TELECOM,2025-10,202070.0
76000,IT_TELECOM,2025-11,202070.0
76000,IT_TELECOM,2025-12,202070.0
76000,IT_TELECOM,2026-01,202070.0
76000,IT_TELECOM,2026-02,202070.0
76000,IT_TELECOM,2026-03,202070.0
76000,IT_TELECOM,2026-04,202070.0
76000,IT_TELECOM,2026-05,202070.0
76000,IT_TELECOM,2026-06,202070.0
76000,IT_TELECOM,2026-07,202070.0
76000,IT_TELECOM,2026-08,202070.0
76000,MEDICAL_LAB,2025-07,79080.0
76000,MEDICAL_LAB,2025-08,79080.0
76000,MEDICAL_LAB,2025-09,79080.0
76000,MEDICAL_LAB,2025-10,79080.0
76000,MEDICAL_LAB,2025-11,79080.0
76000,MEDICAL_LAB,2025-12,79080.0
76000,MEDICAL_LAB,2026-01,79080.0
76000,MEDICAL_LAB,2026-02,79080.0
76000,MEDICAL_LAB,2026-03,79080.0
76000,MEDICAL_LAB,2026-04,79080.0
76000,MEDICAL_LAB,2026-05,79080.0
76000,MEDICAL_LAB,2026-06,79080.0
76000,MEDICAL_LAB,2026-07,79080.0
76000,MEDICAL_LAB,2026-08,79080.0
76000,OFFICE_PRINT,2025-07,66910.0
76000,OFFICE_PRINT,2025-08,66910.0
76000,OFFICE_PRINT,2025-09,66910.0
76000,OFFICE_PRINT,2025-10,66910.0
76000,OFFICE_PRINT,2025-11,66910.0
76000,OFFICE_PRINT,2025-12,66910.0
76000,OFFICE_PRINT,2026-01,66910.0
76000,OFFICE_PRINT,2026-02,66910.0
76000,OFFICE_PRINT,2026-03,66910.0
76000,OFFICE_PRINT,2026-04,66910.0
76000,OFFICE_PRINT,2026-05,66910.0
76000,OFFICE_PRINT,2026-06,66910.0
76000,OFFICE_PRINT,2026-07,66910.0
76000,OFFICE_PRINT,2026-08,66910.0
76000,OTHER,2025-07,9770.0
76000,OTHER,2025-08,9770.0
76000,OTHER,2025-09,9770.0
76000,OTHER,2025-10,9770.0
76000,OTHER,2025-11,9770.0
76000,OTHER,2025-12,9770.0
76000,OTHER,2026-01,9770.0
76000,OTHER,2026-02,9770.0
76000,OTHER,2026-03,9770.0
76000,OTHER,2026-04,9770.0
76000,OTHER,2026-05,9770.0
76000,OTHER,2026-06,9770.0
76000,OTHER,2026-07,9770.0
76000,OTHER,2026-08,9770.0
76000,PROF_SERVICES,2025-07,95280.0
76000,PROF_SERVICES,2025-08,95280.0
76000,PROF_SERVICES,2025-09,95280.0
76000,PROF_SERVICES,2025-10,95280.0
76000,PROF_SERVICES,2025-11,95280.0
76000,PROF_SERVICES,2025-12,95280.0
76000,PROF_SERVICES,2026-01,95280.0
76000,PROF_SERVICES,2026-02,95280.0
76000,PROF_SERVICES,2026-03,95280.0
76000,PROF_SERVICES,2026-04,95280.0
76000,PROF_SERVICES,2026-05,95280.0
76000,PROF_SERVICES,2026-06,95280.0
76000,PROF_SERVICES,2026-07,95280.0
76000,PROF_SERVICES,2026-08,95280.0
76000,RETAIL_GENERAL,2025-07,434610.0
76000,RETAIL_GENERAL,2025-08,434610.0
76000,RETAIL_GENERAL,2025-09,434610.0
76000,RETAIL_GENERAL,2025-10,434610.0
76000,RETAIL_GENERAL,2025-11,434610.0
76000,RETAIL_GENERAL,2025-12,434610.0
76000,RETAIL_GENERAL,2026-01,434610.0
76000,RETAIL_GENERAL,2026-02,434610.0
76000,RETAIL_GENERAL,2026-03,434610.0
76000,RETAIL_GENERAL,2026-04,434610.0
76000,RETAIL_GENERAL,2026-05,434610.0
76000,RETAIL_GENERAL,2026-06,434610.0
76000,RETAIL_GENERAL,2026-07,434610.0
76000,RETAIL_GENERAL,2026-08,434610.0
76000,UTILITIES,2025-07,610.0
76000,UTILITIES,2025-08,610.0
76000,UTILITIES,2025-09,610.0
76000,UTILITIES,2025-10,610.0
76000,UTILITIES,2025-11,610.0
76000,UTILITIES,2025-12,610.0
76000,UTILITIES,2026-01,610.0
76000,UTILITIES,2026-02,610.0
76000,UTILITIES,2026-03,610.0
76000,UTILITIES,2026-04,610.0
76000,UTILITIES,2026-05,610.0
76000,UTILITIES,2026-06,610.0
76000,UTILITIES,2026-07,610.0
76000,UTILITIES,2026-08,610.0
76000,VEHICLE_FUEL,2025-07,14940.0
76000,VEHICLE_FUEL,2025-08,14940.0
76000,VEHICLE_FUEL,2025-09,14940.0
76000,VEHICLE_FUEL,2025-10,14940.0
76000,VEHICLE_FUEL,2025-11,14940.0
76000,VEHICLE_FUEL,2025-12,14940.0
76000,VEHICLE_FUEL,2026-01,14940.0
76000,VEHICLE_FUEL,2026-02,14940.0
76000,VEHICLE_FUEL,2026-03,14940.0
76000,VEHICLE_FUEL,2026-04,14940.0
76000,VEHICLE_FUEL,2026-05,14940.0
76000,VEHICLE_FUEL,2026-06,14940.0
76000,VEHICLE_FUEL,2026-07,14940.0
76000,VEHICLE_FUEL,2026-08,14940.0
77000,AGRI_ANIMAL,2025-07,33690.0
77000,AGRI_ANIMAL,2025-08,33690.0
77000,AGRI_ANIMAL,2025-09,33690.0
77000,AGRI_ANIMAL,2025-10,33690.0
77000,AGRI_ANIMAL,2025-11,33690.0
77000,AGRI_ANIMAL,2025-12,33690.0
77000,AGRI_ANIMAL,2026-01,33690.0
77000,AGRI_ANIMAL,2026-02,33690.0
77000,AGRI_ANIMAL,2026-03,33690.0
77000,AGRI_ANIMAL,2026-04,33690.0
77000,AGRI_ANIMAL,2026-05,33690.0
77000,AGRI_ANIMAL,2026-06,33690.0
77000,AGRI_ANIMAL,2026-07,33690.0
77000,AGRI_ANIMAL,2026-08,33690.0
77000,APPAREL_SPORTS,2025-07,3470.0
77000,APPAREL_SPORTS,2025-08,3470.0
77000,APPAREL_SPORTS,2025-09,3470.0
77000,APPAREL_SPORTS,2025-10,3470.0
77000,APPAREL_SPORTS,2025-11,3470.0
77000,APPAREL_SPORTS,2025-12,3470.0
77000,APPAREL_SPORTS,2026-01,3470.0
77000,APPAREL_SPORTS,2026-02,3470.0
77000,APPAREL_SPORTS,2026-03,3470.0
77000,APPAREL_SPORTS,2026-04,3470.0
77000,APPAREL_SPORTS,2026-05,3470.0
77000,APPAREL_SPORTS,2026-06,3470.0
77000,APPAREL_SPORTS,2026-07,3470.0
77000,APPAREL_SPORTS,2026-08,3470.0
77000,FACILITIES_MRO,2025-07,199470.0
77000,FACILITIES_MRO,2025-08,199470.0
77000,FACILITIES_MRO,2025-09,199470.0
77000,FACILITIES_MRO,2025-10,199470.0
77000,FACILITIES_MRO,2025-11,199470.0
77000,FACILITIES_MRO,2025-12,199470.0
77000,FACILITIES_MRO,2026-01,199470.0
77000,FACILITIES_MRO,2026-02,199470.0
77000,FACILITIES_MRO,2026-03,199470.0
77000,FACILITIES_MRO,2026-04,199470.0
77000,FACILITIES_MRO,2026-05,199470.0
77000,FACILITIES_MRO,2026-06,199470.0
77000,FACILITIES_MRO,2026-07,199470.0
77000,FACILITIES_MRO,2026-08,199470.0
77000,FEES_EDU_EVENTS,2025-07,57900.0
77000,FEES_EDU_EVENTS,2025-08,57900.0
77000,FEES_EDU_EVENTS,2025-09,57900.0
77000,FEES_EDU_EVENTS,2025-10,57900.0
77000,FEES_EDU_EVENTS,2025-11,57900.0
77000,FEES_EDU_EVENTS,2025-12,57900.0
77000,FEES_EDU_EVENTS,2026-01,57900.0
77000,FEES_EDU_EVENTS,2026-02,57900.0
77000,FEES_EDU_EVENTS,2026-03,57900.0
77000,FEES_EDU_EVENTS,2026-04,57900.0
77000,FEES_EDU_EVENTS,2026-05,57900.0
77000,FEES_EDU_EVENTS,2026-06,57900.0
77000,FEES_EDU_EVENTS,2026-07,57900.0
77000,FEES_EDU_EVENTS,2026-08,57900.0
77000,FOOD,2025-07,25110.0
77000,FOOD,2025-08,25110.0
77000,FOOD,2025-09,25110.0
77000,FOOD,2025-10,25110.0
77000,FOOD,2025-11,25110.0
77000,FOOD,2025-12,25110.0
77000,FOOD,2026-01,25110.0
77000,FOOD,2026-02,25110.0
77000,FOOD,2026-03,25110.0
77000,FOOD,2026-04,25110.0
77000,FOOD,2026-05,25110.0
77000,FOOD,2026-06,25110.0
77000,FOOD,2026-07,25110.0
77000,FOOD,2026-08,25110.0
77000,GROUND_TRANSPORT,2025-07,610.0
77000,GROUND_TRANSPORT,2025-08,610.0
77000,GROUND_TRANSPORT,2025-09,610.0
77000,GROUND_TRANSPORT,2025-10,610.0
77000,GROUND_TRANSPORT,2025-11,610.0
77000,GROUND_TRANSPORT,2025-12,610.0
77000,GROUND_TRANSPORT,2026-01,610.0
77000,GROUND_TRANSPORT,2026-02,610.0
77000,GROUND_TRANSPORT,2026-03,610.0
77000,GROUND_TRANSPORT,2026-04,610.0
77000,GROUND_TRANSPORT,2026-05,610.0
77000,GROUND_TRANSPORT,2026-06,610.0
77000,GROUND_TRANSPORT,2026-07,610.0
77000,GROUND_TRANSPORT,2026-08,610.0
77000,IT_TELECOM,2025-07,82670.0
77000,IT_TELECOM,2025-08,82670.0
77000,IT_TELECOM,2025-09,82670.0
77000,IT_TELECOM,2025-10,82670.0
77000,IT_TELECOM,2025-11,82670.0
77000,IT_TELECOM,2025-12,82670.0
77000,IT_TELECOM,2026-01,82670.0
77000,IT_TELECOM,2026-02,82670.0
77000,IT_TELECOM,2026-03,82670.0
77000,IT_TELECOM,2026-04,82670.0
77000,IT_TELECOM,2026-05,82670.0
77000,IT_TELECOM,2026-06,82670.0
77000,IT_TELECOM,2026-07,82670.0
77000,IT_TELECOM,2026-08,82670.0
77000,MEDICAL_LAB,2025-07,463410.0
77000,MEDICAL_LAB,2025-08,463410.0
77000,MEDICAL_LAB,2025-09,463410.0
77000,MEDICAL_LAB,2025-10,463410.0
77000,MEDICAL_LAB,2025-11,463410.0
77000,MEDICAL_LAB,2025-12,463410.0
77000,MEDICAL_LAB,2026-01,463410.0
77000,MEDICAL_LAB,2026-02,463410.0
77000,MEDICAL_LAB,2026-03,463410.0
77000,MEDICAL_LAB,2026-04,463410.0
77000,MEDICAL_LAB,2026-05,463410.0
77000,MEDICAL_LAB,2026-06,463410.0
77000,MEDICAL_LAB,2026-07,463410.0
77000,MEDICAL_LAB,2026-08,463410.0
77000,OFFICE_PRINT,2025-07,51580.0
77000,OFFICE_PRINT,2025-08,51580.0
77000,OFFICE_PRINT,2025-09,51580.0
77000,OFFICE_PRINT,2025-10,51580.0
77000,OFFICE_PRINT,2025-11,51580.0
77000,OFFICE_PRINT,2025-12,51580.0
77000,OFFICE_PRINT,2026-01,51580.0
77000,OFFICE_PRINT,2026-02,51580.0
77000,OFFICE_PRINT,2026-03,51580.0
77000,OFFICE_PRINT,2026-04,51580.0
77000,OFFICE_PRINT,2026-05,51580.0
77000,OFFICE_PRINT,2026-06,51580.0
77000,OFFICE_PRINT,2026-07,51580.0
77000,OFFICE_PRINT,2026-08,51580.0
77000,OTHER,2025-07,2100.0
77000,OTHER,2025-08,2100.0
77000,OTHER,2025-09,2100.0
77000,OTHER,2025-10,2100.0
77000,OTHER,2025-11,2100.0
77000,OTHER,2025-12,2100.0
77000,OTHER,2026-01,2100.0
77000,OTHER,2026-02,2100.0
77000,OTHER,2026-03,2100.0
77000,OTHER,2026-04,2100.0
77000,OTHER,2026-05,2100.0
77000,OTHER,2026-06,2100.0
77000,OTHER,2026-07,2100.0
77000,OTHER,2026-08,2100.0
77000,PROF_SERVICES,2025-07,71710.0
77000,PROF_SERVICES,2025-08,71710.0
77000,PROF_SERVICES,2025-09,71710.0
77000,PROF_SERVICES,2025-10,71710.0
77000,PROF_SERVICES,2025-11,71710.0
77000,PROF_SERVICES,2025-12,71710.0
77000,PROF_SERVICES,2026-01,71710.0
77000,PROF_SERVICES,2026-02,71710.0
77000,PROF_SERVICES,2026-03,71710.0
77000,PROF_SERVICES,2026-04,71710.0
77000,PROF_SERVICES,2026-05,71710.0
77000,PROF_SERVICES,2026-06,71710.0
77000,PROF_SERVICES,2026-07,71710.0
77000,PROF_SERVICES,2026-08,71710.0
77000,RETAIL_GENERAL,2025-07,243180.0
77000,RETAIL_GENERAL,2025-08,243180.0
77000,RETAIL_GENERAL,2025-09,243180.0
77000,RETAIL_GENERAL,2025-10,243180.0
77000,RETAIL_GENERAL,2025-11,243180.0
77000,RETAIL_GENERAL,2025-12,243180.0
77000,RETAIL_GENERAL,2026-01,243180.0
77000,RETAIL_GENERAL,2026-02,243180.0
77000,RETAIL_GENERAL,2026-03,243180.0
77000,RETAIL_GENERAL,2026-04,243180.0
77000,RETAIL_GENERAL,2026-05,243180.0
77000,RETAIL_GENERAL,2026-06,243180.0
77000,RETAIL_GENERAL,2026-07,243180.0
77000,RETAIL_GENERAL,2026-08,243180.0
77000,UTILITIES,2025-07,3450.0
77000,UTILITIES,2025-08,3450.0
77000,UTILITIES,2025-09,3450.0
77000,UTILITIES,2025-10,3450.0
77000,UTILITIES,2025-11,3450.0
77000,UTILITIES,2025-12,3450.0
77000,UTILITIES,2026-01,3450.0
77000,UTILITIES,2026-02,3450.0
77000,UTILITIES,2026-03,3450.0
77000,UTILITIES,2026-04,3450.0
77000,UTILITIES,2026-05,3450.0
77000,UTILITIES,2026-06,3450.0
77000,UTILITIES,2026-07,3450.0
77000,UTILITIES,2026-08,3450.0
77000,VEHICLE_FUEL,2025-07,8580.0
77000,VEHICLE_FUEL,2025-08,8580.0
77000,VEHICLE_FUEL,2025-09,8580.0
77000,VEHICLE_FUEL,2025-10,8580.0
77000,VEHICLE_FUEL,2025-11,8580.0
77000,VEHICLE_FUEL,2025-12,8580.0
77000,VEHICLE_FUEL,2026-01,8580.0
77000,VEHICLE_FUEL,2026-02,8580.0
77000,VEHICLE_FUEL,2026-03,8580.0
77000,VEHICLE_FUEL,2026-04,8580.0
77000,VEHICLE_FUEL,2026-05,8580.0
77000,VEHICLE_FUEL,2026-06,8580.0
77000,VEHICLE_FUEL,2026-07,8580.0
77000,VEHICLE_FUEL,2026-08,8580.0
77200,PROF_SERVICES,2025-07,30.0
77200,PROF_SERVICES,2025-08,30.0
77200,PROF_SERVICES,2025-09,30.0
77200,PROF_SERVICES,2025-10,30.0
77200,PROF_SERVICES,2025-11,30.0
77200,PROF_SERVICES,2025-12,30.0
77200,PROF_SERVICES,2026-01,30.0
77200,PROF_SERVICES,2026-02,30.0
77200,PROF_SERVICES,2026-03,30.0
77200,PROF_SERVICES,2026-04,30.0
77200,PROF_SERVICES,2026-05,30.0
77200,PROF_SERVICES,2026-06,30.0
77200,PROF_SERVICES,2026-07,30.0
77200,PROF_SERVICES,2026-08,30.0
77200,RETAIL_GENERAL,2025-07,180.0
77200,RETAIL_GENERAL,2025-08,180.0
77200,RETAIL_GENERAL,2025-09,180.0
77200,RETAIL_GENERAL,2025-10,180.0
77200,RETAIL_GENERAL,2025-11,180.0
77200,RETAIL_GENERAL,2025-12,180.0
77200,RETAIL_GENERAL,2026-01,180.0
77200,RETAIL_GENERAL,2026-02,180.0
77200,RETAIL_GENERAL,2026-03,180.0
77200,RETAIL_GENERAL,2026-04,180.0
77200,RETAIL_GENERAL,2026-05,180.0
77200,RETAIL_GENERAL,2026-06,180.0
77200,RETAIL_GENERAL,2026-07,180.0
77200,RETAIL_GENERAL,2026-08,180.0
80000,AIR_TRAVEL,2025-07,4120.0
80000,AIR_TRAVEL,2025-08,4120.0
80000,AIR_TRAVEL,2025-09,4120.0
80000,AIR_TRAVEL,2025-10,4120.0
80000,AIR_TRAVEL,2025-11,4120.0
80000,AIR_TRAVEL,2025-12,4120.0
80000,AIR_TRAVEL,2026-01,4120.0
80000,AIR_TRAVEL,2026-02,4120.0
80000,AIR_TRAVEL,2026-03,4120.0
80000,AIR_TRAVEL,2026-04,4120.0
80000,AIR_TRAVEL,2026-05,4120.0
80000,AIR_TRAVEL,2026-06,4120.0
80000,AIR_TRAVEL,2026-07,4120.0
80000,AIR_TRAVEL,2026-08,4120.0
80000,APPAREL_SPORTS,2025-07,260.0
80000,APPAREL_SPORTS,2025-08,260.0
80000,APPAREL_SPORTS,2025-09,260.0
80000,APPAREL_SPORTS,2025-10,260.0
80000,APPAREL_SPORTS,2025-11,260.0
80000,APPAREL_SPORTS,2025-12,260.0
80000,APPAREL_SPORTS,2026-01,260.0
80000,APPAREL_SPORTS,2026-02,260.0
80000,APPAREL_SPORTS,2026-03,260.0
80000,APPAREL_SPORTS,2026-04,260.0
80000,APPAREL_SPORTS,2026-05,260.0
80000,APPAREL_SPORTS,2026-06,260.0
80000,APPAREL_SPORTS,2026-07,260.0
80000,APPAREL_SPORTS,2026-08,260.0
80000,FACILITIES_MRO,2025-07,41710.0
80000,FACILITIES_MRO,2025-08,41710.0
80000,FACILITIES_MRO,2025-09,41710.0
80000,FACILITIES_MRO,2025-10,41710.0
80000,FACILITIES_MRO,2025-11,41710.0
80000,FACILITIES_MRO,2025-12,41710.0
80000,FACILITIES_MRO,2026-01,41710.0
80000,FACILITIES_MRO,2026-02,41710.0
80000,FACILITIES_MRO,2026-03,41710.0
80000,FACILITIES_MRO,2026-04,41710.0
80000,FACILITIES_MRO,2026-05,41710.0
80000,FACILITIES_MRO,2026-06,41710.0
80000,FACILITIES_MRO,2026-07,41710.0
80000,FACILITIES_MRO,2026-08,41710.0
80000,FEES_EDU_EVENTS,2025-07,9990.0
80000,FEES_EDU_EVENTS,2025-08,9990.0
80000,FEES_EDU_EVENTS,2025-09,9990.0
80000,FEES_EDU_EVENTS,2025-10,9990.0
80000,FEES_EDU_EVENTS,2025-11,9990.0
80000,FEES_EDU_EVENTS,2025-12,9990.0
80000,FEES_EDU_EVENTS,2026-01,9990.0
80000,FEES_EDU_EVENTS,2026-02,9990.0
80000,FEES_EDU_EVENTS,2026-03,9990.0
80000,FEES_EDU_EVENTS,2026-04,9990.0
80000,FEES_EDU_EVENTS,2026-05,9990.0
80000,FEES_EDU_EVENTS,2026-06,9990.0
80000,FEES_EDU_EVENTS,2026-07,9990.0
80000,FEES_EDU_EVENTS,2026-08,9990.0
80000,FOOD,2025-07,290.0
80000,FOOD,2025-08,290.0
80000,FOOD,2025-09,290.0
80000,FOOD,2025-10,290.0
80000,FOOD,2025-11,290.0
80000,FOOD,2025-12,290.0
80000,FOOD,2026-01,290.0
80000,FOOD,2026-02,290.0
80000,FOOD,2026-03,290.0
80000,FOOD,2026-04,290.0
80000,FOOD,2026-05,290.0
80000,FOOD,2026-06,290.0
80000,FOOD,2026-07,290.0
80000,FOOD,2026-08,290.0
80000,IT_TELECOM,2025-07,9990.0
80000,IT_TELECOM,2025-08,9990.0
80000,IT_TELECOM,2025-09,9990.0
80000,IT_TELECOM,2025-10,9990.0
80000,IT_TELECOM,2025-11,9990.0
80000,IT_TELECOM,2025-12,9990.0
80000,IT_TELECOM,2026-01,9990.0
80000,IT_TELECOM,2026-02,9990.0
80000,IT_TELECOM,2026-03,9990.0
80000,IT_TELECOM,2026-04,9990.0
80000,IT_TELECOM,2026-05,9990.0
80000,IT_TELECOM,2026-06,9990.0
80000,IT_TELECOM,2026-07,9990.0
80000,IT_TELECOM,2026-08,9990.0
80000,LODGING,2025-07,17320.0
80000,LODGING,2025-08,17320.0
80000,LODGING,2025-09,17320.0
80000,LODGING,2025-10,17320.0
80000,LODGING,2025-11,17320.0
80000,LODGING,2025-12,17320.0
80000,LODGING,2026-01,17320.0
80000,LODGING,2026-02,17320.0
80000,LODGING,2026-03,17320.0
80000,LODGING,2026-04,17320.0
80000,LODGING,2026-05,17320.0
80000,LODGING,2026-06,17320.0
80000,LODGING,2026-07,17320.0
80000,LODGING,2026-08,17320.0
80000,MEDICAL_LAB,2025-07,1970.0
80000,MEDICAL_LAB,2025-08,1970.0
80000,MEDICAL_LAB,2025-09,1970.0
80000,MEDICAL_LAB,2025-10,1970.0
80000,MEDICAL_LAB,2025-11,1970.0
80000,MEDICAL_LAB,2025-12,1970.0
80000,MEDICAL_LAB,2026-01,1970.0
80000,MEDICAL_LAB,2026-02,1970.0
80000,MEDICAL_LAB,2026-03,1970.0
80000,MEDICAL_LAB,2026-04,1970.0
80000,MEDICAL_LAB,2026-05,1970.0
80000,MEDICAL_LAB,2026-06,1970.0
80000,MEDICAL_LAB,2026-07,1970.0
80000,MEDICAL_LAB,2026-08,1970.0
80000,OFFICE_PRINT,2025-07,24610.0
80000,OFFICE_PRINT,2025-08,24610.0
80000,OFFICE_PRINT,2025-09,24610.0
80000,OFFICE_PRINT,2025-10,24610.0
80000,OFFICE_PRINT,2025-11,24610.0
80000,OFFICE_PRINT,2025-12,24610.0
80000,OFFICE_PRINT,2026-01,24610.0
80000,OFFICE_PRINT,2026-02,24610.0
80000,OFFICE_PRINT,2026-03,24610.0
80000,OFFICE_PRINT,2026-04,24610.0
80000,OFFICE_PRINT,2026-05,24610.0
80000,OFFICE_PRINT,2026-06,24610.0
80000,OFFICE_PRINT,2026-07,24610.0
80000,OFFICE_PRINT,2026-08,24610.0
80000,PROF_SERVICES,2025-07,8000.0
80000,PROF_SERVICES,2025-08,8000.0
80000,PROF_SERVICES,2025-09,8000.0
80000,PROF_SERVICES,2025-10,8000.0
80000,PROF_SERVICES,2025-11,8000.0
80000,PROF_SERVICES,2025-12,8000.0
80000,PROF_SERVICES,2026-01,8000.0
80000,PROF_SERVICES,2026-02,8000.0
80000,PROF_SERVICES,2026-03,8000.0
80000,PROF_SERVICES,2026-04,8000.0
80000,PROF_SERVICES,2026-05,8000.0
80000,PROF_SERVICES,2026-06,8000.0
80000,PROF_SERVICES,2026-07,8000.0
80000,PROF_SERVICES,2026-08,8000.0
80000,RETAIL_GENERAL,2025-07,14720.0
80000,RETAIL_GENERAL,2025-08,14720.0
80000,RETAIL_GENERAL,2025-09,14720.0
80000,RETAIL_GENERAL,2025-10,14720.0
80000,RETAIL_GENERAL,2025-11,14720.0
80000,RETAIL_GENERAL,2025-12,14720.0
80000,RETAIL_GENERAL,2026-01,14720.0
80000,RETAIL_GENERAL,2026-02,14720.0
80000,RETAIL_GENERAL,2026-03,14720.0
80000,RETAIL_GENERAL,2026-04,14720.0
80000,RETAIL_GENERAL,2026-05,14720.0
80000,RETAIL_GENERAL,2026-06,14720.0
80000,RETAIL_GENERAL,2026-07,14720.0
80000,RETAIL_GENERAL,2026-08,14720.0
80000,UTILITIES,2025-07,23390.0
80000,UTILITIES,2025-08,23390.0
80000,UTILITIES,2025-09,23390.0
80000,UTILITIES,2025-10,23390.0
80000,UTILITIES,2025-11,23390.0
80000,UTILITIES,2025-12,23390.0
80000,UTILITIES,2026-01,23390.0
80000,UTILITIES,2026-02,23390.0
80000,UTILITIES,2026-03,23390.0
80000,UTILITIES,2026-04,23390.0
80000,UTILITIES,2026-05,23390.0
80000,UTILITIES,2026-06,23390.0
80000,UTILITIES,2026-07,23390.0
80000,UTILITIES,2026-08,23390.0
80000,VEHICLE_FUEL,2025-07,660.0
80000,VEHICLE_FUEL,2025-08,660.0
80000,VEHICLE_FUEL,2025-09,660.0
80000,VEHICLE_FUEL,2025-10,660.0
80000,VEHICLE_FUEL,2025-11,660.0
80000,VEHICLE_FUEL,2025-12,660.0
80000,VEHICLE_FUEL,2026-01,660.0
80000,VEHICLE_FUEL,2026-02,660.0
80000,VEHICLE_FUEL,2026-03,660.0
80000,VEHICLE_FUEL,2026-04,660.0
80000,VEHICLE_FUEL,2026-05,660.0
80000,VEHICLE_FUEL,2026-06,660.0
80000,VEHICLE_FUEL,2026-07,660.0
80000,VEHICLE_FUEL,2026-08,660.0
80300,FEES_EDU_EVENTS,2025-07,1540.0
80300,FEES_EDU_EVENTS,2025-08,1540.0
80300,FEES_EDU_EVENTS,2025-09,1540.0
80300,FEES_EDU_EVENTS,2025-10,1540.0
80300,FEES_EDU_EVENTS,2025-11,1540.0
80300,FEES_EDU_EVENTS,2025-12,1540.0
80300,FEES_EDU_EVENTS,2026-01,1540.0
80300,FEES_EDU_EVENTS,2026-02,1540.0
80300,FEES_EDU_EVENTS,2026-03,1540.0
80300,FEES_EDU_EVENTS,2026-04,1540.0
80300,FEES_EDU_EVENTS,2026-05,1540.0
80300,FEES_EDU_EVENTS,2026-06,1540.0
80300,FEES_EDU_EVENTS,2026-07,1540.0
80300,FEES_EDU_EVENTS,2026-08,1540.0
80300,OFFICE_PRINT,2025-07,1040.0
80300,OFFICE_PRINT,2025-08,1040.0
80300,OFFICE_PRINT,2025-09,1040.0
80300,OFFICE_PRINT,2025-10,1040.0
80300,OFFICE_PRINT,2025-11,1040.0
80300,OFFICE_PRINT,2025-12,1040.0
80300,OFFICE_PRINT,2026-01,1040.0
80300,OFFICE_PRINT,2026-02,1040.0
80300,OFFICE_PRINT,2026-03,1040.0
80300,OFFICE_PRINT,2026-04,1040.0
80300,OFFICE_PRINT,2026-05,1040.0
80300,OFFICE_PRINT,2026-06,1040.0
80300,OFFICE_PRINT,2026-07,1040.0
80300,OFFICE_PRINT,2026-08,1040.0
80500,AGRI_ANIMAL,2025-07,2400.0
80500,AGRI_ANIMAL,2025-08,2400.0
80500,AGRI_ANIMAL,2025-09,2400.0
80500,AGRI_ANIMAL,2025-10,2400.0
80500,AGRI_ANIMAL,2025-11,2400.0
80500,AGRI_ANIMAL,2025-12,2400.0
80500,AGRI_ANIMAL,2026-01,2400.0
80500,AGRI_ANIMAL,2026-02,2400.0
80500,AGRI_ANIMAL,2026-03,2400.0
80500,AGRI_ANIMAL,2026-04,2400.0
80500,AGRI_ANIMAL,2026-05,2400.0
80500,AGRI_ANIMAL,2026-06,2400.0
80500,AGRI_ANIMAL,2026-07,2400.0
80500,AGRI_ANIMAL,2026-08,2400.0
80500,AIR_TRAVEL,2025-07,17700.0
80500,AIR_TRAVEL,2025-08,17700.0
80500,AIR_TRAVEL,2025-09,17700.0
80500,AIR_TRAVEL,2025-10,17700.0
80500,AIR_TRAVEL,2025-11,17700.0
80500,AIR_TRAVEL,2025-12,17700.0
80500,AIR_TRAVEL,2026-01,17700.0
80500,AIR_TRAVEL,2026-02,17700.0
80500,AIR_TRAVEL,2026-03,17700.0
80500,AIR_TRAVEL,2026-04,17700.0
80500,AIR_TRAVEL,2026-05,17700.0
80500,AIR_TRAVEL,2026-06,17700.0
80500,AIR_TRAVEL,2026-07,17700.0
80500,AIR_TRAVEL,2026-08,17700.0
80500,APPAREL_SPORTS,2025-07,1710.0
80500,APPAREL_SPORTS,2025-08,1710.0
80500,APPAREL_SPORTS,2025-09,1710.0
80500,APPAREL_SPORTS,2025-10,1710.0
80500,APPAREL_SPORTS,2025-11,1710.0
80500,APPAREL_SPORTS,2025-12,1710.0
80500,APPAREL_SPORTS,2026-01,1710.0
80500,APPAREL_SPORTS,2026-02,1710.0
80500,APPAREL_SPORTS,2026-03,1710.0
80500,APPAREL_SPORTS,2026-04,1710.0
80500,APPAREL_SPORTS,2026-05,1710.0
80500,APPAREL_SPORTS,2026-06,1710.0
80500,APPAREL_SPORTS,2026-07,1710.0
80500,APPAREL_SPORTS,2026-08,1710.0
80500,FACILITIES_MRO,2025-07,70820.0
80500,FACILITIES_MRO,2025-08,70820.0
80500,FACILITIES_MRO,2025-09,70820.0
80500,FACILITIES_MRO,2025-10,70820.0
80500,FACILITIES_MRO,2025-11,70820.0
80500,FACILITIES_MRO,2025-12,70820.0
80500,FACILITIES_MRO,2026-01,70820.0
80500,FACILITIES_MRO,2026-02,70820.0
80500,FACILITIES_MRO,2026-03,70820.0
80500,FACILITIES_MRO,2026-04,70820.0
80500,FACILITIES_MRO,2026-05,70820.0
80500,FACILITIES_MRO,2026-06,70820.0
80500,FACILITIES_MRO,2026-07,70820.0
80500,FACILITIES_MRO,2026-08,70820.0
80500,FEES_EDU_EVENTS,2025-07,47390.0
80500,FEES_EDU_EVENTS,2025-08,47390.0
80500,FEES_EDU_EVENTS,2025-09,47390.0
80500,FEES_EDU_EVENTS,2025-10,47390.0
80500,FEES_EDU_EVENTS,2025-11,47390.0
80500,FEES_EDU_EVENTS,2025-12,47390.0
80500,FEES_EDU_EVENTS,2026-01,47390.0
80500,FEES_EDU_EVENTS,2026-02,47390.0
80500,FEES_EDU_EVENTS,2026-03,47390.0
80500,FEES_EDU_EVENTS,2026-04,47390.0
80500,FEES_EDU_EVENTS,2026-05,47390.0
80500,FEES_EDU_EVENTS,2026-06,47390.0
80500,FEES_EDU_EVENTS,2026-07,47390.0
80500,FEES_EDU_EVENTS,2026-08,47390.0
80500,FOOD,2025-07,1040.0
80500,FOOD,2025-08,1040.0
80500,FOOD,2025-09,1040.0
80500,FOOD,2025-10,1040.0
80500,FOOD,2025-11,1040.0
80500,FOOD,2025-12,1040.0
80500,FOOD,2026-01,1040.0
80500,FOOD,2026-02,1040.0
80500,FOOD,2026-03,1040.0
80500,FOOD,2026-04,1040.0
80500,FOOD,2026-05,1040.0
80500,FOOD,2026-06,1040.0
80500,FOOD,2026-07,1040.0
80500,FOOD,2026-08,1040.0
80500,GROUND_TRANSPORT,2025-07,4290.0
80500,GROUND_TRANSPORT,2025-08,4290.0
80500,GROUND_TRANSPORT,2025-09,4290.0
80500,GROUND_TRANSPORT,2025-10,4290.0
80500,GROUND_TRANSPORT,2025-11,4290.0
80500,GROUND_TRANSPORT,2025-12,4290.0
80500,GROUND_TRANSPORT,2026-01,4290.0
80500,GROUND_TRANSPORT,2026-02,4290.0
80500,GROUND_TRANSPORT,2026-03,4290.0
80500,GROUND_TRANSPORT,2026-04,4290.0
80500,GROUND_TRANSPORT,2026-05,4290.0
80500,GROUND_TRANSPORT,2026-06,4290.0
80500,GROUND_TRANSPORT,2026-07,4290.0
80500,GROUND_TRANSPORT,2026-08,4290.0
80500,IT_TELECOM,2025-07,28570.0
80500,IT_TELECOM,2025-08,28570.0
80500,IT_TELECOM,2025-09,28570.0
80500,IT_TELECOM,2025-10,28570.0
80500,IT_TELECOM,2025-11,28570.0
80500,IT_TELECOM,2025-12,28570.0
80500,IT_TELECOM,2026-01,28570.0
80500,IT_TELECOM,2026-02,28570.0
80500,IT_TELECOM,2026-03,28570.0
80500,IT_TELECOM,2026-04,28570.0
80500,IT_TELECOM,2026-05,28570.0
80500,IT_TELECOM,2026-06,28570.0
80500,IT_TELECOM,2026-07,28570.0
80500,IT_TELECOM,2026-08,28570.0
80500,LODGING,2025-07,42390.0
80500,LODGING,2025-08,42390.0
80500,LODGING,2025-09,42390.0
80500,LODGING,2025-10,42390.0
80500,LODGING,2025-11,42390.0
80500,LODGING,2025-12,42390.0
80500,LODGING,2026-01,42390.0
80500,LODGING,2026-02,42390.0
80500,LODGING,2026-03,42390.0
80500,LODGING,2026-04,42390.0
80500,LODGING,2026-05,42390.0
80500,LODGING,2026-06,42390.0
80500,LODGING,2026-07,42390.0
80500,LODGING,2026-08,42390.0
80500,MEDICAL_LAB,2025-07,5990.0
80500,MEDICAL_LAB,2025-08,5990.0
80500,MEDICAL_LAB,2025-09,5990.0
80500,MEDICAL_LAB,2025-10,5990.0
80500,MEDICAL_LAB,2025-11,5990.0
80500,MEDICAL_LAB,2025-12,5990.0
80500,MEDICAL_LAB,2026-01,5990.0
80500,MEDICAL_LAB,2026-02,5990.0
80500,MEDICAL_LAB,2026-03,5990.0
80500,MEDICAL_LAB,2026-04,5990.0
80500,MEDICAL_LAB,2026-05,5990.0
80500,MEDICAL_LAB,2026-06,5990.0
80500,MEDICAL_LAB,2026-07,5990.0
80500,MEDICAL_LAB,2026-08,5990.0
80500,OFFICE_PRINT,2025-07,21940.0
80500,OFFICE_PRINT,2025-08,21940.0
80500,OFFICE_PRINT,2025-09,21940.0
80500,OFFICE_PRINT,2025-10,21940.0
80500,OFFICE_PRINT,2025-11,21940.0
80500,OFFICE_PRINT,2025-12,21940.0
80500,OFFICE_PRINT,2026-01,21940.0
80500,OFFICE_PRINT,2026-02,21940.0
80500,OFFICE_PRINT,2026-03,21940.0
80500,OFFICE_PRINT,2026-04,21940.0
80500,OFFICE_PRINT,2026-05,21940.0
80500,OFFICE_PRINT,2026-06,21940.0
80500,OFFICE_PRINT,2026-07,21940.0
80500,OFFICE_PRINT,2026-08,21940.0
80500,PROF_SERVICES,2025-07,46570.0
80500,PROF_SERVICES,2025-08,46570.0
80500,PROF_SERVICES,2025-09,46570.0
80500,PROF_SERVICES,2025-10,46570.0
80500,PROF_SERVICES,2025-11,46570.0
80500,PROF_SERVICES,2025-12,46570.0
80500,PROF_SERVICES,2026-01,46570.0
80500,PROF_SERVICES,2026-02,46570.0
80500,PROF_SERVICES,2026-03,46570.0
80500,PROF_SERVICES,2026-04,46570.0
80500,PROF_SERVICES,2026-05,46570.0
80500,PROF_SERVICES,2026-06,46570.0
80500,PROF_SERVICES,2026-07,46570.0
80500,PROF_SERVICES,2026-08,46570.0
80500,RETAIL_GENERAL,2025-07,73160.0
80500,RETAIL_GENERAL,2025-08,73160.0
80500,RETAIL_GENERAL,2025-09,73160.0
80500,RETAIL_GENERAL,2025-10,73160.0
80500,RETAIL_GENERAL,2025-11,73160.0
80500,RETAIL_GENERAL,2025-12,73160.0
80500,RETAIL_GENERAL,2026-01,73160.0
80500,RETAIL_GENERAL,2026-02,73160.0
80500,RETAIL_GENERAL,2026-03,73160.0
80500,RETAIL_GENERAL,2026-04,73160.0
80500,RETAIL_GENERAL,2026-05,73160.0
80500,RETAIL_GENERAL,2026-06,73160.0
80500,RETAIL_GENERAL,2026-07,73160.0
80500,RETAIL_GENERAL,2026-08,73160.0
80500,UTILITIES,2025-07,2630.0
80500,UTILITIES,2025-08,2630.0
80500,UTILITIES,2025-09,2630.0
80500,UTILITIES,2025-10,2630.0
80500,UTILITIES,2025-11,2630.0
80500,UTILITIES,2025-12,2630.0
80500,UTILITIES,2026-01,2630.0
80500,UTILITIES,2026-02,2630.0
80500,UTILITIES,2026-03,2630.0
80500,UTILITIES,2026-04,2630.0
80500,UTILITIES,2026-05,2630.0
80500,UTILITIES,2026-06,2630.0
80500,UTILITIES,2026-07,2630.0
80500,UTILITIES,2026-08,2630.0
80500,VEHICLE_FUEL,2025-07,1810.0
80500,VEHICLE_FUEL,2025-08,1810.0
80500,VEHICLE_FUEL,2025-09,1810.0
80500,VEHICLE_FUEL,2025-10,1810.0
80500,VEHICLE_FUEL,2025-11,1810.0
80500,VEHICLE_FUEL,2025-12,1810.0
80500,VEHICLE_FUEL,2026-01,1810.0
80500,VEHICLE_FUEL,2026-02,1810.0
80500,VEHICLE_FUEL,2026-03,1810.0
80500,VEHICLE_FUEL,2026-04,1810.0
80500,VEHICLE_FUEL,2026-05,1810.0
80500,VEHICLE_FUEL,2026-06,1810.0
80500,VEHICLE_FUEL,2026-07,1810.0
80500,VEHICLE_FUEL,2026-08,1810.0
80700,AIR_TRAVEL,2025-07,3120.0
80700,AIR_TRAVEL,2025-08,3120.0
80700,AIR_TRAVEL,2025-09,3120.0
80700,AIR_TRAVEL,2025-10,3120.0
80700,AIR_TRAVEL,2025-11,3120.0
80700,AIR_TRAVEL,2025-12,3120.0
80700,AIR_TRAVEL,2026-01,3120.0
80700,AIR_TRAVEL,2026-02,3120.0
80700,AIR_TRAVEL,2026-03,3120.0
80700,AIR_TRAVEL,2026-04,3120.0
80700,AIR_TRAVEL,2026-05,3120.0
80700,AIR_TRAVEL,2026-06,3120.0
80700,AIR_TRAVEL,2026-07,3120.0
80700,AIR_TRAVEL,2026-08,3120.0
80700,FEES_EDU_EVENTS,2025-07,6010.0
80700,FEES_EDU_EVENTS,2025-08,6010.0
80700,FEES_EDU_EVENTS,2025-09,6010.0
80700,FEES_EDU_EVENTS,2025-10,6010.0
80700,FEES_EDU_EVENTS,2025-11,6010.0
80700,FEES_EDU_EVENTS,2025-12,6010.0
80700,FEES_EDU_EVENTS,2026-01,6010.0
80700,FEES_EDU_EVENTS,2026-02,6010.0
80700,FEES_EDU_EVENTS,2026-03,6010.0
80700,FEES_EDU_EVENTS,2026-04,6010.0
80700,FEES_EDU_EVENTS,2026-05,6010.0
80700,FEES_EDU_EVENTS,2026-06,6010.0
80700,FEES_EDU_EVENTS,2026-07,6010.0
80700,FEES_EDU_EVENTS,2026-08,6010.0
80700,IT_TELECOM,2025-07,12340.0
80700,IT_TELECOM,2025-08,12340.0
80700,IT_TELECOM,2025-09,12340.0
80700,IT_TELECOM,2025-10,12340.0
80700,IT_TELECOM,2025-11,12340.0
80700,IT_TELECOM,2025-12,12340.0
80700,IT_TELECOM,2026-01,12340.0
80700,IT_TELECOM,2026-02,12340.0
80700,IT_TELECOM,2026-03,12340.0
80700,IT_TELECOM,2026-04,12340.0
80700,IT_TELECOM,2026-05,12340.0
80700,IT_TELECOM,2026-06,12340.0
80700,IT_TELECOM,2026-07,12340.0
80700,IT_TELECOM,2026-08,12340.0
80700,LODGING,2025-07,2550.0
80700,LODGING,2025-08,2550.0
80700,LODGING,2025-09,2550.0
80700,LODGING,2025-10,2550.0
80700,LODGING,2025-11,2550.0
80700,LODGING,2025-12,2550.0
80700,LODGING,2026-01,2550.0
80700,LODGING,2026-02,2550.0
80700,LODGING,2026-03,2550.0
80700,LODGING,2026-04,2550.0
80700,LODGING,2026-05,2550.0
80700,LODGING,2026-06,2550.0
80700,LODGING,2026-07,2550.0
80700,LODGING,2026-08,2550.0
80700,OFFICE_PRINT,2025-07,3240.0
80700,OFFICE_PRINT,2025-08,3240.0
80700,OFFICE_PRINT,2025-09,3240.0
80700,OFFICE_PRINT,2025-10,3240.0
80700,OFFICE_PRINT,2025-11,3240.0
80700,OFFICE_PRINT,2025-12,3240.0
80700,OFFICE_PRINT,2026-01,3240.0
80700,OFFICE_PRINT,2026-02,3240.0
80700,OFFICE_PRINT,2026-03,3240.0
80700,OFFICE_PRINT,2026-04,3240.0
80700,OFFICE_PRINT,2026-05,3240.0
80700,OFFICE_PRINT,2026-06,3240.0
80700,OFFICE_PRINT,2026-07,3240.0
80700,OFFICE_PRINT,2026-08,3240.0
80700,PROF_SERVICES,2025-07,13920.0
80700,PROF_SERVICES,2025-08,13920.0
80700,PROF_SERVICES,2025-09,13920.0
80700,PROF_SERVICES,2025-10,13920.0
80700,PROF_SERVICES,2025-11,13920.0
80700,PROF_SERVICES,2025-12,13920.0
80700,PROF_SERVICES,2026-01,13920.0
80700,PROF_SERVICES,2026-02,13920.0
80700,PROF_SERVICES,2026-03,13920.0
80700,PROF_SERVICES,2026-04,13920.0
80700,PROF_SERVICES,2026-05,13920.0
80700,PROF_SERVICES,2026-06,13920.0
80700,PROF_SERVICES,2026-07,13920.0
80700,PROF_SERVICES,2026-08,13920.0
80700,RETAIL_GENERAL,2025-07,1960.0
80700,RETAIL_GENERAL,2025-08,1960.0
80700,RETAIL_GENERAL,2025-09,1960.0
80700,RETAIL_GENERAL,2025-10,1960.0
80700,RETAIL_GENERAL,2025-11,1960.0
80700,RETAIL_GENERAL,2025-12,1960.0
80700,RETAIL_GENERAL,2026-01,1960.0
80700,RETAIL_GENERAL,2026-02,1960.0
80700,RETAIL_GENERAL,2026-03,1960.0
80700,RETAIL_GENERAL,2026-04,1960.0
80700,RETAIL_GENERAL,2026-05,1960.0
80700,RETAIL_GENERAL,2026-06,1960.0
80700,RETAIL_GENERAL,2026-07,1960.0
80700,RETAIL_GENERAL,2026-08,1960.0
80700,UTILITIES,2025-07,3160.0
80700,UTILITIES,2025-08,3160.0
80700,UTILITIES,2025-09,3160.0
80700,UTILITIES,2025-10,3160.0
80700,UTILITIES,2025-11,3160.0
80700,UTILITIES,2025-12,3160.0
80700,UTILITIES,2026-01,3160.0
80700,UTILITIES,2026-02,3160.0
80700,UTILITIES,2026-03,3160.0
80700,UTILITIES,2026-04,3160.0
80700,UTILITIES,2026-05,3160.0
80700,UTILITIES,2026-06,3160.0
80700,UTILITIES,2026-07,3160.0
80700,UTILITIES,2026-08,3160.0
83000,AIR_TRAVEL,2025-07,12940.0
83000,AIR_TRAVEL,2025-08,12940.0
83000,AIR_TRAVEL,2025-09,12940.0
83000,AIR_TRAVEL,2025-10,12940.0
83000,AIR_TRAVEL,2025-11,12940.0
83000,AIR_TRAVEL,2025-12,12940.0
83000,AIR_TRAVEL,2026-01,12940.0
83000,AIR_TRAVEL,2026-02,12940.0
83000,AIR_TRAVEL,2026-03,12940.0
83000,AIR_TRAVEL,2026-04,12940.0
83000,AIR_TRAVEL,2026-05,12940.0
83000,AIR_TRAVEL,2026-06,12940.0
83000,AIR_TRAVEL,2026-07,12940.0
83000,AIR_TRAVEL,2026-08,12940.0
83000,FACILITIES_MRO,2025-07,94150.0
83000,FACILITIES_MRO,2025-08,94150.0
83000,FACILITIES_MRO,2025-09,94150.0
83000,FACILITIES_MRO,2025-10,94150.0
83000,FACILITIES_MRO,2025-11,94150.0
83000,FACILITIES_MRO,2025-12,94150.0
83000,FACILITIES_MRO,2026-01,94150.0
83000,FACILITIES_MRO,2026-02,94150.0
83000,FACILITIES_MRO,2026-03,94150.0
83000,FACILITIES_MRO,2026-04,94150.0
83000,FACILITIES_MRO,2026-05,94150.0
83000,FACILITIES_MRO,2026-06,94150.0
83000,FACILITIES_MRO,2026-07,94150.0
83000,FACILITIES_MRO,2026-08,94150.0
83000,FEES_EDU_EVENTS,2025-07,26420.0
83000,FEES_EDU_EVENTS,2025-08,26420.0
83000,FEES_EDU_EVENTS,2025-09,26420.0
83000,FEES_EDU_EVENTS,2025-10,26420.0
83000,FEES_EDU_EVENTS,2025-11,26420.0
83000,FEES_EDU_EVENTS,2025-12,26420.0
83000,FEES_EDU_EVENTS,2026-01,26420.0
83000,FEES_EDU_EVENTS,2026-02,26420.0
83000,FEES_EDU_EVENTS,2026-03,26420.0
83000,FEES_EDU_EVENTS,2026-04,26420.0
83000,FEES_EDU_EVENTS,2026-05,26420.0
83000,FEES_EDU_EVENTS,2026-06,26420.0
83000,FEES_EDU_EVENTS,2026-07,26420.0
83000,FEES_EDU_EVENTS,2026-08,26420.0
83000,GROUND_TRANSPORT,2025-07,570.0
83000,GROUND_TRANSPORT,2025-08,570.0
83000,GROUND_TRANSPORT,2025-09,570.0
83000,GROUND_TRANSPORT,2025-10,570.0
83000,GROUND_TRANSPORT,2025-11,570.0
83000,GROUND_TRANSPORT,2025-12,570.0
83000,GROUND_TRANSPORT,2026-01,570.0
83000,GROUND_TRANSPORT,2026-02,570.0
83000,GROUND_TRANSPORT,2026-03,570.0
83000,GROUND_TRANSPORT,2026-04,570.0
83000,GROUND_TRANSPORT,2026-05,570.0
83000,GROUND_TRANSPORT,2026-06,570.0
83000,GROUND_TRANSPORT,2026-07,570.0
83000,GROUND_TRANSPORT,2026-08,570.0
83000,IT_TELECOM,2025-07,3040.0
83000,IT_TELECOM,2025-08,3040.0
83000,IT_TELECOM,2025-09,3040.0
83000,IT_TELECOM,2025-10,3040.0
83000,IT_TELECOM,2025-11,3040.0
83000,IT_TELECOM,2025-12,3040.0
83000,IT_TELECOM,2026-01,3040.0
83000,IT_TELECOM,2026-02,3040.0
83000,IT_TELECOM,2026-03,3040.0
83000,IT_TELECOM,2026-04,3040.0
83000,IT_TELECOM,2026-05,3040.0
83000,IT_TELECOM,2026-06,3040.0
83000,IT_TELECOM,2026-07,3040.0
83000,IT_TELECOM,2026-08,3040.0
83000,LODGING,2025-07,32530.0
83000,LODGING,2025-08,32530.0
83000,LODGING,2025-09,32530.0
83000,LODGING,2025-10,32530.0
83000,LODGING,2025-11,32530.0
83000,LODGING,2025-12,32530.0
83000,LODGING,2026-01,32530.0
83000,LODGING,2026-02,32530.0
83000,LODGING,2026-03,32530.0
83000,LODGING,2026-04,32530.0
83000,LODGING,2026-05,32530.0
83000,LODGING,2026-06,32530.0
83000,LODGING,2026-07,32530.0
83000,LODGING,2026-08,32530.0
83000,OFFICE_PRINT,2025-07,19150.0
83000,OFFICE_PRINT,2025-08,19150.0
83000,OFFICE_PRINT,2025-09,19150.0
83000,OFFICE_PRINT,2025-10,19150.0
83000,OFFICE_PRINT,2025-11,19150.0
83000,OFFICE_PRINT,2025-12,19150.0
83000,OFFICE_PRINT,2026-01,19150.0
83000,OFFICE_PRINT,2026-02,19150.0
83000,OFFICE_PRINT,2026-03,19150.0
83000,OFFICE_PRINT,2026-04,19150.0
83000,OFFICE_PRINT,2026-05,19150.0
83000,OFFICE_PRINT,2026-06,19150.0
83000,OFFICE_PRINT,2026-07,19150.0
83000,OFFICE_PRINT,2026-08,19150.0
83000,PROF_SERVICES,2025-07,8430.0
83000,PROF_SERVICES,2025-08,8430.0
83000,PROF_SERVICES,2025-09,8430.0
83000,PROF_SERVICES,2025-10,8430.0
83000,PROF_SERVICES,2025-11,8430.0
83000,PROF_SERVICES,2025-12,8430.0
83000,PROF_SERVICES,2026-01,8430.0
83000,PROF_SERVICES,2026-02,8430.0
83000,PROF_SERVICES,2026-03,8430.0
83000,PROF_SERVICES,2026-04,8430.0
83000,PROF_SERVICES,2026-05,8430.0
83000,PROF_SERVICES,2026-06,8430.0
83000,PROF_SERVICES,2026-07,8430.0
83000,PROF_SERVICES,2026-08,8430.0
83000,RETAIL_GENERAL,2025-07,34790.0
83000,RETAIL_GENERAL,2025-08,34790.0
83000,RETAIL_GENERAL,2025-09,34790.0
83000,RETAIL_GENERAL,2025-10,34790.0
83000,RETAIL_GENERAL,2025-11,34790.0
83000,RETAIL_GENERAL,2025-12,34790.0
83000,RETAIL_GENERAL,2026-01,34790.0
83000,RETAIL_GENERAL,2026-02,34790.0
83000,RETAIL_GENERAL,2026-03,34790.0
83000,RETAIL_GENERAL,2026-04,34790.0
83000,RETAIL_GENERAL,2026-05,34790.0
83000,RETAIL_GENERAL,2026-06,34790.0
83000,RETAIL_GENERAL,2026-07,34790.0
83000,RETAIL_GENERAL,2026-08,34790.0
83000,UTILITIES,2025-07,1390.0
83000,UTILITIES,2025-08,1390.0
83000,UTILITIES,2025-09,1390.0
83000,UTILITIES,2025-10,1390.0
83000,UTILITIES,2025-11,1390.0
83000,UTILITIES,2025-12,1390.0
83000,UTILITIES,2026-01,1390.0
83000,UTILITIES,2026-02,1390.0
83000,UTILITIES,2026-03,1390.0
83000,UTILITIES,2026-04,1390.0
83000,UTILITIES,2026-05,1390.0
83000,UTILITIES,2026-06,1390.0
83000,UTILITIES,2026-07,1390.0
83000,UTILITIES,2026-08,1390.0
83000,VEHICLE_FUEL,2025-07,9680.0
83000,VEHICLE_FUEL,2025-08,9680.0
83000,VEHICLE_FUEL,2025-09,9680.0
83000,VEHICLE_FUEL,2025-10,9680.0
83000,VEHICLE_FUEL,2025-11,9680.0
83000,VEHICLE_FUEL,2025-12,9680.0
83000,VEHICLE_FUEL,2026-01,9680.0
83000,VEHICLE_FUEL,2026-02,9680.0
83000,VEHICLE_FUEL,2026-03,9680.0
83000,VEHICLE_FUEL,2026-04,9680.0
83000,VEHICLE_FUEL,2026-05,9680.0
83000,VEHICLE_FUEL,2026-06,9680.0
83000,VEHICLE_FUEL,2026-07,9680.0
83000,VEHICLE_FUEL,2026-08,9680.0
83500,AIR_TRAVEL,2025-07,3550.0
83500,AIR_TRAVEL,2025-08,3550.0
83500,AIR_TRAVEL,2025-09,3550.0
83500,AIR_TRAVEL,2025-10,3550.0
83500,AIR_TRAVEL,2025-11,3550.0
83500,AIR_TRAVEL,2025-12,3550.0
83500,AIR_TRAVEL,2026-01,3550.0
83500,AIR_TRAVEL,2026-02,3550.0
83500,AIR_TRAVEL,2026-03,3550.0
83500,AIR_TRAVEL,2026-04,3550.0
83500,AIR_TRAVEL,2026-05,3550.0
83500,AIR_TRAVEL,2026-06,3550.0
83500,AIR_TRAVEL,2026-07,3550.0
83500,AIR_TRAVEL,2026-08,3550.0
83500,FACILITIES_MRO,2025-07,8500.0
83500,FACILITIES_MRO,2025-08,8500.0
83500,FACILITIES_MRO,2025-09,8500.0
83500,FACILITIES_MRO,2025-10,8500.0
83500,FACILITIES_MRO,2025-11,8500.0
83500,FACILITIES_MRO,2025-12,8500.0
83500,FACILITIES_MRO,2026-01,8500.0
83500,FACILITIES_MRO,2026-02,8500.0
83500,FACILITIES_MRO,2026-03,8500.0
83500,FACILITIES_MRO,2026-04,8500.0
83500,FACILITIES_MRO,2026-05,8500.0
83500,FACILITIES_MRO,2026-06,8500.0
83500,FACILITIES_MRO,2026-07,8500.0
83500,FACILITIES_MRO,2026-08,8500.0
83500,FEES_EDU_EVENTS,2025-07,8980.0
83500,FEES_EDU_EVENTS,2025-08,8980.0
83500,FEES_EDU_EVENTS,2025-09,8980.0
83500,FEES_EDU_EVENTS,2025-10,8980.0
83500,FEES_EDU_EVENTS,2025-11,8980.0
83500,FEES_EDU_EVENTS,2025-12,8980.0
83500,FEES_EDU_EVENTS,2026-01,8980.0
83500,FEES_EDU_EVENTS,2026-02,8980.0
83500,FEES_EDU_EVENTS,2026-03,8980.0
83500,FEES_EDU_EVENTS,2026-04,8980.0
83500,FEES_EDU_EVENTS,2026-05,8980.0
83500,FEES_EDU_EVENTS,2026-06,8980.0
83500,FEES_EDU_EVENTS,2026-07,8980.0
83500,FEES_EDU_EVENTS,2026-08,8980.0
83500,FOOD,2025-07,670.0
83500,FOOD,2025-08,670.0
83500,FOOD,2025-09,670.0
83500,FOOD,2025-10,670.0
83500,FOOD,2025-11,670.0
83500,FOOD,2025-12,670.0
83500,FOOD,2026-01,670.0
83500,FOOD,2026-02,670.0
83500,FOOD,2026-03,670.0
83500,FOOD,2026-04,670.0
83500,FOOD,2026-05,670.0
83500,FOOD,2026-06,670.0
83500,FOOD,2026-07,670.0
83500,FOOD,2026-08,670.0
83500,IT_TELECOM,2025-07,5710.0
83500,IT_TELECOM,2025-08,5710.0
83500,IT_TELECOM,2025-09,5710.0
83500,IT_TELECOM,2025-10,5710.0
83500,IT_TELECOM,2025-11,5710.0
83500,IT_TELECOM,2025-12,5710.0
83500,IT_TELECOM,2026-01,5710.0
83500,IT_TELECOM,2026-02,5710.0
83500,IT_TELECOM,2026-03,5710.0
83500,IT_TELECOM,2026-04,5710.0
83500,IT_TELECOM,2026-05,5710.0
83500,IT_TELECOM,2026-06,5710.0
83500,IT_TELECOM,2026-07,5710.0
83500,IT_TELECOM,2026-08,5710.0
83500,LODGING,2025-07,9460.0
83500,LODGING,2025-08,9460.0
83500,LODGING,2025-09,9460.0
83500,LODGING,2025-10,9460.0
83500,LODGING,2025-11,9460.0
83500,LODGING,2025-12,9460.0
83500,LODGING,2026-01,9460.0
83500,LODGING,2026-02,9460.0
83500,LODGING,2026-03,9460.0
83500,LODGING,2026-04,9460.0
83500,LODGING,2026-05,9460.0
83500,LODGING,2026-06,9460.0
83500,LODGING,2026-07,9460.0
83500,LODGING,2026-08,9460.0
83500,OFFICE_PRINT,2025-07,3750.0
83500,OFFICE_PRINT,2025-08,3750.0
83500,OFFICE_PRINT,2025-09,3750.0
83500,OFFICE_PRINT,2025-10,3750.0
83500,OFFICE_PRINT,2025-11,3750.0
83500,OFFICE_PRINT,2025-12,3750.0
83500,OFFICE_PRINT,2026-01,3750.0
83500,OFFICE_PRINT,2026-02,3750.0
83500,OFFICE_PRINT,2026-03,3750.0
83500,OFFICE_PRINT,2026-04,3750.0
83500,OFFICE_PRINT,2026-05,3750.0
83500,OFFICE_PRINT,2026-06,3750.0
83500,OFFICE_PRINT,2026-07,3750.0
83500,OFFICE_PRINT,2026-08,3750.0
83500,PROF_SERVICES,2025-07,7030.0
83500,PROF_SERVICES,2025-08,7030.0
83500,PROF_SERVICES,2025-09,7030.0
83500,PROF_SERVICES,2025-10,7030.0
83500,PROF_SERVICES,2025-11,7030.0
83500,PROF_SERVICES,2025-12,7030.0
83500,PROF_SERVICES,2026-01,7030.0
83500,PROF_SERVICES,2026-02,7030.0
83500,PROF_SERVICES,2026-03,7030.0
83500,PROF_SERVICES,2026-04,7030.0
83500,PROF_SERVICES,2026-05,7030.0
83500,PROF_SERVICES,2026-06,7030.0
83500,PROF_SERVICES,2026-07,7030.0
83500,PROF_SERVICES,2026-08,7030.0
83500,RETAIL_GENERAL,2025-07,5290.0
83500,RETAIL_GENERAL,2025-08,5290.0
83500,RETAIL_GENERAL,2025-09,5290.0
83500,RETAIL_GENERAL,2025-10,5290.0
83500,RETAIL_GENERAL,2025-11,5290.0
83500,RETAIL_GENERAL,2025-12,5290.0
83500,RETAIL_GENERAL,2026-01,5290.0
83500,RETAIL_GENERAL,2026-02,5290.0
83500,RETAIL_GENERAL,2026-03,5290.0
83500,RETAIL_GENERAL,2026-04,5290.0
83500,RETAIL_GENERAL,2026-05,5290.0
83500,RETAIL_GENERAL,2026-06,5290.0
83500,RETAIL_GENERAL,2026-07,5290.0
83500,RETAIL_GENERAL,2026-08,5290.0
83500,VEHICLE_FUEL,2025-07,1480.0
83500,VEHICLE_FUEL,2025-08,1480.0
83500,VEHICLE_FUEL,2025-09,1480.0
83500,VEHICLE_FUEL,2025-10,1480.0
83500,VEHICLE_FUEL,2025-11,1480.0
83500,VEHICLE_FUEL,2025-12,1480.0
83500,VEHICLE_FUEL,2026-01,1480.0
83500,VEHICLE_FUEL,2026-02,1480.0
83500,VEHICLE_FUEL,2026-03,1480.0
83500,VEHICLE_FUEL,2026-04,1480.0
83500,VEHICLE_FUEL,2026-05,1480.0
83500,VEHICLE_FUEL,2026-06,1480.0
83500,VEHICLE_FUEL,2026-07,1480.0
83500,VEHICLE_FUEL,2026-08,1480.0
84000,RETAIL_GENERAL,2025-07,1070.0
84000,RETAIL_GENERAL,2025-08,1070.0
84000,RETAIL_GENERAL,2025-09,1070.0
84000,RETAIL_GENERAL,2025-10,1070.0
84000,RETAIL_GENERAL,2025-11,1070.0
84000,RETAIL_GENERAL,2025-12,1070.0
84000,RETAIL_GENERAL,2026-01,1070.0
84000,RETAIL_GENERAL,2026-02,1070.0
84000,RETAIL_GENERAL,2026-03,1070.0
84000,RETAIL_GENERAL,2026-04,1070.0
84000,RETAIL_GENERAL,2026-05,1070.0
84000,RETAIL_GENERAL,2026-06,1070.0
84000,RETAIL_GENERAL,2026-07,1070.0
84000,RETAIL_GENERAL,2026-08,1070.0
86500,AIR_TRAVEL,2025-07,1890.0
86500,AIR_TRAVEL,2025-08,1890.0
86500,AIR_TRAVEL,2025-09,1890.0
86500,AIR_TRAVEL,2025-10,1890.0
86500,AIR_TRAVEL,2025-11,1890.0
86500,AIR_TRAVEL,2025-12,1890.0
86500,AIR_TRAVEL,2026-01,1890.0
86500,AIR_TRAVEL,2026-02,1890.0
86500,AIR_TRAVEL,2026-03,1890.0
86500,AIR_TRAVEL,2026-04,1890.0
86500,AIR_TRAVEL,2026-05,1890.0
86500,AIR_TRAVEL,2026-06,1890.0
86500,AIR_TRAVEL,2026-07,1890.0
86500,AIR_TRAVEL,2026-08,1890.0
86500,FEES_EDU_EVENTS,2025-07,2870.0
86500,FEES_EDU_EVENTS,2025-08,2870.0
86500,FEES_EDU_EVENTS,2025-09,2870.0
86500,FEES_EDU_EVENTS,2025-10,2870.0
86500,FEES_EDU_EVENTS,2025-11,2870.0
86500,FEES_EDU_EVENTS,2025-12,2870.0
86500,FEES_EDU_EVENTS,2026-01,2870.0
86500,FEES_EDU_EVENTS,2026-02,2870.0
86500,FEES_EDU_EVENTS,2026-03,2870.0
86500,FEES_EDU_EVENTS,2026-04,2870.0
86500,FEES_EDU_EVENTS,2026-05,2870.0
86500,FEES_EDU_EVENTS,2026-06,2870.0
86500,FEES_EDU_EVENTS,2026-07,2870.0
86500,FEES_EDU_EVENTS,2026-08,2870.0
86500,LODGING,2025-07,2700.0
86500,LODGING,2025-08,2700.0
86500,LODGING,2025-09,2700.0
86500,LODGING,2025-10,2700.0
86500,LODGING,2025-11,2700.0
86500,LODGING,2025-12,2700.0
86500,LODGING,2026-01,2700.0
86500,LODGING,2026-02,2700.0
86500,LODGING,2026-03,2700.0
86500,LODGING,2026-04,2700.0
86500,LODGING,2026-05,2700.0
86500,LODGING,2026-06,2700.0
86500,LODGING,2026-07,2700.0
86500,LODGING,2026-08,2700.0
86500,OFFICE_PRINT,2025-07,310.0
86500,OFFICE_PRINT,2025-08,310.0
86500,OFFICE_PRINT,2025-09,310.0
86500,OFFICE_PRINT,2025-10,310.0
86500,OFFICE_PRINT,2025-11,310.0
86500,OFFICE_PRINT,2025-12,310.0
86500,OFFICE_PRINT,2026-01,310.0
86500,OFFICE_PRINT,2026-02,310.0
86500,OFFICE_PRINT,2026-03,310.0
86500,OFFICE_PRINT,2026-04,310.0
86500,OFFICE_PRINT,2026-05,310.0
86500,OFFICE_PRINT,2026-06,310.0
86500,OFFICE_PRINT,2026-07,310.0
86500,OFFICE_PRINT,2026-08,310.0
86500,RETAIL_GENERAL,2025-07,680.0
86500,RETAIL_GENERAL,2025-08,680.0
86500,RETAIL_GENERAL,2025-09,680.0
86500,RETAIL_GENERAL,2025-10,680.0
86500,RETAIL_GENERAL,2025-11,680.0
86500,RETAIL_GENERAL,2025-12,680.0
86500,RETAIL_GENERAL,2026-01,680.0
86500,RETAIL_GENERAL,2026-02,680.0
86500,RETAIL_GENERAL,2026-03,680.0
86500,RETAIL_GENERAL,2026-04,680.0
86500,RETAIL_GENERAL,2026-05,680.0
86500,RETAIL_GENERAL,2026-06,680.0
86500,RETAIL_GENERAL,2026-07,680.0
86500,RETAIL_GENERAL,2026-08,680.0
92200,AGRI_ANIMAL,2025-07,2030.0
92200,AGRI_ANIMAL,2025-08,2030.0
92200,AGRI_ANIMAL,2025-09,2030.0
92200,AGRI_ANIMAL,2025-10,2030.0
92200,AGRI_ANIMAL,2025-11,2030.0
92200,AGRI_ANIMAL,2025-12,2030.0
92200,AGRI_ANIMAL,2026-01,2030.0
92200,AGRI_ANIMAL,2026-02,2030.0
92200,AGRI_ANIMAL,2026-03,2030.0
92200,AGRI_ANIMAL,2026-04,2030.0
92200,AGRI_ANIMAL,2026-05,2030.0
92200,AGRI_ANIMAL,2026-06,2030.0
92200,AGRI_ANIMAL,2026-07,2030.0
92200,AGRI_ANIMAL,2026-08,2030.0
92200,AIR_TRAVEL,2025-07,1340.0
92200,AIR_TRAVEL,2025-08,1340.0
92200,AIR_TRAVEL,2025-09,1340.0
92200,AIR_TRAVEL,2025-10,1340.0
92200,AIR_TRAVEL,2025-11,1340.0
92200,AIR_TRAVEL,2025-12,1340.0
92200,AIR_TRAVEL,2026-01,1340.0
92200,AIR_TRAVEL,2026-02,1340.0
92200,AIR_TRAVEL,2026-03,1340.0
92200,AIR_TRAVEL,2026-04,1340.0
92200,AIR_TRAVEL,2026-05,1340.0
92200,AIR_TRAVEL,2026-06,1340.0
92200,AIR_TRAVEL,2026-07,1340.0
92200,AIR_TRAVEL,2026-08,1340.0
92200,FACILITIES_MRO,2025-07,8010.0
92200,FACILITIES_MRO,2025-08,8010.0
92200,FACILITIES_MRO,2025-09,8010.0
92200,FACILITIES_MRO,2025-10,8010.0
92200,FACILITIES_MRO,2025-11,8010.0
92200,FACILITIES_MRO,2025-12,8010.0
92200,FACILITIES_MRO,2026-01,8010.0
92200,FACILITIES_MRO,2026-02,8010.0
92200,FACILITIES_MRO,2026-03,8010.0
92200,FACILITIES_MRO,2026-04,8010.0
92200,FACILITIES_MRO,2026-05,8010.0
92200,FACILITIES_MRO,2026-06,8010.0
92200,FACILITIES_MRO,2026-07,8010.0
92200,FACILITIES_MRO,2026-08,8010.0
92200,FEES_EDU_EVENTS,2025-07,5980.0
92200,FEES_EDU_EVENTS,2025-08,5980.0
92200,FEES_EDU_EVENTS,2025-09,5980.0
92200,FEES_EDU_EVENTS,2025-10,5980.0
92200,FEES_EDU_EVENTS,2025-11,5980.0
92200,FEES_EDU_EVENTS,2025-12,5980.0
92200,FEES_EDU_EVENTS,2026-01,5980.0
92200,FEES_EDU_EVENTS,2026-02,5980.0
92200,FEES_EDU_EVENTS,2026-03,5980.0
92200,FEES_EDU_EVENTS,2026-04,5980.0
92200,FEES_EDU_EVENTS,2026-05,5980.0
92200,FEES_EDU_EVENTS,2026-06,5980.0
92200,FEES_EDU_EVENTS,2026-07,5980.0
92200,FEES_EDU_EVENTS,2026-08,5980.0
92200,FOOD,2025-07,470.0
92200,FOOD,2025-08,470.0
92200,FOOD,2025-09,470.0
92200,FOOD,2025-10,470.0
92200,FOOD,2025-11,470.0
92200,FOOD,2025-12,470.0
92200,FOOD,2026-01,470.0
92200,FOOD,2026-02,470.0
92200,FOOD,2026-03,470.0
92200,FOOD,2026-04,470.0
92200,FOOD,2026-05,470.0
92200,FOOD,2026-06,470.0
92200,FOOD,2026-07,470.0
92200,FOOD,2026-08,470.0
92200,GROUND_TRANSPORT,2025-07,60.0
92200,GROUND_TRANSPORT,2025-08,60.0
92200,GROUND_TRANSPORT,2025-09,60.0
92200,GROUND_TRANSPORT,2025-10,60.0
92200,GROUND_TRANSPORT,2025-11,60.0
92200,GROUND_TRANSPORT,2025-12,60.0
92200,GROUND_TRANSPORT,2026-01,60.0
92200,GROUND_TRANSPORT,2026-02,60.0
92200,GROUND_TRANSPORT,2026-03,60.0
92200,GROUND_TRANSPORT,2026-04,60.0
92200,GROUND_TRANSPORT,2026-05,60.0
92200,GROUND_TRANSPORT,2026-06,60.0
92200,GROUND_TRANSPORT,2026-07,60.0
92200,GROUND_TRANSPORT,2026-08,60.0
92200,IT_TELECOM,2025-07,17560.0
92200,IT_TELECOM,2025-08,17560.0
92200,IT_TELECOM,2025-09,17560.0
92200,IT_TELECOM,2025-10,17560.0
92200,IT_TELECOM,2025-11,17560.0
92200,IT_TELECOM,2025-12,17560.0
92200,IT_TELECOM,2026-01,17560.0
92200,IT_TELECOM,2026-02,17560.0
92200,IT_TELECOM,2026-03,17560.0
92200,IT_TELECOM,2026-04,17560.0
92200,IT_TELECOM,2026-05,17560.0
92200,IT_TELECOM,2026-06,17560.0
92200,IT_TELECOM,2026-07,17560.0
92200,IT_TELECOM,2026-08,17560.0
92200,LODGING,2025-07,4610.0
92200,LODGING,2025-08,4610.0
92200,LODGING,2025-09,4610.0
92200,LODGING,2025-10,4610.0
92200,LODGING,2025-11,4610.0
92200,LODGING,2025-12,4610.0
92200,LODGING,2026-01,4610.0
92200,LODGING,2026-02,4610.0
92200,LODGING,2026-03,4610.0
92200,LODGING,2026-04,4610.0
92200,LODGING,2026-05,4610.0
92200,LODGING,2026-06,4610.0
92200,LODGING,2026-07,4610.0
92200,LODGING,2026-08,4610.0
92200,MEDICAL_LAB,2025-07,480.0
92200,MEDICAL_LAB,2025-08,480.0
92200,MEDICAL_LAB,2025-09,480.0
92200,MEDICAL_LAB,2025-10,480.0
92200,MEDICAL_LAB,2025-11,480.0
92200,MEDICAL_LAB,2025-12,480.0
92200,MEDICAL_LAB,2026-01,480.0
92200,MEDICAL_LAB,2026-02,480.0
92200,MEDICAL_LAB,2026-03,480.0
92200,MEDICAL_LAB,2026-04,480.0
92200,MEDICAL_LAB,2026-05,480.0
92200,MEDICAL_LAB,2026-06,480.0
92200,MEDICAL_LAB,2026-07,480.0
92200,MEDICAL_LAB,2026-08,480.0
92200,OFFICE_PRINT,2025-07,2100.0
92200,OFFICE_PRINT,2025-08,2100.0
92200,OFFICE_PRINT,2025-09,2100.0
92200,OFFICE_PRINT,2025-10,2100.0
92200,OFFICE_PRINT,2025-11,2100.0
92200,OFFICE_PRINT,2025-12,2100.0
92200,OFFICE_PRINT,2026-01,2100.0
92200,OFFICE_PRINT,2026-02,2100.0
92200,OFFICE_PRINT,2026-03,2100.0
92200,OFFICE_PRINT,2026-04,2100.0
92200,OFFICE_PRINT,2026-05,2100.0
92200,OFFICE_PRINT,2026-06,2100.0
92200,OFFICE_PRINT,2026-07,2100.0
92200,OFFICE_PRINT,2026-08,2100.0
92200,PROF_SERVICES,2025-07,16870.0
92200,PROF_SERVICES,2025-08,16870.0
92200,PROF_SERVICES,2025-09,16870.0
92200,PROF_SERVICES,2025-10,16870.0
92200,PROF_SERVICES,2025-11,16870.0
92200,PROF_SERVICES,2025-12,16870.0
92200,PROF_SERVICES,2026-01,16870.0
92200,PROF_SERVICES,2026-02,16870.0
92200,PROF_SERVICES,2026-03,16870.0
92200,PROF_SERVICES,2026-04,16870.0
92200,PROF_SERVICES,2026-05,16870.0
92200,PROF_SERVICES,2026-06,16870.0
92200,PROF_SERVICES,2026-07,16870.0
92200,PROF_SERVICES,2026-08,16870.0
92200,RETAIL_GENERAL,2025-07,2270.0
92200,RETAIL_GENERAL,2025-08,2270.0
92200,RETAIL_GENERAL,2025-09,2270.0
92200,RETAIL_GENERAL,2025-10,2270.0
92200,RETAIL_GENERAL,2025-11,2270.0
92200,RETAIL_GENERAL,2025-12,2270.0
92200,RETAIL_GENERAL,2026-01,2270.0
92200,RETAIL_GENERAL,2026-02,2270.0
92200,RETAIL_GENERAL,2026-03,2270.0
92200,RETAIL_GENERAL,2026-04,2270.0
92200,RETAIL_GENERAL,2026-05,2270.0
92200,RETAIL_GENERAL,2026-06,2270.0
92200,RETAIL_GENERAL,2026-07,2270.0
92200,RETAIL_GENERAL,2026-08,2270.0
92200,UTILITIES,2025-07,290.0
92200,UTILITIES,2025-08,290.0
92200,UTILITIES,2025-09,290.0
92200,UTILITIES,2025-10,290.0
92200,UTILITIES,2025-11,290.0
92200,UTILITIES,2025-12,290.0
92200,UTILITIES,2026-01,290.0
92200,UTILITIES,2026-02,290.0
92200,UTILITIES,2026-03,290.0
92200,UTILITIES,2026-04,290.0
92200,UTILITIES,2026-05,290.0
92200,UTILITIES,2026-06,290.0
92200,UTILITIES,2026-07,290.0
92200,UTILITIES,2026-08,290.0
98000,AGRI_ANIMAL,2025-07,7370.0
98000,AGRI_ANIMAL,2025-08,7370.0
98000,AGRI_ANIMAL,2025-09,7370.0
98000,AGRI_ANIMAL,2025-10,7370.0
98000,AGRI_ANIMAL,2025-11,7370.0
98000,AGRI_ANIMAL,2025-12,7370.0
98000,AGRI_ANIMAL,2026-01,7370.0
98000,AGRI_ANIMAL,2026-02,7370.0
98000,AGRI_ANIMAL,2026-03,7370.0
98000,AGRI_ANIMAL,2026-04,7370.0
98000,AGRI_ANIMAL,2026-05,7370.0
98000,AGRI_ANIMAL,2026-06,7370.0
98000,AGRI_ANIMAL,2026-07,7370.0
98000,AGRI_ANIMAL,2026-08,7370.0
98000,APPAREL_SPORTS,2025-07,37880.0
98000,APPAREL_SPORTS,2025-08,37880.0
98000,APPAREL_SPORTS,2025-09,37880.0
98000,APPAREL_SPORTS,2025-10,37880.0
98000,APPAREL_SPORTS,2025-11,37880.0
98000,APPAREL_SPORTS,2025-12,37880.0
98000,APPAREL_SPORTS,2026-01,37880.0
98000,APPAREL_SPORTS,2026-02,37880.0
98000,APPAREL_SPORTS,2026-03,37880.0
98000,APPAREL_SPORTS,2026-04,37880.0
98000,APPAREL_SPORTS,2026-05,37880.0
98000,APPAREL_SPORTS,2026-06,37880.0
98000,APPAREL_SPORTS,2026-07,37880.0
98000,APPAREL_SPORTS,2026-08,37880.0
98000,FACILITIES_MRO,2025-07,570460.0
98000,FACILITIES_MRO,2025-08,570460.0
98000,FACILITIES_MRO,2025-09,570460.0
98000,FACILITIES_MRO,2025-10,570460.0
98000,FACILITIES_MRO,2025-11,570460.0
98000,FACILITIES_MRO,2025-12,570460.0
98000,FACILITIES_MRO,2026-01,570460.0
98000,FACILITIES_MRO,2026-02,570460.0
98000,FACILITIES_MRO,2026-03,570460.0
98000,FACILITIES_MRO,2026-04,570460.0
98000,FACILITIES_MRO,2026-05,570460.0
98000,FACILITIES_MRO,2026-06,570460.0
98000,FACILITIES_MRO,2026-07,570460.0
98000,FACILITIES_MRO,2026-08,570460.0
98000,FEES_EDU_EVENTS,2025-07,12160.0
98000,FEES_EDU_EVENTS,2025-08,12160.0
98000,FEES_EDU_EVENTS,2025-09,12160.0
98000,FEES_EDU_EVENTS,2025-10,12160.0
98000,FEES_EDU_EVENTS,2025-11,12160.0
98000,FEES_EDU_EVENTS,2025-12,12160.0
98000,FEES_EDU_EVENTS,2026-01,12160.0
98000,FEES_EDU_EVENTS,2026-02,12160.0
98000,FEES_EDU_EVENTS,2026-03,12160.0
98000,FEES_EDU_EVENTS,2026-04,12160.0
98000,FEES_EDU_EVENTS,2026-05,12160.0
98000,FEES_EDU_EVENTS,2026-06,12160.0
98000,FEES_EDU_EVENTS,2026-07,12160.0
98000,FEES_EDU_EVENTS,2026-08,12160.0
98000,FOOD,2025-07,840.0
98000,FOOD,2025-08,840.0
98000,FOOD,2025-09,840.0
98000,FOOD,2025-10,840.0
98000,FOOD,2025-11,840.0
98000,FOOD,2025-12,840.0
98000,FOOD,2026-01,840.0
98000,FOOD,2026-02,840.0
98000,FOOD,2026-03,840.0
98000,FOOD,2026-04,840.0
98000,FOOD,2026-05,840.0
98000,FOOD,2026-06,840.0
98000,FOOD,2026-07,840.0
98000,FOOD,2026-08,840.0
98000,IT_TELECOM,2025-07,55820.0
98000,IT_TELECOM,2025-08,55820.0
98000,IT_TELECOM,2025-09,55820.0
98000,IT_TELECOM,2025-10,55820.0
98000,IT_TELECOM,2025-11,55820.0
98000,IT_TELECOM,2025-12,55820.0
98000,IT_TELECOM,2026-01,55820.0
98000,IT_TELECOM,2026-02,55820.0
98000,IT_TELECOM,2026-03,55820.0
98000,IT_TELECOM,2026-04,55820.0
98000,IT_TELECOM,2026-05,55820.0
98000,IT_TELECOM,2026-06,55820.0
98000,IT_TELECOM,2026-07,55820.0
98000,IT_TELECOM,2026-08,55820.0
98000,MEDICAL_LAB,2025-07,37570.0
98000,MEDICAL_LAB,2025-08,37570.0
98000,MEDICAL_LAB,2025-09,37570.0
98000,MEDICAL_LAB,2025-10,37570.0
98000,MEDICAL_LAB,2025-11,37570.0
98000,MEDICAL_LAB,2025-12,37570.0
98000,MEDICAL_LAB,2026-01,37570.0
98000,MEDICAL_LAB,2026-02,37570.0
98000,MEDICAL_LAB,2026-03,37570.0
98000,MEDICAL_LAB,2026-04,37570.0
98000,MEDICAL_LAB,2026-05,37570.0
98000,MEDICAL_LAB,2026-06,37570.0
98000,MEDICAL_LAB,2026-07,37570.0
98000,MEDICAL_LAB,2026-08,37570.0
98000,OFFICE_PRINT,2025-07,3960.0
98000,OFFICE_PRINT,2025-08,3960.0
98000,OFFICE_PRINT,2025-09,3960.0
98000,OFFICE_PRINT,2025-10,3960.0
98000,OFFICE_PRINT,2025-11,3960.0
98000,OFFICE_PRINT,2025-12,3960.0
98000,OFFICE_PRINT,2026-01,3960.0
98000,OFFICE_PRINT,2026-02,3960.0
98000,OFFICE_PRINT,2026-03,3960.0
98000,OFFICE_PRINT,2026-04,3960.0
98000,OFFICE_PRINT,2026-05,3960.0
98000,OFFICE_PRINT,2026-06,3960.0
98000,OFFICE_PRINT,2026-07,3960.0
98000,OFFICE_PRINT,2026-08,3960.0
98000,PROF_SERVICES,2025-07,73660.0
98000,PROF_SERVICES,2025-08,73660.0
98000,PROF_SERVICES,2025-09,73660.0
98000,PROF_SERVICES,2025-10,73660.0
98000,PROF_SERVICES,2025-11,73660.0
98000,PROF_SERVICES,2025-12,73660.0
98000,PROF_SERVICES,2026-01,73660.0
98000,PROF_SERVICES,2026-02,73660.0
98000,PROF_SERVICES,2026-03,73660.0
98000,PROF_SERVICES,2026-04,73660.0
98000,PROF_SERVICES,2026-05,73660.0
98000,PROF_SERVICES,2026-06,73660.0
98000,PROF_SERVICES,2026-07,73660.0
98000,PROF_SERVICES,2026-08,73660.0
98000,RETAIL_GENERAL,2025-07,51680.0
98000,RETAIL_GENERAL,2025-08,51680.0
98000,RETAIL_GENERAL,2025-09,51680.0
98000,RETAIL_GENERAL,2025-10,51680.0
98000,RETAIL_GENERAL,2025-11,51680.0
98000,RETAIL_GENERAL,2025-12,51680.0
98000,RETAIL_GENERAL,2026-01,51680.0
98000,RETAIL_GENERAL,2026-02,51680.0
98000,RETAIL_GENERAL,2026-03,51680.0
98000,RETAIL_GENERAL,2026-04,51680.0
98000,RETAIL_GENERAL,2026-05,51680.0
98000,RETAIL_GENERAL,2026-06,51680.0
98000,RETAIL_GENERAL,2026-07,51680.0
98000,RETAIL_GENERAL,2026-08,51680.0
98000,UTILITIES,2025-07,7990.0
98000,UTILITIES,2025-08,7990.0
98000,UTILITIES,2025-09,7990.0
98000,UTILITIES,2025-10,7990.0
98000,UTILITIES,2025-11,7990.0
98000,UTILITIES,2025-12,7990.0
98000,UTILITIES,2026-01,7990.0
98000,UTILITIES,2026-02,7990.0
98000,UTILITIES,2026-03,7990.0
98000,UTILITIES,2026-04,7990.0
98000,UTILITIES,2026-05,7990.0
98000,UTILITIES,2026-06,7990.0
98000,UTILITIES,2026-07,7990.0
98000,UTILITIES,2026-08,7990.0
98000,VEHICLE_FUEL,2025-07,78730.0
98000,VEHICLE_FUEL,2025-08,78730.0
98000,VEHICLE_FUEL,2025-09,78730.0
98000,VEHICLE_FUEL,2025-10,78730.0
98000,VEHICLE_FUEL,2025-11,78730.0
98000,VEHICLE_FUEL,2025-12,78730.0
98000,VEHICLE_FUEL,2026-01,78730.0
98000,VEHICLE_FUEL,2026-02,78730.0
98000,VEHICLE_FUEL,2026-03,78730.0
98000,VEHICLE_FUEL,2026-04,78730.0
98000,VEHICLE_FUEL,2026-05,78730.0
98000,VEHICLE_FUEL,2026-06,78730.0
98000,VEHICLE_FUEL,2026-07,78730.0
98000,VEHICLE_FUEL,2026-08,78730.0
